Claim_ID,Product_ID,Product_Category,Brand,Model_Number,Serial_Number,Purchase_Date,Purchase_Price,Retailer,Warranty_Duration_Months,Warranty_Start_Date,Warranty_Expiry_Date,Claim_Submission_Date,Product_Age_Months,Fault_Occurrence_Date,Fault_Type,Fault_Description,Damage_Type,Warranty_Status,Fault_Coverage,Purchase_Proof,Warranty_Card,Product_Image,Serial_Number_Evidence,Fault_Evidence,Repair_Report,Missing_Document_Count,Previous_Repair_Count,Last_Repair_Date,Repair_Center,Repair_Authorization,Replaced_Parts,Serial_Number_Match,Model_Match,Duplicate_Claim_Indicator,Contradiction_Indicator,Claim_Reporting_Within_Period,Extended_Warranty,Excluded_Damage,Claimant_Details_Complete,Supporting_Evidence_Complete,Claim_Complexity,Risk_Level,Scenario_Type,Class_Label
CLM-0001,PRD-0001,Smartphone,Samsung,Galaxy A55,SN13999315,2023-01-26,125000,TechWorld,12,2023-01-26,2024-01-21,2023-06-25,5,2023-06-17,Battery swelling,Battery swelling; synthetic claim scenario: complete evidence.,Mechanical,Active,Covered,Available,Available,Available,Available,Available,Available,0,0,,,Not Applicable,None,Match,Match,No,No,Within Period,No,No,Yes,Yes,Normal,Low,Complete evidence,Valid Claim
CLM-0002,PRD-0002,Refrigerator,Haier,HRF-758,SN31429110,2024-06-01,180000,City Appliances,24,2024-06-01,2026-05-22,2026-01-22,20,2026-01-21,Cooling failure,Cooling failure; synthetic claim scenario: active warranty.,Physical,Active,Covered,Available,Available,Available,Available,Available,Available,0,1,2025-10-01,Authorized Service Center B,Authorized,Screen,Match,Match,No,No,Within Period,No,No,Yes,Yes,Low,Low,Active warranty,Valid Claim
CLM-0003,PRD-0003,Television,LG,OLED55,SN45503389,2023-08-09,210000,TechWorld,24,2023-08-09,2025-07-29,2024-07-04,11,2024-06-30,Remote receiver failure,Remote receiver failure; synthetic claim scenario: active warranty.,Normal Wear,Active,Covered,Available,Available,Available,Available,Available,Available,0,0,,,Not Applicable,None,Match,Match,No,No,Within Period,No,No,Yes,Yes,Low,Low,Active warranty,Valid Claim
CLM-0004,PRD-0004,Microwave,Samsung,MS23,SN48840994,2024-07-03,45000,TechWorld,12,2024-07-03,2025-06-28,2024-09-01,2,2024-08-19,Turntable failure,Turntable failure; synthetic claim scenario: normal.,Mechanical,Active,Covered,Available,Available,Available,Available,Available,Available,0,1,2024-06-26,Authorized Service Center B,Authorized,None,Match,Match,No,No,Within Period,No,No,Yes,Yes,Normal,Low,Normal,Valid Claim
CLM-0005,PRD-0005,Printer,HP,LaserJet M404,SN91756179,2023-10-12,72000,Mega Electronics,12,2023-10-12,2024-10-06,2024-06-08,8,2024-05-27,Paper feed failure,Paper feed failure; synthetic claim scenario: active warranty.,Water/Liquid,Active,Covered,Available,Available,Available,Available,Available,Available,0,0,,,Not Applicable,None,Match,Match,No,No,Within Period,Yes,No,Yes,Yes,Normal,Low,Active warranty,Valid Claim
CLM-0006,PRD-0006,Refrigerator,Haier,HRF-758,SN52339391,2023-06-17,180000,City Appliances,24,2023-06-17,2025-06-06,2024-09-09,15,2024-08-27,Cooling failure,Cooling failure; synthetic claim scenario: covered fault.,Physical,Active,Covered,Available,Available,Available,Available,Available,Not Required,0,1,2024-05-14,Authorized Service Center A,Authorized,None,Match,Match,No,No,Within Period,Yes,No,Yes,Yes,Normal,Low,Covered fault,Valid Claim
CLM-0007,PRD-0007,Refrigerator,Haier,HRF-758,SN43101783,2024-08-03,180000,Smart Mart,24,2024-08-03,2026-07-24,2025-06-29,11,2025-06-22,Compressor issue,Compressor issue; synthetic claim scenario: active warranty.,Water/Liquid,Active,Covered,Available,Available,Available,Available,Available,Not Required,0,0,,,Not Applicable,None,Match,Match,No,No,Within Period,Yes,No,Yes,Yes,Normal,Low,Active warranty,Valid Claim
CLM-0008,PRD-0008,Washing Machine,Dawlance,DWT-1167,SN16323852,2025-02-03,135000,TechWorld,24,2025-02-03,2027-01-24,2026-08-27,19,2026-08-13,Drainage failure,Drainage failure; synthetic claim scenario: complete evidence.,Mechanical,Active,Covered,Available,Available,Available,Available,Available,Not Required,0,0,,,Not Applicable,None,Match,Match,No,No,Within Period,No,No,Yes,Yes,Normal,Low,Complete evidence,Valid Claim
CLM-0009,PRD-0009,Television,LG,OLED55,SN11540956,2025-03-22,210000,TechWorld,24,2025-03-22,2027-03-12,2027-01-11,22,2026-12-28,Remote receiver failure,Remote receiver failure; synthetic claim scenario: active warranty.,Normal Wear,Active,Covered,Available,Available,Available,Available,Available,Available,0,0,,,Not Applicable,None,Match,Match,No,No,Within Period,Yes,No,Yes,Yes,Low,Low,Active warranty,Valid Claim
CLM-0010,PRD-0010,Washing Machine,Dawlance,DWT-1167,SN45351479,2025-02-26,135000,Smart Mart,24,2025-02-26,2027-02-16,2026-11-18,21,2026-11-07,Drainage failure,Drainage failure; synthetic claim scenario: complete evidence.,Mechanical,Active,Covered,Available,Available,Available,Available,Available,Available,0,0,,,Not Applicable,None,Match,Match,No,No,Within Period,Yes,No,Yes,Yes,Normal,Low,Complete evidence,Valid Claim
CLM-0011,PRD-0011,Smartphone,Samsung,Galaxy A55,SN53507489,2025-06-10,125000,City Appliances,12,2025-06-10,2026-06-05,2025-11-07,5,2025-10-21,Speaker failure,Speaker failure; synthetic claim scenario: normal.,Electrical,Active,Covered,Available,Available,Available,Available,Available,Available,0,0,,,Not Applicable,None,Match,Match,No,No,Within Period,Yes,No,Yes,Yes,Normal,Low,Normal,Valid Claim
CLM-0012,PRD-0012,Smartphone,Samsung,Galaxy A55,SN81498611,2024-01-07,125000,Mega Electronics,12,2024-01-07,2025-01-01,2024-06-05,5,2024-05-28,Battery swelling,Battery swelling; synthetic claim scenario: complete evidence.,Mechanical,Active,Covered,Available,Available,Available,Available,Available,Available,0,0,,,Not Applicable,None,Match,Match,No,No,Within Period,No,No,Yes,Yes,Normal,Low,Complete evidence,Valid Claim
CLM-0013,PRD-0013,Microwave,Samsung,MS23,SN68800797,2024-07-16,45000,Smart Mart,12,2024-07-16,2025-07-11,2024-10-14,3,2024-10-05,Door switch failure,Door switch failure; synthetic claim scenario: complete evidence.,Software/Firmware,Active,Covered,Available,Available,Available,Available,Available,Not Required,0,0,,,Not Applicable,None,Match,Match,No,No,Within Period,No,No,Yes,Yes,Low,Low,Complete evidence,Valid Claim
CLM-0014,PRD-0014,Smartphone,Samsung,Galaxy A55,SN94705205,2023-09-11,125000,TechWorld,12,2023-09-11,2024-09-05,2024-01-09,4,2024-01-06,Battery swelling,Battery swelling; synthetic claim scenario: normal.,Mechanical,Active,Covered,Available,Available,Available,Available,Available,Not Required,0,0,,,Not Applicable,None,Match,Match,No,No,Within Period,No,No,Yes,Yes,Normal,Low,Normal,Valid Claim
CLM-0015,PRD-0015,Smartphone,Samsung,Galaxy A55,SN87337818,2023-02-02,125000,City Appliances,12,2023-02-02,2024-01-28,2023-08-01,6,2023-07-29,Speaker failure,Speaker failure; synthetic claim scenario: covered fault.,Mechanical,Active,Covered,Available,Available,Available,Available,Available,Available,0,0,,,Not Applicable,None,Match,Match,No,No,Within Period,Yes,No,Yes,Yes,Normal,Low,Covered fault,Valid Claim
CLM-0016,PRD-0016,Microwave,Samsung,MS23,SN72682989,2025-04-06,45000,TechWorld,12,2025-04-06,2026-04-01,2025-11-02,7,2025-10-26,Control panel issue,Control panel issue; synthetic claim scenario: complete evidence.,Normal Wear,Active,Covered,Available,Available,Available,Available,Available,Available,0,0,,,Not Applicable,None,Match,Match,No,No,Within Period,Yes,No,Yes,Yes,Low,Low,Complete evidence,Valid Claim
CLM-0017,PRD-0017,Smartphone,Samsung,Galaxy A55,SN66623995,2023-03-04,125000,Mega Electronics,12,2023-03-04,2024-02-27,2023-09-30,7,2023-09-19,Screen failure,Screen failure; synthetic claim scenario: complete evidence.,Physical,Active,Covered,Available,Available,Available,Available,Available,Available,0,0,,,Not Applicable,None,Match,Match,No,No,Within Period,No,No,Yes,Yes,Normal,Low,Complete evidence,Valid Claim
CLM-0018,PRD-0018,Microwave,Samsung,MS23,SN64547971,2023-09-13,45000,City Appliances,12,2023-09-13,2024-09-07,2023-11-12,2,2023-10-28,Turntable failure,Turntable failure; synthetic claim scenario: covered fault.,Software/Firmware,Active,Covered,Available,Available,Available,Available,Available,Available,0,0,,,Not Applicable,None,Match,Match,No,No,Within Period,No,No,Yes,Yes,Normal,Low,Covered fault,Valid Claim
CLM-0019,PRD-0019,Refrigerator,Haier,HRF-758,SN48285503,2025-06-04,180000,City Appliances,24,2025-06-04,2027-05-25,2026-06-29,13,2026-06-27,Thermostat failure,Thermostat failure; synthetic claim scenario: active warranty.,Normal Wear,Active,Covered,Available,Available,Available,Available,Available,Available,0,0,,,Not Applicable,None,Match,Match,No,No,Within Period,No,No,Yes,Yes,Low,Low,Active warranty,Valid Claim
CLM-0020,PRD-0020,Microwave,Samsung,MS23,SN88406989,2023-06-08,45000,City Appliances,12,2023-06-08,2024-06-02,2023-10-06,4,2023-09-26,Heating failure,Heating failure; synthetic claim scenario: normal.,Water/Liquid,Active,Covered,Available,Available,Available,Available,Available,Available,0,0,,,Not Applicable,None,Match,Match,No,No,Within Period,No,No,Yes,Yes,Low,Low,Normal,Valid Claim
CLM-0021,PRD-0021,Television,LG,OLED55,SN86460539,2023-02-28,210000,Mega Electronics,24,2023-02-28,2025-02-17,2024-07-22,17,2024-07-19,No display,No display; synthetic claim scenario: complete evidence.,Water/Liquid,Active,Covered,Available,Available,Available,Available,Available,Available,0,0,,,Not Applicable,None,Match,Match,No,No,Within Period,No,No,Yes,Yes,Normal,Low,Complete evidence,Valid Claim
CLM-0022,PRD-0022,Laptop,Dell,Inspiron 15,SN63121477,2024-09-26,85000,Mega Electronics,12,2024-09-26,2025-09-21,2024-11-25,2,2024-11-11,Keyboard failure,Keyboard failure; synthetic claim scenario: covered fault.,Normal Wear,Active,Covered,Available,Available,Available,Available,Available,Not Required,0,0,,,Not Applicable,None,Match,Match,No,No,Within Period,No,No,Yes,Yes,Low,Low,Covered fault,Valid Claim
CLM-0023,PRD-0023,Washing Machine,Dawlance,DWT-1167,SN27778019,2024-04-13,135000,Digital Hub,24,2024-04-13,2026-04-03,2025-03-09,11,2025-03-06,Water leakage,Water leakage; synthetic claim scenario: covered fault.,Electrical,Active,Covered,Available,Available,Available,Available,Available,Available,0,0,,,Not Applicable,None,Match,Match,No,No,Within Period,No,No,Yes,Yes,Normal,Low,Covered fault,Valid Claim
CLM-0024,PRD-0024,Refrigerator,Haier,HRF-758,SN45496015,2024-01-14,180000,TechWorld,24,2024-01-14,2026-01-03,2024-11-09,10,2024-11-03,Compressor issue,Compressor issue; synthetic claim scenario: normal.,Electrical,Active,Covered,Available,Available,Available,Available,Available,Not Required,0,1,2024-07-12,Authorized Service Center B,Authorized,Control Board,Match,Match,No,No,Within Period,No,No,Yes,Yes,Low,Low,Normal,Valid Claim
CLM-0025,PRD-0025,Television,LG,OLED55,SN22388090,2023-10-06,210000,City Appliances,24,2023-10-06,2025-09-25,2024-08-01,10,2024-07-12,No display,No display; synthetic claim scenario: active warranty.,Physical,Active,Covered,Available,Available,Available,Available,Available,Available,0,1,2024-05-20,Authorized Service Center A,Authorized,None,Match,Match,No,No,Within Period,Yes,No,Yes,Yes,Low,Low,Active warranty,Valid Claim
CLM-0026,PRD-0026,Laptop,Dell,Inspiron 15,SN83227889,2023-12-08,85000,TechWorld,12,2023-12-08,2024-12-02,2024-03-07,3,2024-02-27,Screen flickering,Screen flickering; synthetic claim scenario: normal.,Physical,Active,Covered,Available,Available,Available,Available,Available,Available,0,1,2023-12-12,Authorized Service Center B,Authorized,Control Board,Match,Match,No,No,Within Period,No,No,Yes,Yes,Normal,Low,Normal,Valid Claim
CLM-0027,PRD-0027,Television,LG,OLED55,SN99514287,2024-03-16,210000,TechWorld,24,2024-03-16,2026-03-06,2024-08-13,5,2024-08-11,Power failure,Power failure; synthetic claim scenario: covered fault.,Physical,Active,Covered,Available,Available,Available,Available,Available,Not Required,0,0,,,Not Applicable,None,Match,Match,No,No,Within Period,No,No,Yes,Yes,Low,Low,Covered fault,Valid Claim
CLM-0028,PRD-0028,Printer,HP,LaserJet M404,SN65259205,2024-09-27,72000,Mega Electronics,12,2024-09-27,2025-09-22,2024-12-26,3,2024-12-18,Power failure,Power failure; synthetic claim scenario: covered fault.,Physical,Active,Covered,Available,Available,Available,Available,Available,Available,0,0,,,Not Applicable,None,Match,Match,No,No,Within Period,Yes,No,Yes,Yes,Normal,Low,Covered fault,Valid Claim
CLM-0029,PRD-0029,Television,LG,OLED55,SN50962024,2025-03-17,210000,Mega Electronics,24,2025-03-17,2027-03-07,2025-07-15,4,2025-07-02,Panel issue,Panel issue; synthetic claim scenario: complete evidence.,Mechanical,Active,Covered,Available,Available,Available,Available,Available,Available,0,0,,,Not Applicable,None,Match,Match,No,No,Within Period,No,No,Yes,Yes,Normal,Low,Complete evidence,Valid Claim
CLM-0030,PRD-0030,Laptop,Dell,Inspiron 15,SN63643924,2024-11-06,85000,Smart Mart,12,2024-11-06,2025-11-01,2025-03-06,4,2025-02-21,Motherboard failure,Motherboard failure; synthetic claim scenario: active warranty.,Physical,Active,Covered,Available,Available,Available,Available,Available,Not Required,0,0,,,Not Applicable,None,Match,Match,No,No,Within Period,No,No,Yes,Yes,Low,Low,Active warranty,Valid Claim
CLM-0031,PRD-0031,Laptop,Dell,Inspiron 15,SN68571795,2023-04-29,85000,Smart Mart,12,2023-04-29,2024-04-23,2023-09-26,5,2023-09-20,Keyboard failure,Keyboard failure; synthetic claim scenario: active warranty.,Water/Liquid,Active,Covered,Available,Available,Available,Available,Available,Not Required,0,0,,,Not Applicable,None,Match,Match,No,No,Within Period,No,No,Yes,Yes,Low,Low,Active warranty,Valid Claim
CLM-0032,PRD-0032,Smartphone,Samsung,Galaxy A55,SN67887757,2024-01-30,125000,TechWorld,12,2024-01-30,2025-01-24,2024-11-25,10,2024-11-18,Camera failure,Camera failure; synthetic claim scenario: covered fault.,Normal Wear,Active,Covered,Available,Available,Available,Available,Available,Not Required,0,0,,,Not Applicable,None,Match,Match,No,No,Within Period,Yes,No,Yes,Yes,Normal,Low,Covered fault,Valid Claim
CLM-0033,PRD-0033,Air Conditioner,Orient,Ultron,SN35748341,2024-09-30,165000,City Appliances,18,2024-09-30,2026-03-24,2025-08-26,11,2025-08-22,Compressor issue,Compressor issue; synthetic claim scenario: active warranty.,Normal Wear,Active,Covered,Available,Available,Available,Available,Available,Not Required,0,1,2025-06-18,Authorized Service Center B,Authorized,Motherboard,Match,Match,No,No,Within Period,Yes,No,Yes,Yes,Low,Low,Active warranty,Valid Claim
CLM-0034,PRD-0034,Television,LG,OLED55,SN91424737,2024-09-22,210000,Digital Hub,24,2024-09-22,2026-09-12,2026-04-15,19,2026-04-05,Remote receiver failure,Remote receiver failure; synthetic claim scenario: complete evidence.,Software/Firmware,Active,Covered,Available,Available,Available,Available,Available,Not Required,0,1,2026-03-16,Authorized Service Center B,Authorized,Motherboard,Match,Match,No,No,Within Period,Yes,No,Yes,Yes,Normal,Low,Complete evidence,Valid Claim
CLM-0035,PRD-0035,Microwave,Samsung,MS23,SN51663795,2024-11-22,45000,Mega Electronics,12,2024-11-22,2025-11-17,2025-03-22,4,2025-03-05,Turntable failure,Turntable failure; synthetic claim scenario: normal.,Mechanical,Active,Covered,Available,Available,Available,Available,Available,Not Required,0,1,2025-01-30,Authorized Service Center A,Authorized,Battery,Match,Match,No,No,Within Period,Yes,No,Yes,Yes,Low,Low,Normal,Valid Claim
CLM-0036,PRD-0036,Laptop,Dell,Inspiron 15,SN63640499,2023-02-17,85000,Mega Electronics,12,2023-02-17,2024-02-12,2023-06-17,4,2023-06-01,Charging issue,Charging issue; synthetic claim scenario: complete evidence.,Mechanical,Active,Covered,Available,Available,Available,Available,Available,Available,0,0,,,Not Applicable,None,Match,Match,No,No,Within Period,Yes,No,Yes,Yes,Normal,Low,Complete evidence,Valid Claim
CLM-0037,PRD-0037,Laptop,Dell,Inspiron 15,SN71265269,2025-02-07,85000,Mega Electronics,12,2025-02-07,2026-02-02,2025-04-08,2,2025-03-25,Battery failure,Battery failure; synthetic claim scenario: covered fault.,Software/Firmware,Active,Covered,Available,Available,Available,Available,Available,Available,0,0,,,Not Applicable,None,Match,Match,No,No,Within Period,Yes,No,Yes,Yes,Normal,Low,Covered fault,Valid Claim
CLM-0038,PRD-0038,Air Conditioner,Orient,Ultron,SN95585469,2025-02-12,165000,Digital Hub,18,2025-02-12,2026-08-06,2026-05-08,15,2026-04-18,Compressor issue,Compressor issue; synthetic claim scenario: active warranty.,Water/Liquid,Active,Covered,Available,Available,Available,Available,Available,Not Required,0,1,2026-02-10,Authorized Service Center A,Authorized,Motherboard,Match,Match,No,No,Within Period,Yes,No,Yes,Yes,Low,Low,Active warranty,Valid Claim
CLM-0039,PRD-0039,Refrigerator,Haier,HRF-758,SN28572252,2023-10-09,180000,Mega Electronics,24,2023-10-09,2025-09-28,2025-01-01,15,2024-12-29,Cooling failure,Cooling failure; synthetic claim scenario: active warranty.,Mechanical,Active,Covered,Available,Available,Available,Available,Available,Not Required,0,0,,,Not Applicable,None,Match,Match,No,No,Within Period,Yes,No,Yes,Yes,Low,Low,Active warranty,Valid Claim
CLM-0040,PRD-0040,Printer,HP,LaserJet M404,SN18357162,2024-12-11,72000,Mega Electronics,12,2024-12-11,2025-12-06,2025-03-11,3,2025-03-04,Connectivity issue,Connectivity issue; synthetic claim scenario: complete evidence.,Software/Firmware,Active,Covered,Available,Available,Available,Available,Available,Available,0,0,,,Not Applicable,None,Match,Match,No,No,Within Period,Yes,No,Yes,Yes,Low,Low,Complete evidence,Valid Claim
CLM-0041,PRD-0041,Printer,HP,LaserJet M404,SN66240084,2025-02-27,72000,Smart Mart,12,2025-02-27,2026-02-22,2025-12-24,10,2025-12-23,Connectivity issue,Connectivity issue; synthetic claim scenario: active warranty.,Normal Wear,Active,Covered,Available,Available,Available,Available,Available,Not Required,0,0,,,Not Applicable,None,Match,Match,No,No,Within Period,No,No,Yes,Yes,Low,Low,Active warranty,Valid Claim
CLM-0042,PRD-0042,Refrigerator,Haier,HRF-758,SN32151928,2024-05-14,180000,City Appliances,24,2024-05-14,2026-05-04,2025-01-09,8,2024-12-31,Thermostat failure,Thermostat failure; synthetic claim scenario: active warranty.,Mechanical,Active,Covered,Available,Available,Available,Available,Available,Not Required,0,0,,,Not Applicable,None,Match,Match,No,No,Within Period,No,No,Yes,Yes,Low,Low,Active warranty,Valid Claim
CLM-0043,PRD-0043,Laptop,Dell,Inspiron 15,SN16749089,2024-02-08,85000,Digital Hub,12,2024-02-08,2025-02-02,2024-12-04,10,2024-11-15,Screen flickering,Screen flickering; synthetic claim scenario: complete evidence.,Software/Firmware,Active,Covered,Available,Available,Available,Available,Available,Available,0,0,,,Not Applicable,None,Match,Match,No,No,Within Period,Yes,No,Yes,Yes,Normal,Low,Complete evidence,Valid Claim
CLM-0044,PRD-0044,Air Conditioner,Orient,Ultron,SN73123515,2023-08-05,165000,TechWorld,18,2023-08-05,2025-01-26,2024-10-28,15,2024-10-17,Cooling failure,Cooling failure; synthetic claim scenario: active warranty.,Normal Wear,Active,Covered,Available,Available,Available,Available,Available,Not Required,0,0,,,Not Applicable,None,Match,Match,No,No,Within Period,Yes,No,Yes,Yes,Low,Low,Active warranty,Valid Claim
CLM-0045,PRD-0045,Laptop,Dell,Inspiron 15,SN30452412,2023-12-25,85000,Mega Electronics,12,2023-12-25,2024-12-19,2024-04-23,4,2024-04-20,Motherboard failure,Motherboard failure; synthetic claim scenario: normal.,Mechanical,Active,Covered,Available,Available,Available,Available,Available,Available,0,0,,,Not Applicable,None,Match,Match,No,No,Within Period,No,No,Yes,Yes,Normal,Low,Normal,Valid Claim
CLM-0046,PRD-0046,Microwave,Samsung,MS23,SN31980274,2024-11-16,45000,Digital Hub,12,2024-11-16,2025-11-11,2025-01-15,2,2024-12-27,Heating failure,Heating failure; synthetic claim scenario: covered fault.,Electrical,Active,Covered,Available,Available,Available,Available,Available,Available,0,0,,,Not Applicable,None,Match,Match,No,No,Within Period,Yes,No,Yes,Yes,Low,Low,Covered fault,Valid Claim
CLM-0047,PRD-0047,Laptop,Dell,Inspiron 15,SN26247735,2023-11-16,85000,Smart Mart,12,2023-11-16,2024-11-10,2024-09-11,10,2024-08-29,Motherboard failure,Motherboard failure; synthetic claim scenario: active warranty.,Electrical,Active,Covered,Available,Available,Available,Available,Available,Not Required,0,1,2024-07-18,Authorized Service Center A,Authorized,Screen,Match,Match,No,No,Within Period,No,No,Yes,Yes,Normal,Low,Active warranty,Valid Claim
CLM-0048,PRD-0048,Printer,HP,LaserJet M404,SN58612055,2024-11-08,72000,City Appliances,12,2024-11-08,2025-11-03,2025-05-07,6,2025-05-04,Connectivity issue,Connectivity issue; synthetic claim scenario: normal.,Normal Wear,Active,Covered,Available,Available,Available,Available,Available,Not Required,0,0,,,Not Applicable,None,Match,Match,No,No,Within Period,Yes,No,Yes,Yes,Low,Low,Normal,Valid Claim
CLM-0049,PRD-0049,Television,LG,OLED55,SN42949803,2024-03-21,210000,TechWorld,24,2024-03-21,2026-03-11,2024-09-17,6,2024-08-31,Panel issue,Panel issue; synthetic claim scenario: active warranty.,Physical,Active,Covered,Available,Available,Available,Available,Available,Not Required,0,1,2024-06-11,Authorized Service Center B,Authorized,Motherboard,Match,Match,No,No,Within Period,Yes,No,Yes,Yes,Low,Low,Active warranty,Valid Claim
CLM-0050,PRD-0050,Refrigerator,Haier,HRF-758,SN75437844,2025-02-07,180000,Mega Electronics,24,2025-02-07,2027-01-28,2026-05-03,15,2026-04-14,Compressor issue,Compressor issue; synthetic claim scenario: active warranty.,Physical,Active,Covered,Available,Available,Available,Available,Available,Not Required,0,0,,,Not Applicable,None,Match,Match,No,No,Within Period,No,No,Yes,Yes,Low,Low,Active warranty,Valid Claim
CLM-0051,PRD-0051,Washing Machine,Dawlance,DWT-1167,SN84514489,2023-12-15,135000,Mega Electronics,24,2023-12-15,2025-12-04,2024-09-10,9,2024-08-21,Control panel failure,Control panel failure; synthetic claim scenario: complete evidence.,Normal Wear,Active,Covered,Available,Available,Available,Available,Available,Not Required,0,1,2024-08-10,Authorized Service Center A,Authorized,Motherboard,Match,Match,No,No,Within Period,No,No,Yes,Yes,Normal,Low,Complete evidence,Valid Claim
CLM-0052,PRD-0052,Microwave,Samsung,MS23,SN73519947,2024-04-03,45000,Smart Mart,12,2024-04-03,2025-03-29,2024-05-03,1,2024-04-30,Door switch failure,Door switch failure; synthetic claim scenario: active warranty.,Water/Liquid,Active,Covered,Available,Available,Available,Available,Available,Not Required,0,0,,,Not Applicable,None,Match,Match,No,No,Within Period,Yes,No,Yes,Yes,Normal,Low,Active warranty,Valid Claim
CLM-0053,PRD-0053,Air Conditioner,Orient,Ultron,SN35848226,2024-03-11,165000,Digital Hub,18,2024-03-11,2025-09-02,2025-02-04,11,2025-01-23,Cooling failure,Cooling failure; synthetic claim scenario: covered fault.,Electrical,Active,Covered,Available,Available,Available,Available,Available,Not Required,0,0,,,Not Applicable,None,Match,Match,No,No,Within Period,Yes,No,Yes,Yes,Low,Low,Covered fault,Valid Claim
CLM-0054,PRD-0054,Television,LG,OLED55,SN58436637,2023-07-16,210000,Mega Electronics,24,2023-07-16,2025-07-05,2024-02-11,7,2024-01-26,Power failure,Power failure; synthetic claim scenario: active warranty.,Physical,Active,Covered,Available,Available,Available,Available,Available,Not Required,0,1,2023-10-29,Authorized Service Center B,Authorized,None,Match,Match,No,No,Within Period,No,No,Yes,Yes,Normal,Low,Active warranty,Valid Claim
CLM-0055,PRD-0055,Television,LG,OLED55,SN74251933,2023-10-08,210000,City Appliances,24,2023-10-08,2025-09-27,2023-12-07,2,2023-12-05,Sound failure,Sound failure; synthetic claim scenario: active warranty.,Physical,Active,Covered,Available,Available,Available,Available,Available,Not Required,0,1,2023-10-22,Authorized Service Center B,Authorized,Battery,Match,Match,No,No,Within Period,No,No,Yes,Yes,Normal,Low,Active warranty,Valid Claim
CLM-0056,PRD-0056,Laptop,Dell,Inspiron 15,SN30024960,2023-09-16,85000,Smart Mart,12,2023-09-16,2024-09-10,2024-05-13,8,2024-05-09,Screen flickering,Screen flickering; synthetic claim scenario: normal.,Physical,Active,Covered,Available,Available,Available,Available,Available,Available,0,0,,,Not Applicable,None,Match,Match,No,No,Within Period,Yes,No,Yes,Yes,Normal,Low,Normal,Valid Claim
CLM-0057,PRD-0057,Smartphone,Samsung,Galaxy A55,SN88990506,2023-09-12,125000,City Appliances,12,2023-09-12,2024-09-06,2023-11-11,2,2023-10-24,Camera failure,Camera failure; synthetic claim scenario: complete evidence.,Physical,Active,Covered,Available,Available,Available,Available,Available,Not Required,0,1,2023-07-28,Authorized Service Center A,Authorized,Control Board,Match,Match,No,No,Within Period,Yes,No,Yes,Yes,Low,Low,Complete evidence,Valid Claim
CLM-0058,PRD-0058,Laptop,Dell,Inspiron 15,SN84087145,2024-09-16,85000,TechWorld,12,2024-09-16,2025-09-11,2024-11-15,2,2024-11-08,Screen flickering,Screen flickering; synthetic claim scenario: covered fault.,Mechanical,Active,Covered,Available,Available,Available,Available,Available,Available,0,0,,,Not Applicable,None,Match,Match,No,No,Within Period,No,No,Yes,Yes,Normal,Low,Covered fault,Valid Claim
CLM-0059,PRD-0059,Laptop,Dell,Inspiron 15,SN70939053,2024-02-23,85000,TechWorld,12,2024-02-23,2025-02-17,2024-10-20,8,2024-09-30,Keyboard failure,Keyboard failure; synthetic claim scenario: active warranty.,Normal Wear,Active,Covered,Available,Available,Available,Available,Available,Not Required,0,0,,,Not Applicable,None,Match,Match,No,No,Within Period,No,No,Yes,Yes,Normal,Low,Active warranty,Valid Claim
CLM-0060,PRD-0060,Refrigerator,Haier,HRF-758,SN29090631,2023-09-28,180000,TechWorld,24,2023-09-28,2025-09-17,2025-06-19,21,2025-05-31,Door seal failure,Door seal failure; synthetic claim scenario: covered fault.,Electrical,Active,Covered,Available,Available,Available,Available,Available,Available,0,0,,,Not Applicable,None,Match,Match,No,No,Within Period,No,No,Yes,Yes,Normal,Low,Covered fault,Valid Claim
CLM-0061,PRD-0061,Television,LG,OLED55,SN46540265,2025-03-22,210000,Smart Mart,24,2025-03-22,2027-03-12,2026-01-16,10,2025-12-27,Sound failure,Sound failure; synthetic claim scenario: active warranty.,Water/Liquid,Active,Covered,Available,Available,Available,Available,Available,Not Required,0,0,,,Not Applicable,None,Match,Match,No,No,Within Period,No,No,Yes,Yes,Low,Low,Active warranty,Valid Claim
CLM-0062,PRD-0062,Microwave,Samsung,MS23,SN40725714,2024-03-24,45000,Smart Mart,12,2024-03-24,2025-03-19,2024-05-23,2,2024-05-03,Heating failure,Heating failure; synthetic claim scenario: normal.,Water/Liquid,Active,Covered,Available,Available,Available,Available,Available,Available,0,0,,,Not Applicable,None,Match,Match,No,No,Within Period,Yes,No,Yes,Yes,Low,Low,Normal,Valid Claim
CLM-0063,PRD-0063,Laptop,Dell,Inspiron 15,SN88561612,2025-02-22,85000,City Appliances,12,2025-02-22,2026-02-17,2025-07-22,5,2025-07-03,Screen flickering,Screen flickering; synthetic claim scenario: active warranty.,Normal Wear,Active,Covered,Available,Available,Available,Available,Available,Available,0,0,,,Not Applicable,None,Match,Match,No,No,Within Period,Yes,No,Yes,Yes,Low,Low,Active warranty,Valid Claim
CLM-0064,PRD-0064,Microwave,Samsung,MS23,SN65250068,2023-04-04,45000,City Appliances,12,2023-04-04,2024-03-29,2023-11-30,8,2023-11-18,Door switch failure,Door switch failure; synthetic claim scenario: covered fault.,Physical,Active,Covered,Available,Available,Available,Available,Available,Not Required,0,0,,,Not Applicable,None,Match,Match,No,No,Within Period,Yes,No,Yes,Yes,Normal,Low,Covered fault,Valid Claim
CLM-0065,PRD-0065,Printer,HP,LaserJet M404,SN64247457,2025-04-13,72000,Smart Mart,12,2025-04-13,2026-04-08,2026-01-08,9,2026-01-06,Paper feed failure,Paper feed failure; synthetic claim scenario: active warranty.,Electrical,Active,Covered,Available,Available,Available,Available,Available,Not Required,0,0,,,Not Applicable,None,Match,Match,No,No,Within Period,Yes,No,Yes,Yes,Low,Low,Active warranty,Valid Claim
CLM-0066,PRD-0066,Microwave,Samsung,MS23,SN48658617,2024-02-28,45000,City Appliances,12,2024-02-28,2025-02-22,2024-03-29,1,2024-03-22,Turntable failure,Turntable failure; synthetic claim scenario: active warranty.,Normal Wear,Active,Covered,Available,Available,Available,Available,Available,Not Required,0,1,2023-12-27,Authorized Service Center B,Authorized,Motherboard,Match,Match,No,No,Within Period,No,No,Yes,Yes,Normal,Low,Active warranty,Valid Claim
CLM-0067,PRD-0067,Smartphone,Samsung,Galaxy A55,SN25228493,2023-01-30,125000,City Appliances,12,2023-01-30,2024-01-25,2023-11-26,10,2023-11-18,Screen failure,Screen failure; synthetic claim scenario: normal.,Electrical,Active,Covered,Available,Available,Available,Available,Available,Available,0,0,,,Not Applicable,None,Match,Match,No,No,Within Period,No,No,Yes,Yes,Low,Low,Normal,Valid Claim
CLM-0068,PRD-0068,Television,LG,OLED55,SN83989546,2024-05-25,210000,Mega Electronics,24,2024-05-25,2026-05-15,2025-03-21,10,2025-03-04,Sound failure,Sound failure; synthetic claim scenario: covered fault.,Software/Firmware,Active,Covered,Available,Available,Available,Available,Available,Not Required,0,0,,,Not Applicable,None,Match,Match,No,No,Within Period,Yes,No,Yes,Yes,Low,Low,Covered fault,Valid Claim
CLM-0069,PRD-0069,Refrigerator,Haier,HRF-758,SN47962005,2024-09-05,180000,Digital Hub,24,2024-09-05,2026-08-26,2026-01-28,17,2026-01-23,Cooling failure,Cooling failure; synthetic claim scenario: active warranty.,Water/Liquid,Active,Covered,Available,Available,Available,Available,Available,Available,0,0,,,Not Applicable,None,Match,Match,No,No,Within Period,Yes,No,Yes,Yes,Low,Low,Active warranty,Valid Claim
CLM-0070,PRD-0070,Microwave,Samsung,MS23,SN35320492,2025-06-05,45000,Mega Electronics,12,2025-06-05,2026-05-31,2025-09-03,3,2025-08-19,Door switch failure,Door switch failure; synthetic claim scenario: complete evidence.,Water/Liquid,Active,Covered,Available,Available,Available,Available,Available,Not Required,0,0,,,Not Applicable,None,Match,Match,No,No,Within Period,Yes,No,Yes,Yes,Low,Low,Complete evidence,Valid Claim
CLM-0071,PRD-0071,Printer,HP,LaserJet M404,SN26944487,2023-08-28,72000,Smart Mart,12,2023-08-28,2024-08-22,2024-03-25,7,2024-03-23,Paper feed failure,Paper feed failure; synthetic claim scenario: complete evidence.,Water/Liquid,Active,Covered,Available,Available,Available,Available,Available,Not Required,0,1,2023-12-26,Authorized Service Center B,Authorized,Screen,Match,Match,No,No,Within Period,Yes,No,Yes,Yes,Normal,Low,Complete evidence,Valid Claim
CLM-0072,PRD-0072,Smartphone,Samsung,Galaxy A55,SN73013961,2025-06-14,125000,Digital Hub,12,2025-06-14,2026-06-09,2026-02-09,8,2026-02-05,Battery swelling,Battery swelling; synthetic claim scenario: covered fault.,Physical,Active,Covered,Available,Available,Available,Available,Available,Not Required,0,0,,,Not Applicable,None,Match,Match,No,No,Within Period,No,No,Yes,Yes,Low,Low,Covered fault,Valid Claim
CLM-0073,PRD-0073,Printer,HP,LaserJet M404,SN94712997,2024-10-27,72000,Digital Hub,12,2024-10-27,2025-10-22,2024-12-26,2,2024-12-15,Print-head issue,Print-head issue; synthetic claim scenario: normal.,Mechanical,Active,Covered,Available,Available,Available,Available,Available,Not Required,0,0,,,Not Applicable,None,Match,Match,No,No,Within Period,Yes,No,Yes,Yes,Normal,Low,Normal,Valid Claim
CLM-0074,PRD-0074,Smartphone,Samsung,Galaxy A55,SN17532195,2024-03-20,125000,Digital Hub,12,2024-03-20,2025-03-15,2024-05-19,2,2024-05-15,Camera failure,Camera failure; synthetic claim scenario: normal.,Physical,Active,Covered,Available,Available,Available,Available,Available,Not Required,0,0,,,Not Applicable,None,Match,Match,No,No,Within Period,Yes,No,Yes,Yes,Normal,Low,Normal,Valid Claim
CLM-0075,PRD-0075,Air Conditioner,Orient,Ultron,SN93176117,2024-03-17,165000,Mega Electronics,18,2024-03-17,2025-09-08,2024-08-14,5,2024-08-06,Water leakage,Water leakage; synthetic claim scenario: normal.,Software/Firmware,Active,Covered,Available,Available,Available,Available,Available,Not Required,0,1,2024-04-19,Authorized Service Center A,Authorized,Control Board,Match,Match,No,No,Within Period,No,No,Yes,Yes,Normal,Low,Normal,Valid Claim
CLM-0076,PRD-0076,Television,LG,OLED55,SN31203129,2023-08-26,210000,TechWorld,24,2023-08-26,2025-08-15,2024-11-18,15,2024-11-09,Remote receiver failure,Remote receiver failure; synthetic claim scenario: active warranty.,Software/Firmware,Active,Covered,Available,Available,Available,Available,Available,Not Required,0,0,,,Not Applicable,None,Match,Match,No,No,Within Period,No,No,Yes,Yes,Low,Low,Active warranty,Valid Claim
CLM-0077,PRD-0077,Air Conditioner,Orient,Ultron,SN24314759,2024-08-24,165000,Mega Electronics,18,2024-08-24,2026-02-15,2025-06-20,10,2025-06-06,Water leakage,Water leakage; synthetic claim scenario: complete evidence.,Software/Firmware,Active,Covered,Available,Available,Available,Available,Available,Not Required,0,0,,,Not Applicable,None,Match,Match,No,No,Within Period,Yes,No,Yes,Yes,Normal,Low,Complete evidence,Valid Claim
CLM-0078,PRD-0078,Air Conditioner,Orient,Ultron,SN40885967,2024-08-11,165000,Smart Mart,18,2024-08-11,2026-02-02,2025-06-07,10,2025-05-28,Fan failure,Fan failure; synthetic claim scenario: complete evidence.,Physical,Active,Covered,Available,Available,Available,Available,Available,Available,0,1,2025-03-19,Authorized Service Center B,Authorized,Battery,Match,Match,No,No,Within Period,No,No,Yes,Yes,Normal,Low,Complete evidence,Valid Claim
CLM-0079,PRD-0079,Refrigerator,Haier,HRF-758,SN27637794,2024-09-27,180000,TechWorld,24,2024-09-27,2026-09-17,2025-06-24,9,2025-06-19,Door seal failure,Door seal failure; synthetic claim scenario: normal.,Physical,Active,Covered,Available,Available,Available,Available,Available,Available,0,1,2025-03-04,Authorized Service Center A,Authorized,Screen,Match,Match,No,No,Within Period,Yes,No,Yes,Yes,Low,Low,Normal,Valid Claim
CLM-0080,PRD-0080,Printer,HP,LaserJet M404,SN55461591,2023-06-29,72000,TechWorld,12,2023-06-29,2024-06-23,2023-10-27,4,2023-10-22,Power failure,Power failure; synthetic claim scenario: complete evidence.,Software/Firmware,Active,Covered,Available,Available,Available,Available,Available,Not Required,0,1,2023-07-25,Authorized Service Center B,Authorized,None,Match,Match,No,No,Within Period,No,No,Yes,Yes,Low,Low,Complete evidence,Valid Claim
CLM-0081,PRD-0081,Television,LG,OLED55,SN26587799,2025-02-11,210000,City Appliances,24,2025-02-11,2027-02-01,2025-10-09,8,2025-09-26,Remote receiver failure,Remote receiver failure; synthetic claim scenario: active warranty.,Physical,Active,Covered,Available,Available,Available,Available,Available,Not Required,0,0,,,Not Applicable,None,Match,Match,No,No,Within Period,Yes,No,Yes,Yes,Normal,Low,Active warranty,Valid Claim
CLM-0082,PRD-0082,Washing Machine,Dawlance,DWT-1167,SN95282470,2024-08-21,135000,City Appliances,24,2024-08-21,2026-08-11,2025-09-15,13,2025-09-03,Drainage failure,Drainage failure; synthetic claim scenario: covered fault.,Normal Wear,Active,Covered,Available,Available,Available,Available,Available,Available,0,1,2025-07-18,Authorized Service Center B,Authorized,Screen,Match,Match,No,No,Within Period,No,No,Yes,Yes,Low,Low,Covered fault,Valid Claim
CLM-0083,PRD-0083,Printer,HP,LaserJet M404,SN82148284,2023-04-30,72000,Mega Electronics,12,2023-04-30,2024-04-24,2023-07-29,3,2023-07-27,Print-head issue,Print-head issue; synthetic claim scenario: normal.,Software/Firmware,Active,Covered,Available,Available,Available,Available,Available,Available,0,0,,,Not Applicable,None,Match,Match,No,No,Within Period,Yes,No,Yes,Yes,Normal,Low,Normal,Valid Claim
CLM-0084,PRD-0084,Microwave,Samsung,MS23,SN14391105,2024-01-15,45000,Digital Hub,12,2024-01-15,2025-01-09,2024-10-11,9,2024-09-27,Door switch failure,Door switch failure; synthetic claim scenario: complete evidence.,Mechanical,Active,Covered,Available,Available,Available,Available,Available,Available,0,0,,,Not Applicable,None,Match,Match,No,No,Within Period,No,No,Yes,Yes,Low,Low,Complete evidence,Valid Claim
CLM-0085,PRD-0085,Microwave,Samsung,MS23,SN26395999,2024-03-31,45000,City Appliances,12,2024-03-31,2025-03-26,2024-07-29,4,2024-07-17,Turntable failure,Turntable failure; synthetic claim scenario: active warranty.,Electrical,Active,Covered,Available,Available,Available,Available,Available,Available,0,1,2024-05-13,Authorized Service Center B,Authorized,Battery,Match,Match,No,No,Within Period,No,No,Yes,Yes,Low,Low,Active warranty,Valid Claim
CLM-0086,PRD-0086,Laptop,Dell,Inspiron 15,SN29804386,2023-02-21,85000,Smart Mart,12,2023-02-21,2024-02-16,2023-08-20,6,2023-08-12,Keyboard failure,Keyboard failure; synthetic claim scenario: covered fault.,Electrical,Active,Covered,Available,Available,Available,Available,Available,Available,0,1,2023-06-25,Authorized Service Center A,Authorized,Screen,Match,Match,No,No,Within Period,No,No,Yes,Yes,Normal,Low,Covered fault,Valid Claim
CLM-0087,PRD-0087,Television,LG,OLED55,SN41934639,2023-05-14,210000,Smart Mart,24,2023-05-14,2025-05-03,2024-11-04,18,2024-10-26,Panel issue,Panel issue; synthetic claim scenario: normal.,Physical,Active,Covered,Available,Available,Available,Available,Available,Available,0,0,,,Not Applicable,None,Match,Match,No,No,Within Period,No,No,Yes,Yes,Normal,Low,Normal,Valid Claim
CLM-0088,PRD-0088,Laptop,Dell,Inspiron 15,SN78885632,2023-06-28,85000,Smart Mart,12,2023-06-28,2024-06-22,2023-11-25,5,2023-11-23,Keyboard failure,Keyboard failure; synthetic claim scenario: complete evidence.,Electrical,Active,Covered,Available,Available,Available,Available,Available,Available,0,1,2023-09-03,Authorized Service Center A,Authorized,Motherboard,Match,Match,No,No,Within Period,No,No,Yes,Yes,Low,Low,Complete evidence,Valid Claim
CLM-0089,PRD-0089,Refrigerator,Haier,HRF-758,SN67213476,2024-09-21,180000,TechWorld,24,2024-09-21,2026-09-11,2024-11-20,2,2024-11-03,Thermostat failure,Thermostat failure; synthetic claim scenario: complete evidence.,Software/Firmware,Active,Covered,Available,Available,Available,Available,Available,Not Required,0,0,,,Not Applicable,None,Match,Match,No,No,Within Period,No,No,Yes,Yes,Normal,Low,Complete evidence,Valid Claim
CLM-0090,PRD-0090,Microwave,Samsung,MS23,SN90180577,2023-03-17,45000,Smart Mart,12,2023-03-17,2024-03-11,2023-05-16,2,2023-05-05,Control panel issue,Control panel issue; synthetic claim scenario: active warranty.,Physical,Active,Covered,Available,Available,Available,Available,Available,Available,0,0,,,Not Applicable,None,Match,Match,No,No,Within Period,No,No,Yes,Yes,Low,Low,Active warranty,Valid Claim
CLM-0091,PRD-0091,Microwave,Samsung,MS23,SN55490631,2024-06-01,45000,City Appliances,12,2024-06-01,2025-05-27,2025-03-28,10,2025-03-14,Control panel issue,Control panel issue; synthetic claim scenario: covered fault.,Software/Firmware,Active,Covered,Available,Available,Available,Available,Available,Available,0,1,2025-02-12,Authorized Service Center A,Authorized,Motherboard,Match,Match,No,No,Within Period,Yes,No,Yes,Yes,Low,Low,Covered fault,Valid Claim
CLM-0092,PRD-0092,Smartphone,Samsung,Galaxy A55,SN21457410,2023-11-17,125000,TechWorld,12,2023-11-17,2024-11-11,2024-06-14,7,2024-06-03,Battery swelling,Battery swelling; synthetic claim scenario: normal.,Software/Firmware,Active,Covered,Available,Available,Available,Available,Available,Not Required,0,0,,,Not Applicable,None,Match,Match,No,No,Within Period,No,No,Yes,Yes,Low,Low,Normal,Valid Claim
CLM-0093,PRD-0093,Smartphone,Samsung,Galaxy A55,SN16904975,2025-02-01,125000,Digital Hub,12,2025-02-01,2026-01-27,2025-07-31,6,2025-07-26,Charging port failure,Charging port failure; synthetic claim scenario: active warranty.,Water/Liquid,Active,Covered,Available,Available,Available,Available,Available,Available,0,1,2025-04-21,Authorized Service Center B,Authorized,Screen,Match,Match,No,No,Within Period,No,No,Yes,Yes,Low,Low,Active warranty,Valid Claim
CLM-0094,PRD-0094,Air Conditioner,Orient,Ultron,SN47388792,2023-04-17,165000,Smart Mart,18,2023-04-17,2024-10-08,2023-11-13,7,2023-11-08,Cooling failure,Cooling failure; synthetic claim scenario: active warranty.,Mechanical,Active,Covered,Available,Available,Available,Available,Available,Not Required,0,0,,,Not Applicable,None,Match,Match,No,No,Within Period,No,No,Yes,Yes,Low,Low,Active warranty,Valid Claim
CLM-0095,PRD-0095,Printer,HP,LaserJet M404,SN55610493,2025-05-15,72000,Digital Hub,12,2025-05-15,2026-05-10,2026-02-09,9,2026-01-20,Power failure,Power failure; synthetic claim scenario: active warranty.,Electrical,Active,Covered,Available,Available,Available,Available,Available,Available,0,1,2025-10-18,Authorized Service Center B,Authorized,Battery,Match,Match,No,No,Within Period,No,No,Yes,Yes,Normal,Low,Active warranty,Valid Claim
CLM-0096,PRD-0096,Television,LG,OLED55,SN66348963,2024-08-02,210000,City Appliances,24,2024-08-02,2026-07-23,2026-05-24,22,2026-05-11,Sound failure,Sound failure; synthetic claim scenario: covered fault.,Physical,Active,Covered,Available,Available,Available,Available,Available,Available,0,0,,,Not Applicable,None,Match,Match,No,No,Within Period,No,No,Yes,Yes,Normal,Low,Covered fault,Valid Claim
CLM-0097,PRD-0097,Television,LG,OLED55,SN46521025,2024-01-14,210000,City Appliances,24,2024-01-14,2026-01-03,2024-11-09,10,2024-10-29,No display,No display; synthetic claim scenario: normal.,Normal Wear,Active,Covered,Available,Available,Available,Available,Available,Available,0,0,,,Not Applicable,None,Match,Match,No,No,Within Period,No,No,Yes,Yes,Normal,Low,Normal,Valid Claim
CLM-0098,PRD-0098,Printer,HP,LaserJet M404,SN24883373,2024-05-12,72000,Digital Hub,12,2024-05-12,2025-05-07,2025-03-08,10,2025-02-21,Connectivity issue,Connectivity issue; synthetic claim scenario: active warranty.,Normal Wear,Active,Covered,Available,Available,Available,Available,Available,Not Required,0,0,,,Not Applicable,None,Match,Match,No,No,Within Period,No,No,Yes,Yes,Normal,Low,Active warranty,Valid Claim
CLM-0099,PRD-0099,Microwave,Samsung,MS23,SN38351344,2024-06-23,45000,Mega Electronics,12,2024-06-23,2025-06-18,2024-11-20,5,2024-11-18,Door switch failure,Door switch failure; synthetic claim scenario: covered fault.,Physical,Active,Covered,Available,Available,Available,Available,Available,Available,0,0,,,Not Applicable,None,Match,Match,No,No,Within Period,No,No,Yes,Yes,Normal,Low,Covered fault,Valid Claim
CLM-0100,PRD-0100,Washing Machine,Dawlance,DWT-1167,SN19673809,2023-12-02,135000,City Appliances,24,2023-12-02,2025-11-21,2024-03-31,4,2024-03-30,Water leakage,Water leakage; synthetic claim scenario: covered fault.,Normal Wear,Active,Covered,Available,Available,Available,Available,Available,Not Required,0,1,2024-01-06,Authorized Service Center A,Authorized,None,Match,Match,No,No,Within Period,No,No,Yes,Yes,Low,Low,Covered fault,Valid Claim
CLM-0101,PRD-0101,Printer,HP,LaserJet M404,SN12799319,2023-01-20,72000,Digital Hub,12,2023-01-20,2024-01-15,2023-09-17,8,2023-09-14,Connectivity issue,Connectivity issue; synthetic claim scenario: normal.,Mechanical,Active,Covered,Available,Available,Available,Available,Available,Not Required,0,1,2023-06-25,Authorized Service Center B,Authorized,Control Board,Match,Match,No,No,Within Period,Yes,No,Yes,Yes,Low,Low,Normal,Valid Claim
CLM-0102,PRD-0102,Microwave,Samsung,MS23,SN63118906,2025-05-01,45000,Digital Hub,12,2025-05-01,2026-04-26,2025-10-28,6,2025-10-25,Heating failure,Heating failure; synthetic claim scenario: complete evidence.,Normal Wear,Active,Covered,Available,Available,Available,Available,Available,Not Required,0,0,,,Not Applicable,None,Match,Match,No,No,Within Period,No,No,Yes,Yes,Low,Low,Complete evidence,Valid Claim
CLM-0103,PRD-0103,Air Conditioner,Orient,Ultron,SN41711468,2023-08-15,165000,TechWorld,18,2023-08-15,2025-02-05,2024-07-10,11,2024-07-04,Compressor issue,Compressor issue; synthetic claim scenario: active warranty.,Mechanical,Active,Covered,Available,Available,Available,Available,Available,Available,0,1,2024-03-21,Authorized Service Center A,Authorized,Screen,Match,Match,No,No,Within Period,No,No,Yes,Yes,Low,Low,Active warranty,Valid Claim
CLM-0104,PRD-0104,Refrigerator,Haier,HRF-758,SN94183695,2023-06-27,180000,Digital Hub,24,2023-06-27,2025-06-16,2025-02-16,20,2025-02-11,Door seal failure,Door seal failure; synthetic claim scenario: complete evidence.,Mechanical,Active,Covered,Available,Available,Available,Available,Available,Available,0,0,,,Not Applicable,None,Match,Match,No,No,Within Period,Yes,No,Yes,Yes,Low,Low,Complete evidence,Valid Claim
CLM-0105,PRD-0105,Microwave,Samsung,MS23,SN71974027,2023-03-11,45000,City Appliances,12,2023-03-11,2024-03-05,2023-11-06,8,2023-10-22,Door switch failure,Door switch failure; synthetic claim scenario: normal.,Electrical,Active,Covered,Available,Available,Available,Available,Available,Not Required,0,0,,,Not Applicable,None,Match,Match,No,No,Within Period,No,No,Yes,Yes,Low,Low,Normal,Valid Claim
CLM-0106,PRD-0106,Laptop,Dell,Inspiron 15,SN97488142,2024-01-13,85000,Mega Electronics,12,2024-01-13,2025-01-07,2024-06-11,5,2024-06-08,Motherboard failure,Motherboard failure; synthetic claim scenario: complete evidence.,Physical,Active,Covered,Available,Available,Available,Available,Available,Available,0,1,2024-02-26,Authorized Service Center B,Authorized,Control Board,Match,Match,No,No,Within Period,Yes,No,Yes,Yes,Normal,Low,Complete evidence,Valid Claim
CLM-0107,PRD-0107,Microwave,Samsung,MS23,SN43251599,2024-05-28,45000,City Appliances,12,2024-05-28,2025-05-23,2024-08-26,3,2024-08-24,Heating failure,Heating failure; synthetic claim scenario: covered fault.,Software/Firmware,Active,Covered,Available,Available,Available,Available,Available,Not Required,0,0,,,Not Applicable,None,Match,Match,No,No,Within Period,Yes,No,Yes,Yes,Normal,Low,Covered fault,Valid Claim
CLM-0108,PRD-0108,Television,LG,OLED55,SN54250344,2024-01-08,210000,TechWorld,24,2024-01-08,2025-12-28,2025-01-02,12,2024-12-23,No display,No display; synthetic claim scenario: active warranty.,Water/Liquid,Active,Covered,Available,Available,Available,Available,Available,Not Required,0,0,,,Not Applicable,None,Match,Match,No,No,Within Period,Yes,No,Yes,Yes,Normal,Low,Active warranty,Valid Claim
CLM-0109,PRD-0109,Printer,HP,LaserJet M404,SN98054173,2023-10-18,72000,City Appliances,12,2023-10-18,2024-10-12,2024-03-16,5,2024-02-25,Power failure,Power failure; synthetic claim scenario: active warranty.,Mechanical,Active,Covered,Available,Available,Available,Available,Available,Available,0,0,,,Not Applicable,None,Match,Match,No,No,Within Period,No,No,Yes,Yes,Normal,Low,Active warranty,Valid Claim
CLM-0110,PRD-0110,Smartphone,Samsung,Galaxy A55,SN58667035,2023-11-14,125000,Digital Hub,12,2023-11-14,2024-11-08,2024-08-10,9,2024-07-28,Battery swelling,Battery swelling; synthetic claim scenario: active warranty.,Mechanical,Active,Covered,Available,Available,Available,Available,Available,Not Required,0,0,,,Not Applicable,None,Match,Match,No,No,Within Period,No,No,Yes,Yes,Low,Low,Active warranty,Valid Claim
CLM-0111,PRD-0111,Refrigerator,Haier,HRF-758,SN78140959,2023-12-16,180000,Smart Mart,24,2023-12-16,2025-12-05,2025-04-09,16,2025-04-02,Cooling failure,Cooling failure; synthetic claim scenario: active warranty.,Normal Wear,Active,Covered,Available,Available,Available,Available,Available,Available,0,0,,,Not Applicable,None,Match,Match,No,No,Within Period,No,No,Yes,Yes,Normal,Low,Active warranty,Valid Claim
CLM-0112,PRD-0112,Laptop,Dell,Inspiron 15,SN15864298,2024-11-08,85000,City Appliances,12,2024-11-08,2025-11-03,2025-05-07,6,2025-04-17,Charging issue,Charging issue; synthetic claim scenario: covered fault.,Physical,Active,Covered,Available,Available,Available,Available,Available,Available,0,1,2025-02-18,Authorized Service Center A,Authorized,Battery,Match,Match,No,No,Within Period,No,No,Yes,Yes,Normal,Low,Covered fault,Valid Claim
CLM-0113,PRD-0113,Microwave,Samsung,MS23,SN71965637,2024-09-17,45000,Digital Hub,12,2024-09-17,2025-09-12,2025-02-14,5,2025-01-30,Control panel issue,Control panel issue; synthetic claim scenario: active warranty.,Software/Firmware,Active,Covered,Available,Available,Available,Available,Available,Available,0,1,2024-12-16,Authorized Service Center B,Authorized,Control Board,Match,Match,No,No,Within Period,Yes,No,Yes,Yes,Normal,Low,Active warranty,Valid Claim
CLM-0114,PRD-0114,Printer,HP,LaserJet M404,SN79244185,2023-06-15,72000,TechWorld,12,2023-06-15,2024-06-09,2023-10-13,4,2023-09-23,Paper feed failure,Paper feed failure; synthetic claim scenario: active warranty.,Physical,Active,Covered,Available,Available,Available,Available,Available,Available,0,0,,,Not Applicable,None,Match,Match,No,No,Within Period,No,No,Yes,Yes,Low,Low,Active warranty,Valid Claim
CLM-0115,PRD-0115,Smartphone,Samsung,Galaxy A55,SN13579612,2025-02-20,125000,City Appliances,12,2025-02-20,2026-02-15,2025-05-21,3,2025-05-12,Camera failure,Camera failure; synthetic claim scenario: complete evidence.,Electrical,Active,Covered,Available,Available,Available,Available,Available,Not Required,0,1,2025-04-03,Authorized Service Center B,Authorized,Motherboard,Match,Match,No,No,Within Period,No,No,Yes,Yes,Normal,Low,Complete evidence,Valid Claim
CLM-0116,PRD-0116,Air Conditioner,Orient,Ultron,SN29602406,2023-08-30,165000,Mega Electronics,18,2023-08-30,2025-02-20,2024-09-23,13,2024-09-20,Fan failure,Fan failure; synthetic claim scenario: normal.,Electrical,Active,Covered,Available,Available,Available,Available,Available,Not Required,0,0,,,Not Applicable,None,Match,Match,No,No,Within Period,No,No,Yes,Yes,Low,Low,Normal,Valid Claim
CLM-0117,PRD-0117,Washing Machine,Dawlance,DWT-1167,SN38944689,2025-04-29,135000,Mega Electronics,24,2025-04-29,2027-04-19,2026-08-22,16,2026-08-17,Water leakage,Water leakage; synthetic claim scenario: normal.,Water/Liquid,Active,Covered,Available,Available,Available,Available,Available,Not Required,0,0,,,Not Applicable,None,Match,Match,No,No,Within Period,No,No,Yes,Yes,Normal,Low,Normal,Valid Claim
CLM-0118,PRD-0118,Printer,HP,LaserJet M404,SN18429833,2023-04-24,72000,TechWorld,12,2023-04-24,2024-04-18,2023-09-21,5,2023-09-13,Connectivity issue,Connectivity issue; synthetic claim scenario: complete evidence.,Software/Firmware,Active,Covered,Available,Available,Available,Available,Available,Not Required,0,0,,,Not Applicable,None,Match,Match,No,No,Within Period,No,No,Yes,Yes,Normal,Low,Complete evidence,Valid Claim
CLM-0119,PRD-0119,Laptop,Dell,Inspiron 15,SN86593187,2024-10-09,85000,City Appliances,12,2024-10-09,2025-10-04,2025-07-06,9,2025-06-17,Screen flickering,Screen flickering; synthetic claim scenario: active warranty.,Mechanical,Active,Covered,Available,Available,Available,Available,Available,Available,0,1,2025-05-19,Authorized Service Center B,Authorized,None,Match,Match,No,No,Within Period,Yes,No,Yes,Yes,Normal,Low,Active warranty,Valid Claim
CLM-0120,PRD-0120,Air Conditioner,Orient,Ultron,SN57928328,2023-03-11,165000,TechWorld,18,2023-03-11,2024-09-01,2023-04-10,1,2023-03-28,Cooling failure,Cooling failure; synthetic claim scenario: active warranty.,Physical,Active,Covered,Available,Available,Available,Available,Available,Not Required,0,0,,,Not Applicable,None,Match,Match,No,No,Within Period,Yes,No,Yes,Yes,Low,Low,Active warranty,Valid Claim
CLM-0121,PRD-0121,Refrigerator,Haier,HRF-758,SN72360629,2025-01-20,180000,City Appliances,24,2025-01-20,2027-01-10,2026-11-11,22,2026-11-07,Compressor issue,Compressor issue; synthetic claim scenario: active warranty.,Normal Wear,Active,Covered,Available,Available,Available,Available,Available,Not Required,0,0,,,Not Applicable,None,Match,Match,No,No,Within Period,No,No,Yes,Yes,Low,Low,Active warranty,Valid Claim
CLM-0122,PRD-0122,Television,LG,OLED55,SN15624520,2025-04-10,210000,Digital Hub,24,2025-04-10,2027-03-31,2025-09-07,5,2025-09-04,Power failure,Power failure; synthetic claim scenario: normal.,Physical,Active,Covered,Available,Available,Available,Available,Available,Not Required,0,0,,,Not Applicable,None,Match,Match,No,No,Within Period,Yes,No,Yes,Yes,Normal,Low,Normal,Valid Claim
CLM-0123,PRD-0123,Printer,HP,LaserJet M404,SN98010774,2025-04-14,72000,Digital Hub,12,2025-04-14,2026-04-09,2026-01-09,9,2025-12-24,Paper feed failure,Paper feed failure; synthetic claim scenario: active warranty.,Physical,Active,Covered,Available,Available,Available,Available,Available,Not Required,0,0,,,Not Applicable,None,Match,Match,No,No,Within Period,No,No,Yes,Yes,Low,Low,Active warranty,Valid Claim
CLM-0124,PRD-0124,Smartphone,Samsung,Galaxy A55,SN59304469,2025-03-29,125000,Smart Mart,12,2025-03-29,2026-03-24,2025-09-25,6,2025-09-11,Charging port failure,Charging port failure; synthetic claim scenario: complete evidence.,Physical,Active,Covered,Available,Available,Available,Available,Available,Not Required,0,1,2025-07-01,Authorized Service Center B,Authorized,None,Match,Match,No,No,Within Period,Yes,No,Yes,Yes,Normal,Low,Complete evidence,Valid Claim
CLM-0125,PRD-0125,Printer,HP,LaserJet M404,SN51137177,2023-03-22,72000,City Appliances,12,2023-03-22,2024-03-16,2023-10-18,7,2023-09-28,Power failure,Power failure; synthetic claim scenario: active warranty.,Water/Liquid,Active,Covered,Available,Available,Available,Available,Available,Available,0,1,2023-08-12,Authorized Service Center B,Authorized,Motherboard,Match,Match,No,No,Within Period,No,No,Yes,Yes,Normal,Low,Active warranty,Valid Claim
CLM-0126,PRD-0126,Television,LG,OLED55,SN20071854,2024-12-07,210000,City Appliances,24,2024-12-07,2026-11-27,2026-03-02,15,2026-02-18,No display,No display; synthetic claim scenario: active warranty.,Physical,Active,Covered,Available,Available,Available,Available,Available,Not Required,0,0,,,Not Applicable,None,Match,Match,No,No,Within Period,Yes,No,Yes,Yes,Low,Low,Active warranty,Valid Claim
CLM-0127,PRD-0127,Television,LG,OLED55,SN58607028,2023-02-01,210000,City Appliances,24,2023-02-01,2025-01-21,2023-07-01,5,2023-06-11,Panel issue,Panel issue; synthetic claim scenario: covered fault.,Water/Liquid,Active,Covered,Available,Available,Available,Available,Available,Not Required,0,0,,,Not Applicable,None,Match,Match,No,No,Within Period,No,No,Yes,Yes,Normal,Low,Covered fault,Valid Claim
CLM-0128,PRD-0128,Laptop,Dell,Inspiron 15,SN59251188,2024-09-11,85000,City Appliances,12,2024-09-11,2025-09-06,2024-12-10,3,2024-11-25,Motherboard failure,Motherboard failure; synthetic claim scenario: covered fault.,Physical,Active,Covered,Available,Available,Available,Available,Available,Not Required,0,0,,,Not Applicable,None,Match,Match,No,No,Within Period,Yes,No,Yes,Yes,Normal,Low,Covered fault,Valid Claim
CLM-0129,PRD-0129,Washing Machine,Dawlance,DWT-1167,SN69897763,2023-09-13,135000,Mega Electronics,24,2023-09-13,2025-09-02,2024-01-11,4,2024-01-10,Water leakage,Water leakage; synthetic claim scenario: active warranty.,Water/Liquid,Active,Covered,Available,Available,Available,Available,Available,Available,0,0,,,Not Applicable,None,Match,Match,No,No,Within Period,Yes,No,Yes,Yes,Normal,Low,Active warranty,Valid Claim
CLM-0130,PRD-0130,Washing Machine,Dawlance,DWT-1167,SN21783073,2024-12-11,135000,Digital Hub,24,2024-12-11,2026-12-01,2026-04-05,16,2026-03-29,Control panel failure,Control panel failure; synthetic claim scenario: covered fault.,Normal Wear,Active,Covered,Available,Available,Available,Available,Available,Available,0,0,,,Not Applicable,None,Match,Match,No,No,Within Period,No,No,Yes,Yes,Low,Low,Covered fault,Valid Claim
CLM-0131,PRD-0131,Air Conditioner,Orient,Ultron,SN26288992,2024-12-27,165000,Mega Electronics,18,2024-12-27,2026-06-20,2025-03-27,3,2025-03-09,Compressor issue,Compressor issue; synthetic claim scenario: active warranty.,Mechanical,Active,Covered,Available,Available,Available,Available,Available,Not Required,0,0,,,Not Applicable,None,Match,Match,No,No,Within Period,No,No,Yes,Yes,Normal,Low,Active warranty,Valid Claim
CLM-0132,PRD-0132,Refrigerator,Haier,HRF-758,SN51512297,2025-03-20,180000,City Appliances,24,2025-03-20,2027-03-10,2026-07-13,16,2026-07-12,Cooling failure,Cooling failure; synthetic claim scenario: normal.,Normal Wear,Active,Covered,Available,Available,Available,Available,Available,Not Required,0,1,2026-04-01,Authorized Service Center B,Authorized,Motherboard,Match,Match,No,No,Within Period,Yes,No,Yes,Yes,Normal,Low,Normal,Valid Claim
CLM-0133,PRD-0133,Printer,HP,LaserJet M404,SN79438885,2025-02-26,72000,Digital Hub,12,2025-02-26,2026-02-21,2025-09-24,7,2025-09-05,Connectivity issue,Connectivity issue; synthetic claim scenario: complete evidence.,Mechanical,Active,Covered,Available,Available,Available,Available,Available,Available,0,0,,,Not Applicable,None,Match,Match,No,No,Within Period,Yes,No,Yes,Yes,Normal,Low,Complete evidence,Valid Claim
CLM-0134,PRD-0134,Television,LG,OLED55,SN53306792,2025-02-25,210000,Mega Electronics,24,2025-02-25,2027-02-15,2025-07-25,5,2025-07-11,Power failure,Power failure; synthetic claim scenario: covered fault.,Physical,Active,Covered,Available,Available,Available,Available,Available,Available,0,0,,,Not Applicable,None,Match,Match,No,No,Within Period,No,No,Yes,Yes,Low,Low,Covered fault,Valid Claim
CLM-0135,PRD-0135,Washing Machine,Dawlance,DWT-1167,SN89431184,2025-05-16,135000,Smart Mart,24,2025-05-16,2027-05-06,2025-08-14,3,2025-08-05,Motor issue,Motor issue; synthetic claim scenario: normal.,Mechanical,Active,Covered,Available,Available,Available,Available,Available,Available,0,1,2025-05-06,Authorized Service Center B,Authorized,Battery,Match,Match,No,No,Within Period,No,No,Yes,Yes,Low,Low,Normal,Valid Claim
CLM-0136,PRD-0136,Air Conditioner,Orient,Ultron,SN76845536,2025-05-12,165000,Smart Mart,18,2025-05-12,2026-11-03,2025-07-11,2,2025-07-10,Cooling failure,Cooling failure; synthetic claim scenario: complete evidence.,Physical,Active,Covered,Available,Available,Available,Available,Available,Available,0,0,,,Not Applicable,None,Match,Match,No,No,Within Period,Yes,No,Yes,Yes,Normal,Low,Complete evidence,Valid Claim
CLM-0137,PRD-0137,Washing Machine,Dawlance,DWT-1167,SN65783806,2024-05-09,135000,City Appliances,24,2024-05-09,2026-04-29,2025-01-04,8,2024-12-22,Control panel failure,Control panel failure; synthetic claim scenario: covered fault.,Software/Firmware,Active,Covered,Available,Available,Available,Available,Available,Not Required,0,0,,,Not Applicable,None,Match,Match,No,No,Within Period,No,No,Yes,Yes,Normal,Low,Covered fault,Valid Claim
CLM-0138,PRD-0138,Refrigerator,Haier,HRF-758,SN52831009,2023-12-15,180000,Mega Electronics,24,2023-12-15,2025-12-04,2025-08-06,20,2025-08-01,Cooling failure,Cooling failure; synthetic claim scenario: active warranty.,Software/Firmware,Active,Covered,Available,Available,Available,Available,Available,Not Required,0,1,2025-05-28,Authorized Service Center B,Authorized,None,Match,Match,No,No,Within Period,Yes,No,Yes,Yes,Normal,Low,Active warranty,Valid Claim
CLM-0139,PRD-0139,Washing Machine,Dawlance,DWT-1167,SN31434525,2024-04-05,135000,Digital Hub,24,2024-04-05,2026-03-26,2024-12-01,8,2024-11-26,Motor issue,Motor issue; synthetic claim scenario: complete evidence.,Water/Liquid,Active,Covered,Available,Available,Available,Available,Available,Available,0,0,,,Not Applicable,None,Match,Match,No,No,Within Period,Yes,No,Yes,Yes,Low,Low,Complete evidence,Valid Claim
CLM-0140,PRD-0140,Air Conditioner,Orient,Ultron,SN62780072,2023-07-14,165000,Smart Mart,18,2023-07-14,2025-01-04,2024-01-10,6,2023-12-25,Cooling failure,Cooling failure; synthetic claim scenario: normal.,Software/Firmware,Active,Covered,Available,Available,Available,Available,Available,Not Required,0,0,,,Not Applicable,None,Match,Match,No,No,Within Period,Yes,No,Yes,Yes,Low,Low,Normal,Valid Claim
CLM-0141,PRD-0141,Refrigerator,Haier,HRF-758,SN82033413,2023-08-09,180000,TechWorld,24,2023-08-09,2025-07-29,2025-03-01,19,2025-02-17,Door seal failure,Door seal failure; synthetic claim scenario: complete evidence.,Electrical,Active,Covered,Available,Available,Available,Available,Available,Available,0,0,,,Not Applicable,None,Match,Match,No,No,Within Period,Yes,No,Yes,Yes,Low,Low,Complete evidence,Valid Claim
CLM-0142,PRD-0142,Printer,HP,LaserJet M404,SN58657117,2023-05-18,72000,Smart Mart,12,2023-05-18,2024-05-12,2023-10-15,5,2023-10-03,Print-head issue,Print-head issue; synthetic claim scenario: normal.,Physical,Active,Covered,Available,Available,Available,Available,Available,Not Required,0,0,,,Not Applicable,None,Match,Match,No,No,Within Period,No,No,Yes,Yes,Low,Low,Normal,Valid Claim
CLM-0143,PRD-0143,Smartphone,Samsung,Galaxy A55,SN55511258,2024-01-31,125000,Smart Mart,12,2024-01-31,2025-01-25,2024-10-27,9,2024-10-12,Camera failure,Camera failure; synthetic claim scenario: complete evidence.,Physical,Active,Covered,Available,Available,Available,Available,Available,Not Required,0,1,2024-07-02,Authorized Service Center A,Authorized,Battery,Match,Match,No,No,Within Period,No,No,Yes,Yes,Normal,Low,Complete evidence,Valid Claim
CLM-0144,PRD-0144,Refrigerator,Haier,HRF-758,SN79703656,2024-09-08,180000,City Appliances,24,2024-09-08,2026-08-29,2026-01-31,17,2026-01-18,Thermostat failure,Thermostat failure; synthetic claim scenario: active warranty.,Mechanical,Active,Covered,Available,Available,Available,Available,Available,Available,0,0,,,Not Applicable,None,Match,Match,No,No,Within Period,No,No,Yes,Yes,Normal,Low,Active warranty,Valid Claim
CLM-0145,PRD-0145,Television,LG,OLED55,SN50237208,2023-12-02,210000,City Appliances,24,2023-12-02,2025-11-21,2025-07-24,20,2025-07-13,Remote receiver failure,Remote receiver failure; synthetic claim scenario: complete evidence.,Electrical,Active,Covered,Available,Available,Available,Available,Available,Available,0,0,,,Not Applicable,None,Match,Match,No,No,Within Period,Yes,No,Yes,Yes,Low,Low,Complete evidence,Valid Claim
CLM-0146,PRD-0146,Air Conditioner,Orient,Ultron,SN88319168,2023-12-06,165000,City Appliances,18,2023-12-06,2025-05-29,2024-04-04,4,2024-03-21,Cooling failure,Cooling failure; synthetic claim scenario: covered fault.,Mechanical,Active,Covered,Available,Available,Available,Available,Available,Not Required,0,1,2023-12-08,Authorized Service Center A,Authorized,Control Board,Match,Match,No,No,Within Period,Yes,No,Yes,Yes,Low,Low,Covered fault,Valid Claim
CLM-0147,PRD-0147,Printer,HP,LaserJet M404,SN30324759,2023-06-01,72000,City Appliances,12,2023-06-01,2024-05-26,2023-09-29,4,2023-09-27,Connectivity issue,Connectivity issue; synthetic claim scenario: active warranty.,Normal Wear,Active,Covered,Available,Available,Available,Available,Available,Available,0,0,,,Not Applicable,None,Match,Match,No,No,Within Period,No,No,Yes,Yes,Low,Low,Active warranty,Valid Claim
CLM-0148,PRD-0148,Refrigerator,Haier,HRF-758,SN52111160,2024-02-25,180000,Mega Electronics,24,2024-02-25,2026-02-14,2025-07-19,17,2025-06-29,Thermostat failure,Thermostat failure; synthetic claim scenario: complete evidence.,Software/Firmware,Active,Covered,Available,Available,Available,Available,Available,Not Required,0,1,2025-06-12,Authorized Service Center A,Authorized,Control Board,Match,Match,No,No,Within Period,No,No,Yes,Yes,Low,Low,Complete evidence,Valid Claim
CLM-0149,PRD-0149,Air Conditioner,Orient,Ultron,SN49945150,2024-07-13,165000,Digital Hub,18,2024-07-13,2026-01-04,2025-07-08,12,2025-06-29,Compressor issue,Compressor issue; synthetic claim scenario: active warranty.,Normal Wear,Active,Covered,Available,Available,Available,Available,Available,Not Required,0,0,,,Not Applicable,None,Match,Match,No,No,Within Period,No,No,Yes,Yes,Low,Low,Active warranty,Valid Claim
CLM-0150,PRD-0150,Refrigerator,Haier,HRF-758,SN62953249,2024-12-07,180000,Digital Hub,24,2024-12-07,2026-11-27,2026-04-01,16,2026-03-21,Thermostat failure,Thermostat failure; synthetic claim scenario: normal.,Mechanical,Active,Covered,Available,Available,Available,Available,Available,Not Required,0,0,,,Not Applicable,None,Match,Match,No,No,Within Period,Yes,No,Yes,Yes,Low,Low,Normal,Valid Claim
CLM-0151,PRD-0151,Washing Machine,Dawlance,DWT-1167,SN82286705,2023-02-13,135000,Digital Hub,24,2023-02-13,2025-02-02,2023-12-10,10,2023-12-07,Motor issue,Motor issue; synthetic claim scenario: covered fault.,Water/Liquid,Active,Covered,Available,Available,Available,Available,Available,Not Required,0,0,,,Not Applicable,None,Match,Match,No,No,Within Period,Yes,No,Yes,Yes,Low,Low,Covered fault,Valid Claim
CLM-0152,PRD-0152,Washing Machine,Dawlance,DWT-1167,SN23448342,2023-05-21,135000,City Appliances,24,2023-05-21,2025-05-10,2023-09-18,4,2023-08-29,Drainage failure,Drainage failure; synthetic claim scenario: covered fault.,Physical,Active,Covered,Available,Available,Available,Available,Available,Available,0,0,,,Not Applicable,None,Match,Match,No,No,Within Period,No,No,Yes,Yes,Normal,Low,Covered fault,Valid Claim
CLM-0153,PRD-0153,Microwave,Samsung,MS23,SN53106399,2023-04-13,45000,Digital Hub,12,2023-04-13,2024-04-07,2023-07-12,3,2023-07-11,Door switch failure,Door switch failure; synthetic claim scenario: covered fault.,Normal Wear,Active,Covered,Available,Available,Available,Available,Available,Available,0,0,,,Not Applicable,None,Match,Match,No,No,Within Period,Yes,No,Yes,Yes,Low,Low,Covered fault,Valid Claim
CLM-0154,PRD-0154,Laptop,Dell,Inspiron 15,SN76489301,2025-02-26,85000,Mega Electronics,12,2025-02-26,2026-02-21,2025-04-27,2,2025-04-08,Charging issue,Charging issue; synthetic claim scenario: normal.,Normal Wear,Active,Covered,Available,Available,Available,Available,Available,Available,0,1,2025-03-24,Authorized Service Center A,Authorized,Screen,Match,Match,No,No,Within Period,Yes,No,Yes,Yes,Normal,Low,Normal,Valid Claim
CLM-0155,PRD-0155,Laptop,Dell,Inspiron 15,SN77674279,2023-01-10,85000,City Appliances,12,2023-01-10,2024-01-05,2023-06-09,5,2023-05-21,Screen flickering,Screen flickering; synthetic claim scenario: complete evidence.,Physical,Active,Covered,Available,Available,Available,Available,Available,Available,0,0,,,Not Applicable,None,Match,Match,No,No,Within Period,Yes,No,Yes,Yes,Low,Low,Complete evidence,Valid Claim
CLM-0156,PRD-0156,Refrigerator,Haier,HRF-758,SN86206305,2025-04-08,180000,Mega Electronics,24,2025-04-08,2027-03-29,2025-08-06,4,2025-07-26,Door seal failure,Door seal failure; synthetic claim scenario: active warranty.,Mechanical,Active,Covered,Available,Available,Available,Available,Available,Available,0,1,2025-05-10,Authorized Service Center B,Authorized,Control Board,Match,Match,No,No,Within Period,No,No,Yes,Yes,Normal,Low,Active warranty,Valid Claim
CLM-0157,PRD-0157,Printer,HP,LaserJet M404,SN74082804,2025-04-26,72000,Digital Hub,12,2025-04-26,2026-04-21,2025-11-22,7,2025-11-05,Print-head issue,Print-head issue; synthetic claim scenario: covered fault.,Mechanical,Active,Covered,Available,Available,Available,Available,Available,Not Required,0,0,,,Not Applicable,None,Match,Match,No,No,Within Period,Yes,No,Yes,Yes,Normal,Low,Covered fault,Valid Claim
CLM-0158,PRD-0158,Laptop,Dell,Inspiron 15,SN97735896,2023-09-25,85000,Digital Hub,12,2023-09-25,2024-09-19,2024-04-22,7,2024-04-14,Keyboard failure,Keyboard failure; synthetic claim scenario: normal.,Normal Wear,Active,Covered,Available,Available,Available,Available,Available,Not Required,0,0,,,Not Applicable,None,Match,Match,No,No,Within Period,Yes,No,Yes,Yes,Low,Low,Normal,Valid Claim
CLM-0159,PRD-0159,Refrigerator,Haier,HRF-758,SN95726382,2023-03-05,180000,Digital Hub,24,2023-03-05,2025-02-22,2024-12-24,22,2024-12-20,Cooling failure,Cooling failure; synthetic claim scenario: active warranty.,Physical,Active,Covered,Available,Available,Available,Available,Available,Not Required,0,0,,,Not Applicable,None,Match,Match,No,No,Within Period,No,No,Yes,Yes,Low,Low,Active warranty,Valid Claim
CLM-0160,PRD-0160,Refrigerator,Haier,HRF-758,SN43214247,2023-08-13,180000,Smart Mart,24,2023-08-13,2025-08-02,2024-01-10,5,2023-12-25,Compressor issue,Compressor issue; synthetic claim scenario: complete evidence.,Electrical,Active,Covered,Available,Available,Available,Available,Available,Available,0,0,,,Not Applicable,None,Match,Match,No,No,Within Period,Yes,No,Yes,Yes,Low,Low,Complete evidence,Valid Claim
CLM-0161,PRD-0161,Microwave,Samsung,MS23,SN79839059,2024-06-24,45000,City Appliances,12,2024-06-24,2025-06-19,2024-12-21,6,2024-12-18,Door switch failure,Door switch failure; synthetic claim scenario: covered fault.,Electrical,Active,Covered,Available,Available,Available,Available,Available,Available,0,0,,,Not Applicable,None,Match,Match,No,No,Within Period,No,No,Yes,Yes,Normal,Low,Covered fault,Valid Claim
CLM-0162,PRD-0162,Refrigerator,Haier,HRF-758,SN85686878,2025-01-04,180000,TechWorld,24,2025-01-04,2026-12-25,2026-07-28,19,2026-07-12,Thermostat failure,Thermostat failure; synthetic claim scenario: complete evidence.,Water/Liquid,Active,Covered,Available,Available,Available,Available,Available,Available,0,1,2026-05-02,Authorized Service Center A,Authorized,Motherboard,Match,Match,No,No,Within Period,Yes,No,Yes,Yes,Normal,Low,Complete evidence,Valid Claim
CLM-0163,PRD-0163,Washing Machine,Dawlance,DWT-1167,SN56241881,2025-01-10,135000,TechWorld,24,2025-01-10,2026-12-31,2025-02-09,1,2025-01-27,Control panel failure,Control panel failure; synthetic claim scenario: normal.,Water/Liquid,Active,Covered,Available,Available,Available,Available,Available,Not Required,0,0,,,Not Applicable,None,Match,Match,No,No,Within Period,No,No,Yes,Yes,Normal,Low,Normal,Valid Claim
CLM-0164,PRD-0164,Laptop,Dell,Inspiron 15,SN61335545,2023-03-12,85000,City Appliances,12,2023-03-12,2024-03-06,2023-11-07,8,2023-11-05,Keyboard failure,Keyboard failure; synthetic claim scenario: complete evidence.,Software/Firmware,Active,Covered,Available,Available,Available,Available,Available,Not Required,0,0,,,Not Applicable,None,Match,Match,No,No,Within Period,No,No,Yes,Yes,Normal,Low,Complete evidence,Valid Claim
CLM-0165,PRD-0165,Printer,HP,LaserJet M404,SN10466177,2023-03-24,72000,TechWorld,12,2023-03-24,2024-03-18,2023-12-19,9,2023-12-14,Print-head issue,Print-head issue; synthetic claim scenario: covered fault.,Physical,Active,Covered,Available,Available,Available,Available,Available,Not Required,0,0,,,Not Applicable,None,Match,Match,No,No,Within Period,No,No,Yes,Yes,Low,Low,Covered fault,Valid Claim
CLM-0166,PRD-0166,Microwave,Samsung,MS23,SN46997080,2024-11-20,45000,Mega Electronics,12,2024-11-20,2025-11-15,2025-08-17,9,2025-08-03,Turntable failure,Turntable failure; synthetic claim scenario: active warranty.,Normal Wear,Active,Covered,Available,Available,Available,Available,Available,Not Required,0,0,,,Not Applicable,None,Match,Match,No,No,Within Period,No,No,Yes,Yes,Low,Low,Active warranty,Valid Claim
CLM-0167,PRD-0167,Smartphone,Samsung,Galaxy A55,SN14506531,2023-02-02,125000,City Appliances,12,2023-02-02,2024-01-28,2023-08-31,7,2023-08-11,Speaker failure,Speaker failure; synthetic claim scenario: normal.,Water/Liquid,Active,Covered,Available,Available,Available,Available,Available,Available,0,0,,,Not Applicable,None,Match,Match,No,No,Within Period,No,No,Yes,Yes,Normal,Low,Normal,Valid Claim
CLM-0168,PRD-0168,Laptop,Dell,Inspiron 15,SN48824283,2023-09-08,85000,Mega Electronics,12,2023-09-08,2024-09-02,2023-10-08,1,2023-09-25,Motherboard failure,Motherboard failure; synthetic claim scenario: covered fault.,Normal Wear,Active,Covered,Available,Available,Available,Available,Available,Not Required,0,0,,,Not Applicable,None,Match,Match,No,No,Within Period,No,No,Yes,Yes,Normal,Low,Covered fault,Valid Claim
CLM-0169,PRD-0169,Air Conditioner,Orient,Ultron,SN18181595,2024-08-14,165000,Smart Mart,18,2024-08-14,2026-02-05,2025-07-10,11,2025-07-02,Fan failure,Fan failure; synthetic claim scenario: active warranty.,Water/Liquid,Active,Covered,Available,Available,Available,Available,Available,Not Required,0,0,,,Not Applicable,None,Match,Match,No,No,Within Period,No,No,Yes,Yes,Low,Low,Active warranty,Valid Claim
CLM-0170,PRD-0170,Television,LG,OLED55,SN64795619,2024-10-03,210000,Mega Electronics,24,2024-10-03,2026-09-23,2026-07-25,22,2026-07-11,Sound failure,Sound failure; synthetic claim scenario: active warranty.,Physical,Active,Covered,Available,Available,Available,Available,Available,Not Required,0,0,,,Not Applicable,None,Match,Match,No,No,Within Period,Yes,No,Yes,Yes,Low,Low,Active warranty,Valid Claim
CLM-0171,PRD-0171,Printer,HP,LaserJet M404,SN85482164,2023-07-08,72000,City Appliances,12,2023-07-08,2024-07-02,2024-04-03,9,2024-03-18,Paper feed failure,Paper feed failure; synthetic claim scenario: complete evidence.,Software/Firmware,Active,Covered,Available,Available,Available,Available,Available,Available,0,0,,,Not Applicable,None,Match,Match,No,No,Within Period,Yes,No,Yes,Yes,Normal,Low,Complete evidence,Valid Claim
CLM-0172,PRD-0172,Television,LG,OLED55,SN81891784,2024-02-02,210000,Mega Electronics,24,2024-02-02,2026-01-22,2024-09-29,8,2024-09-20,No display,No display; synthetic claim scenario: active warranty.,Electrical,Active,Covered,Available,Available,Available,Available,Available,Available,0,0,,,Not Applicable,None,Match,Match,No,No,Within Period,No,No,Yes,Yes,Low,Low,Active warranty,Valid Claim
CLM-0173,PRD-0173,Washing Machine,Dawlance,DWT-1167,SN54689713,2024-01-22,135000,Digital Hub,24,2024-01-22,2026-01-11,2025-11-12,22,2025-10-23,Motor issue,Motor issue; synthetic claim scenario: complete evidence.,Electrical,Active,Covered,Available,Available,Available,Available,Available,Available,0,0,,,Not Applicable,None,Match,Match,No,No,Within Period,No,No,Yes,Yes,Normal,Low,Complete evidence,Valid Claim
CLM-0174,PRD-0174,Refrigerator,Haier,HRF-758,SN61091554,2023-07-14,180000,City Appliances,24,2023-07-14,2025-07-03,2023-11-11,4,2023-10-26,Door seal failure,Door seal failure; synthetic claim scenario: active warranty.,Water/Liquid,Active,Covered,Available,Available,Available,Available,Available,Available,0,1,2023-07-27,Authorized Service Center A,Authorized,Screen,Match,Match,No,No,Within Period,Yes,No,Yes,Yes,Normal,Low,Active warranty,Valid Claim
CLM-0175,PRD-0175,Washing Machine,Dawlance,DWT-1167,SN59755172,2023-09-25,135000,Digital Hub,24,2023-09-25,2025-09-14,2024-09-19,12,2024-09-02,Motor issue,Motor issue; synthetic claim scenario: active warranty.,Software/Firmware,Active,Covered,Available,Available,Available,Available,Available,Not Required,0,0,,,Not Applicable,None,Match,Match,No,No,Within Period,No,No,Yes,Yes,Low,Low,Active warranty,Valid Claim
CLM-0176,PRD-0176,Laptop,Dell,Inspiron 15,SN54273769,2024-07-30,85000,Mega Electronics,12,2024-07-30,2025-07-25,2024-11-27,4,2024-11-22,Screen flickering,Screen flickering; synthetic claim scenario: covered fault.,Software/Firmware,Active,Covered,Available,Available,Available,Available,Available,Available,0,0,,,Not Applicable,None,Match,Match,No,No,Within Period,Yes,No,Yes,Yes,Low,Low,Covered fault,Valid Claim
CLM-0177,PRD-0177,Refrigerator,Haier,HRF-758,SN32718459,2024-05-26,180000,Mega Electronics,24,2024-05-26,2026-05-16,2025-11-17,18,2025-11-06,Door seal failure,Door seal failure; synthetic claim scenario: covered fault.,Normal Wear,Active,Covered,Available,Available,Available,Available,Available,Not Required,0,0,,,Not Applicable,None,Match,Match,No,No,Within Period,Yes,No,Yes,Yes,Low,Low,Covered fault,Valid Claim
CLM-0178,PRD-0178,Microwave,Samsung,MS23,SN94651342,2023-07-08,45000,Mega Electronics,12,2023-07-08,2024-07-02,2024-04-03,9,2024-04-01,Turntable failure,Turntable failure; synthetic claim scenario: complete evidence.,Electrical,Active,Covered,Available,Available,Available,Available,Available,Available,0,0,,,Not Applicable,None,Match,Match,No,No,Within Period,No,No,Yes,Yes,Normal,Low,Complete evidence,Valid Claim
CLM-0179,PRD-0179,Television,LG,OLED55,SN10887495,2023-01-10,210000,Smart Mart,24,2023-01-10,2024-12-30,2023-08-08,7,2023-07-22,No display,No display; synthetic claim scenario: complete evidence.,Water/Liquid,Active,Covered,Available,Available,Available,Available,Available,Not Required,0,0,,,Not Applicable,None,Match,Match,No,No,Within Period,No,No,Yes,Yes,Low,Low,Complete evidence,Valid Claim
CLM-0180,PRD-0180,Printer,HP,LaserJet M404,SN80381817,2023-01-13,72000,Mega Electronics,12,2023-01-13,2024-01-08,2023-02-12,1,2023-01-26,Paper feed failure,Paper feed failure; synthetic claim scenario: normal.,Mechanical,Active,Covered,Available,Available,Available,Available,Available,Not Required,0,1,2022-12-08,Authorized Service Center A,Authorized,Battery,Match,Match,No,No,Within Period,Yes,No,Yes,Yes,Normal,Low,Normal,Valid Claim
CLM-0181,PRD-0181,Washing Machine,Dawlance,DWT-1167,SN40314047,2025-04-14,135000,Digital Hub,24,2025-04-14,2027-04-04,2026-04-09,12,2026-03-31,Motor issue,Motor issue; synthetic claim scenario: complete evidence.,Normal Wear,Active,Covered,Available,Available,Available,Available,Available,Not Required,0,0,,,Not Applicable,None,Match,Match,No,No,Within Period,Yes,No,Yes,Yes,Low,Low,Complete evidence,Valid Claim
CLM-0182,PRD-0182,Smartphone,Samsung,Galaxy A55,SN33002714,2024-10-31,125000,TechWorld,12,2024-10-31,2025-10-26,2024-11-30,1,2024-11-27,Battery swelling,Battery swelling; synthetic claim scenario: normal.,Software/Firmware,Active,Covered,Available,Available,Available,Available,Available,Not Required,0,0,,,Not Applicable,None,Match,Match,No,No,Within Period,Yes,No,Yes,Yes,Low,Low,Normal,Valid Claim
CLM-0183,PRD-0183,Printer,HP,LaserJet M404,SN19978827,2024-10-22,72000,Digital Hub,12,2024-10-22,2025-10-17,2025-04-20,6,2025-04-01,Paper feed failure,Paper feed failure; synthetic claim scenario: active warranty.,Water/Liquid,Active,Covered,Available,Available,Available,Available,Available,Available,0,1,2025-03-16,Authorized Service Center A,Authorized,Control Board,Match,Match,No,No,Within Period,No,No,Yes,Yes,Low,Low,Active warranty,Valid Claim
CLM-0184,PRD-0184,Laptop,Dell,Inspiron 15,SN42275631,2023-07-03,85000,Smart Mart,12,2023-07-03,2024-06-27,2023-12-30,6,2023-12-29,Motherboard failure,Motherboard failure; synthetic claim scenario: covered fault.,Software/Firmware,Active,Covered,Available,Available,Available,Available,Available,Available,0,1,2023-11-12,Authorized Service Center B,Authorized,Control Board,Match,Match,No,No,Within Period,No,No,Yes,Yes,Low,Low,Covered fault,Valid Claim
CLM-0185,PRD-0185,Air Conditioner,Orient,Ultron,SN55713584,2024-01-29,165000,Smart Mart,18,2024-01-29,2025-07-22,2024-06-27,5,2024-06-24,Cooling failure,Cooling failure; synthetic claim scenario: covered fault.,Water/Liquid,Active,Covered,Available,Available,Available,Available,Available,Not Required,0,0,,,Not Applicable,None,Match,Match,No,No,Within Period,No,No,Yes,Yes,Low,Low,Covered fault,Valid Claim
CLM-0186,PRD-0186,Printer,HP,LaserJet M404,SN67961650,2025-03-03,72000,Mega Electronics,12,2025-03-03,2026-02-26,2025-08-30,6,2025-08-29,Connectivity issue,Connectivity issue; synthetic claim scenario: active warranty.,Normal Wear,Active,Covered,Available,Available,Available,Available,Available,Not Required,0,0,,,Not Applicable,None,Match,Match,No,No,Within Period,Yes,No,Yes,Yes,Normal,Low,Active warranty,Valid Claim
CLM-0187,PRD-0187,Printer,HP,LaserJet M404,SN62294176,2023-03-29,72000,Digital Hub,12,2023-03-29,2024-03-23,2024-01-23,10,2024-01-13,Print-head issue,Print-head issue; synthetic claim scenario: complete evidence.,Physical,Active,Covered,Available,Available,Available,Available,Available,Available,0,1,2023-12-15,Authorized Service Center A,Authorized,None,Match,Match,No,No,Within Period,Yes,No,Yes,Yes,Normal,Low,Complete evidence,Valid Claim
CLM-0188,PRD-0188,Smartphone,Samsung,Galaxy A55,SN67845091,2023-01-06,125000,City Appliances,12,2023-01-06,2024-01-01,2023-06-05,5,2023-05-21,Screen failure,Screen failure; synthetic claim scenario: normal.,Water/Liquid,Active,Covered,Available,Available,Available,Available,Available,Not Required,0,0,,,Not Applicable,None,Match,Match,No,No,Within Period,No,No,Yes,Yes,Normal,Low,Normal,Valid Claim
CLM-0189,PRD-0189,Printer,HP,LaserJet M404,SN62049575,2023-04-16,72000,TechWorld,12,2023-04-16,2024-04-10,2023-05-16,1,2023-05-13,Connectivity issue,Connectivity issue; synthetic claim scenario: active warranty.,Normal Wear,Active,Covered,Available,Available,Available,Available,Available,Not Required,0,1,2023-04-05,Authorized Service Center B,Authorized,Control Board,Match,Match,No,No,Within Period,Yes,No,Yes,Yes,Normal,Low,Active warranty,Valid Claim
CLM-0190,PRD-0190,Refrigerator,Haier,HRF-758,SN76185975,2024-08-08,180000,Mega Electronics,24,2024-08-08,2026-07-29,2025-12-31,17,2025-12-25,Door seal failure,Door seal failure; synthetic claim scenario: active warranty.,Electrical,Active,Covered,Available,Available,Available,Available,Available,Not Required,0,0,,,Not Applicable,None,Match,Match,No,No,Within Period,No,No,Yes,Yes,Low,Low,Active warranty,Valid Claim
CLM-0191,PRD-0191,Television,LG,OLED55,SN93890601,2024-03-21,210000,City Appliances,24,2024-03-21,2026-03-11,2024-12-16,9,2024-12-02,Power failure,Power failure; synthetic claim scenario: active warranty.,Water/Liquid,Active,Covered,Available,Available,Available,Available,Available,Not Required,0,0,,,Not Applicable,None,Match,Match,No,No,Within Period,No,No,Yes,Yes,Low,Low,Active warranty,Valid Claim
CLM-0192,PRD-0192,Refrigerator,Haier,HRF-758,SN69085720,2024-04-13,180000,Digital Hub,24,2024-04-13,2026-04-03,2024-08-11,4,2024-08-06,Door seal failure,Door seal failure; synthetic claim scenario: complete evidence.,Software/Firmware,Active,Covered,Available,Available,Available,Available,Available,Not Required,0,0,,,Not Applicable,None,Match,Match,No,No,Within Period,Yes,No,Yes,Yes,Low,Low,Complete evidence,Valid Claim
CLM-0193,PRD-0193,Television,LG,OLED55,SN49117508,2023-11-04,210000,City Appliances,24,2023-11-04,2025-10-24,2024-09-29,11,2024-09-09,Panel issue,Panel issue; synthetic claim scenario: complete evidence.,Water/Liquid,Active,Covered,Available,Available,Available,Available,Available,Available,0,0,,,Not Applicable,None,Match,Match,No,No,Within Period,Yes,No,Yes,Yes,Normal,Low,Complete evidence,Valid Claim
CLM-0194,PRD-0194,Refrigerator,Haier,HRF-758,SN71957885,2023-11-30,180000,Mega Electronics,24,2023-11-30,2025-11-19,2024-12-24,13,2024-12-15,Cooling failure,Cooling failure; synthetic claim scenario: covered fault.,Software/Firmware,Active,Covered,Available,Available,Available,Available,Available,Not Required,0,0,,,Not Applicable,None,Match,Match,No,No,Within Period,No,No,Yes,Yes,Normal,Low,Covered fault,Valid Claim
CLM-0195,PRD-0195,Washing Machine,Dawlance,DWT-1167,SN66791272,2025-05-01,135000,City Appliances,24,2025-05-01,2027-04-21,2025-07-30,3,2025-07-16,Motor issue,Motor issue; synthetic claim scenario: active warranty.,Electrical,Active,Covered,Available,Available,Available,Available,Available,Not Required,0,0,,,Not Applicable,None,Match,Match,No,No,Within Period,Yes,No,Yes,Yes,Normal,Low,Active warranty,Valid Claim
CLM-0196,PRD-0196,Microwave,Samsung,MS23,SN43316996,2024-09-04,45000,Digital Hub,12,2024-09-04,2025-08-30,2025-05-02,8,2025-04-13,Heating failure,Heating failure; synthetic claim scenario: normal.,Mechanical,Active,Covered,Available,Available,Available,Available,Available,Not Required,0,1,2025-01-28,Authorized Service Center B,Authorized,Control Board,Match,Match,No,No,Within Period,No,No,Yes,Yes,Low,Low,Normal,Valid Claim
CLM-0197,PRD-0197,Laptop,Dell,Inspiron 15,SN78541804,2024-07-30,85000,Smart Mart,12,2024-07-30,2025-07-25,2025-02-25,7,2025-02-14,Screen flickering,Screen flickering; synthetic claim scenario: active warranty.,Water/Liquid,Active,Covered,Available,Available,Available,Available,Available,Not Required,0,0,,,Not Applicable,None,Match,Match,No,No,Within Period,No,No,Yes,Yes,Normal,Low,Active warranty,Valid Claim
CLM-0198,PRD-0198,Refrigerator,Haier,HRF-758,SN49652241,2024-04-01,180000,City Appliances,24,2024-04-01,2026-03-22,2025-03-27,12,2025-03-14,Cooling failure,Cooling failure; synthetic claim scenario: complete evidence.,Electrical,Active,Covered,Available,Available,Available,Available,Available,Not Required,0,1,2024-12-12,Authorized Service Center A,Authorized,None,Match,Match,No,No,Within Period,Yes,No,Yes,Yes,Normal,Low,Complete evidence,Valid Claim
CLM-0199,PRD-0199,Television,LG,OLED55,SN68809636,2023-12-23,210000,City Appliances,24,2023-12-23,2025-12-12,2024-10-18,10,2024-10-07,No display,No display; synthetic claim scenario: complete evidence.,Physical,Active,Covered,Available,Available,Available,Available,Available,Not Required,0,0,,,Not Applicable,None,Match,Match,No,No,Within Period,Yes,No,Yes,Yes,Low,Low,Complete evidence,Valid Claim
CLM-0200,PRD-0200,Smartphone,Samsung,Galaxy A55,SN33414716,2023-11-04,125000,Smart Mart,12,2023-11-04,2024-10-29,2023-12-04,1,2023-11-30,Speaker failure,Speaker failure; synthetic claim scenario: covered fault.,Mechanical,Active,Covered,Available,Available,Available,Available,Available,Available,0,0,,,Not Applicable,None,Match,Match,No,No,Within Period,No,No,Yes,Yes,Normal,Low,Covered fault,Valid Claim
CLM-0201,PRD-0201,Air Conditioner,Orient,Ultron,SN13918120,2024-07-27,165000,Smart Mart,18,2024-07-27,2026-01-18,2025-09-20,14,2025-09-05,Water leakage,Water leakage; synthetic claim scenario: complete evidence.,Mechanical,Active,Covered,Available,Available,Available,Available,Available,Available,0,0,,,Not Applicable,None,Match,Match,No,No,Within Period,No,No,Yes,Yes,Normal,Low,Complete evidence,Valid Claim
CLM-0202,PRD-0202,Microwave,Samsung,MS23,SN59095909,2024-08-29,45000,Digital Hub,12,2024-08-29,2025-08-24,2025-03-27,7,2025-03-14,Turntable failure,Turntable failure; synthetic claim scenario: normal.,Mechanical,Active,Covered,Available,Available,Available,Available,Available,Available,0,1,2025-01-29,Authorized Service Center A,Authorized,Motherboard,Match,Match,No,No,Within Period,Yes,No,Yes,Yes,Normal,Low,Normal,Valid Claim
CLM-0203,PRD-0203,Smartphone,Samsung,Galaxy A55,SN92861016,2023-09-26,125000,Mega Electronics,12,2023-09-26,2024-09-20,2024-05-23,8,2024-05-06,Charging port failure,Charging port failure; synthetic claim scenario: active warranty.,Normal Wear,Active,Covered,Available,Available,Available,Available,Available,Not Required,0,1,2024-03-05,Authorized Service Center B,Authorized,Screen,Match,Match,No,No,Within Period,No,No,Yes,Yes,Low,Low,Active warranty,Valid Claim
CLM-0204,PRD-0204,Smartphone,Samsung,Galaxy A55,SN28972822,2024-11-19,125000,Smart Mart,12,2024-11-19,2025-11-14,2025-02-17,3,2025-02-06,Camera failure,Camera failure; synthetic claim scenario: covered fault.,Software/Firmware,Active,Covered,Available,Available,Available,Available,Available,Available,0,0,,,Not Applicable,None,Match,Match,No,No,Within Period,Yes,No,Yes,Yes,Normal,Low,Covered fault,Valid Claim
CLM-0205,PRD-0205,Printer,HP,LaserJet M404,SN75718640,2024-09-02,72000,Digital Hub,12,2024-09-02,2025-08-28,2024-12-01,3,2024-11-12,Print-head issue,Print-head issue; synthetic claim scenario: covered fault.,Mechanical,Active,Covered,Available,Available,Available,Available,Available,Not Required,0,0,,,Not Applicable,None,Match,Match,No,No,Within Period,No,No,Yes,Yes,Low,Low,Covered fault,Valid Claim
CLM-0206,PRD-0206,Television,LG,OLED55,SN61532114,2023-11-19,210000,Smart Mart,24,2023-11-19,2025-11-08,2025-02-11,15,2025-01-22,Power failure,Power failure; synthetic claim scenario: covered fault.,Water/Liquid,Active,Covered,Available,Available,Available,Available,Available,Available,0,0,,,Not Applicable,None,Match,Match,No,No,Within Period,No,No,Yes,Yes,Low,Low,Covered fault,Valid Claim
CLM-0207,PRD-0207,Microwave,Samsung,MS23,SN49203644,2024-02-23,45000,TechWorld,12,2024-02-23,2025-02-17,2024-10-20,8,2024-10-06,Turntable failure,Turntable failure; synthetic claim scenario: normal.,Physical,Active,Covered,Available,Available,Available,Available,Available,Not Required,0,0,,,Not Applicable,None,Match,Match,No,No,Within Period,No,No,Yes,Yes,Normal,Low,Normal,Valid Claim
CLM-0208,PRD-0208,Refrigerator,Haier,HRF-758,SN69239219,2024-07-04,180000,Smart Mart,24,2024-07-04,2026-06-24,2025-04-30,10,2025-04-24,Cooling failure,Cooling failure; synthetic claim scenario: active warranty.,Mechanical,Active,Covered,Available,Available,Available,Available,Available,Not Required,0,1,2025-01-27,Authorized Service Center A,Authorized,Motherboard,Match,Match,No,No,Within Period,No,No,Yes,Yes,Low,Low,Active warranty,Valid Claim
CLM-0209,PRD-0209,Smartphone,Samsung,Galaxy A55,SN25755285,2025-01-23,125000,Mega Electronics,12,2025-01-23,2026-01-18,2025-05-23,4,2025-05-13,Charging port failure,Charging port failure; synthetic claim scenario: normal.,Mechanical,Active,Covered,Available,Available,Available,Available,Available,Available,0,0,,,Not Applicable,None,Match,Match,No,No,Within Period,Yes,No,Yes,Yes,Low,Low,Normal,Valid Claim
CLM-0210,PRD-0210,Air Conditioner,Orient,Ultron,SN90108882,2025-05-31,165000,Smart Mart,18,2025-05-31,2026-11-22,2026-07-25,14,2026-07-19,Fan failure,Fan failure; synthetic claim scenario: active warranty.,Mechanical,Active,Covered,Available,Available,Available,Available,Available,Available,0,0,,,Not Applicable,None,Match,Match,No,No,Within Period,No,No,Yes,Yes,Normal,Low,Active warranty,Valid Claim
CLM-0211,PRD-0211,Air Conditioner,Orient,Ultron,SN98032908,2024-12-21,165000,Mega Electronics,18,2024-12-21,2026-06-14,2025-10-17,10,2025-10-07,Fan failure,Fan failure; synthetic claim scenario: normal.,Normal Wear,Active,Covered,Available,Available,Available,Available,Available,Not Required,0,1,2025-06-23,Authorized Service Center A,Authorized,Battery,Match,Match,No,No,Within Period,No,No,Yes,Yes,Low,Low,Normal,Valid Claim
CLM-0212,PRD-0212,Refrigerator,Haier,HRF-758,SN70665302,2023-05-30,180000,TechWorld,24,2023-05-30,2025-05-19,2024-04-24,11,2024-04-16,Thermostat failure,Thermostat failure; synthetic claim scenario: complete evidence.,Normal Wear,Active,Covered,Available,Available,Available,Available,Available,Not Required,0,0,,,Not Applicable,None,Match,Match,No,No,Within Period,No,No,Yes,Yes,Low,Low,Complete evidence,Valid Claim
CLM-0213,PRD-0213,Smartphone,Samsung,Galaxy A55,SN71532017,2024-02-17,125000,Digital Hub,12,2024-02-17,2025-02-11,2024-11-13,9,2024-11-04,Battery swelling,Battery swelling; synthetic claim scenario: normal.,Electrical,Active,Covered,Available,Available,Available,Available,Available,Not Required,0,0,,,Not Applicable,None,Match,Match,No,No,Within Period,Yes,No,Yes,Yes,Low,Low,Normal,Valid Claim
CLM-0214,PRD-0214,Printer,HP,LaserJet M404,SN85986307,2023-08-12,72000,City Appliances,12,2023-08-12,2024-08-06,2024-03-09,7,2024-03-02,Print-head issue,Print-head issue; synthetic claim scenario: active warranty.,Physical,Active,Covered,Available,Available,Available,Available,Available,Not Required,0,0,,,Not Applicable,None,Match,Match,No,No,Within Period,Yes,No,Yes,Yes,Low,Low,Active warranty,Valid Claim
CLM-0215,PRD-0215,Laptop,Dell,Inspiron 15,SN67418250,2023-02-17,85000,Mega Electronics,12,2023-02-17,2024-02-12,2023-04-18,2,2023-04-03,Battery failure,Battery failure; synthetic claim scenario: complete evidence.,Normal Wear,Active,Covered,Available,Available,Available,Available,Available,Available,0,0,,,Not Applicable,None,Match,Match,No,No,Within Period,No,No,Yes,Yes,Low,Low,Complete evidence,Valid Claim
CLM-0216,PRD-0216,Television,LG,OLED55,SN99188862,2024-10-27,210000,Mega Electronics,24,2024-10-27,2026-10-17,2025-08-23,10,2025-08-17,Panel issue,Panel issue; synthetic claim scenario: normal.,Electrical,Active,Covered,Available,Available,Available,Available,Available,Not Required,0,0,,,Not Applicable,None,Match,Match,No,No,Within Period,Yes,No,Yes,Yes,Low,Low,Normal,Valid Claim
CLM-0217,PRD-0217,Printer,HP,LaserJet M404,SN27810664,2024-10-02,72000,Smart Mart,12,2024-10-02,2025-09-27,2025-03-01,5,2025-02-21,Paper feed failure,Paper feed failure; synthetic claim scenario: complete evidence.,Mechanical,Active,Covered,Available,Available,Available,Available,Available,Not Required,0,1,2025-01-19,Authorized Service Center A,Authorized,Control Board,Match,Match,No,No,Within Period,No,No,Yes,Yes,Normal,Low,Complete evidence,Valid Claim
CLM-0218,PRD-0218,Microwave,Samsung,MS23,SN61414775,2023-01-10,45000,TechWorld,12,2023-01-10,2024-01-05,2023-02-09,1,2023-01-29,Turntable failure,Turntable failure; synthetic claim scenario: normal.,Normal Wear,Active,Covered,Available,Available,Available,Available,Available,Available,0,0,,,Not Applicable,None,Match,Match,No,No,Within Period,No,No,Yes,Yes,Low,Low,Normal,Valid Claim
CLM-0219,PRD-0219,Smartphone,Samsung,Galaxy A55,SN81203615,2023-04-16,125000,Smart Mart,12,2023-04-16,2024-04-10,2023-10-13,6,2023-10-01,Battery swelling,Battery swelling; synthetic claim scenario: covered fault.,Electrical,Active,Covered,Available,Available,Available,Available,Available,Not Required,0,0,,,Not Applicable,None,Match,Match,No,No,Within Period,Yes,No,Yes,Yes,Normal,Low,Covered fault,Valid Claim
CLM-0220,PRD-0220,Television,LG,OLED55,SN28792245,2024-03-26,210000,TechWorld,24,2024-03-26,2026-03-16,2025-03-21,12,2025-03-14,No display,No display; synthetic claim scenario: normal.,Water/Liquid,Active,Covered,Available,Available,Available,Available,Available,Available,0,0,,,Not Applicable,None,Match,Match,No,No,Within Period,Yes,No,Yes,Yes,Normal,Low,Normal,Valid Claim
CLM-0221,PRD-0221,Printer,HP,LaserJet M404,SN13600310,2023-12-26,72000,Digital Hub,12,2023-12-26,2024-12-20,2024-07-23,7,2024-07-12,Power failure,Power failure; synthetic claim scenario: covered fault.,Mechanical,Active,Covered,Available,Available,Available,Available,Available,Available,0,0,,,Not Applicable,None,Match,Match,No,No,Within Period,Yes,No,Yes,Yes,Normal,Low,Covered fault,Valid Claim
CLM-0222,PRD-0222,Refrigerator,Haier,HRF-758,SN77052833,2025-02-04,180000,Smart Mart,24,2025-02-04,2027-01-25,2026-03-01,13,2026-02-19,Compressor issue,Compressor issue; synthetic claim scenario: normal.,Electrical,Active,Covered,Available,Available,Available,Available,Available,Available,0,0,,,Not Applicable,None,Match,Match,No,No,Within Period,Yes,No,Yes,Yes,Low,Low,Normal,Valid Claim
CLM-0223,PRD-0223,Laptop,Dell,Inspiron 15,SN88834594,2024-01-05,85000,TechWorld,12,2024-01-05,2024-12-30,2024-07-03,6,2024-06-28,Battery failure,Battery failure; synthetic claim scenario: normal.,Electrical,Active,Covered,Available,Available,Available,Available,Available,Not Required,0,1,2024-04-11,Authorized Service Center B,Authorized,Screen,Match,Match,No,No,Within Period,No,No,Yes,Yes,Low,Low,Normal,Valid Claim
CLM-0224,PRD-0224,Refrigerator,Haier,HRF-758,SN47241089,2023-02-10,180000,TechWorld,24,2023-02-10,2025-01-30,2023-04-11,2,2023-03-29,Compressor issue,Compressor issue; synthetic claim scenario: normal.,Physical,Active,Covered,Available,Available,Available,Available,Available,Not Required,0,1,2023-01-07,Authorized Service Center B,Authorized,None,Match,Match,No,No,Within Period,Yes,No,Yes,Yes,Low,Low,Normal,Valid Claim
CLM-0225,PRD-0225,Refrigerator,Haier,HRF-758,SN17772004,2025-04-07,180000,Mega Electronics,24,2025-04-07,2027-03-28,2025-09-04,5,2025-08-17,Compressor issue,Compressor issue; synthetic claim scenario: complete evidence.,Electrical,Active,Covered,Available,Available,Available,Available,Available,Not Required,0,0,,,Not Applicable,None,Match,Match,No,No,Within Period,No,No,Yes,Yes,Low,Low,Complete evidence,Valid Claim
CLM-0226,PRD-0226,Printer,HP,LaserJet M404,SN11523452,2023-04-29,72000,Mega Electronics,12,2023-04-29,2024-04-23,2023-12-25,8,2023-12-05,Print-head issue,Print-head issue; synthetic claim scenario: normal.,Software/Firmware,Active,Covered,Available,Available,Available,Available,Available,Available,0,0,,,Not Applicable,None,Match,Match,No,No,Within Period,No,No,Yes,Yes,Normal,Low,Normal,Valid Claim
CLM-0227,PRD-0227,Air Conditioner,Orient,Ultron,SN67622968,2024-06-19,165000,Digital Hub,18,2024-06-19,2025-12-11,2025-03-16,9,2025-03-10,Fan failure,Fan failure; synthetic claim scenario: normal.,Water/Liquid,Active,Covered,Available,Available,Available,Available,Available,Not Required,0,0,,,Not Applicable,None,Match,Match,No,No,Within Period,Yes,No,Yes,Yes,Normal,Low,Normal,Valid Claim
CLM-0228,PRD-0228,Smartphone,Samsung,Galaxy A55,SN32398441,2023-09-27,125000,Digital Hub,12,2023-09-27,2024-09-21,2024-07-23,10,2024-07-20,Speaker failure,Speaker failure; synthetic claim scenario: complete evidence.,Mechanical,Active,Covered,Available,Available,Available,Available,Available,Not Required,0,0,,,Not Applicable,None,Match,Match,No,No,Within Period,Yes,No,Yes,Yes,Normal,Low,Complete evidence,Valid Claim
CLM-0229,PRD-0229,Washing Machine,Dawlance,DWT-1167,SN16171536,2025-03-02,135000,City Appliances,24,2025-03-02,2027-02-20,2025-06-30,4,2025-06-11,Motor issue,Motor issue; synthetic claim scenario: normal.,Physical,Active,Covered,Available,Available,Available,Available,Available,Available,0,0,,,Not Applicable,None,Match,Match,No,No,Within Period,No,No,Yes,Yes,Normal,Low,Normal,Valid Claim
CLM-0230,PRD-0230,Printer,HP,LaserJet M404,SN46407626,2023-06-03,72000,TechWorld,12,2023-06-03,2024-05-28,2023-09-01,3,2023-08-30,Power failure,Power failure; synthetic claim scenario: complete evidence.,Water/Liquid,Active,Covered,Available,Available,Available,Available,Available,Not Required,0,0,,,Not Applicable,None,Match,Match,No,No,Within Period,Yes,No,Yes,Yes,Normal,Low,Complete evidence,Valid Claim
CLM-0231,PRD-0231,Air Conditioner,Orient,Ultron,SN53929586,2023-05-03,165000,TechWorld,18,2023-05-03,2024-10-24,2023-07-02,2,2023-06-26,Fan failure,Fan failure; synthetic claim scenario: active warranty.,Water/Liquid,Active,Covered,Available,Available,Available,Available,Available,Available,0,1,2023-05-28,Authorized Service Center B,Authorized,Motherboard,Match,Match,No,No,Within Period,No,No,Yes,Yes,Low,Low,Active warranty,Valid Claim
CLM-0232,PRD-0232,Laptop,Dell,Inspiron 15,SN83357939,2024-01-13,85000,Mega Electronics,12,2024-01-13,2025-01-07,2024-05-12,4,2024-05-02,Screen flickering,Screen flickering; synthetic claim scenario: complete evidence.,Mechanical,Active,Covered,Available,Available,Available,Available,Available,Not Required,0,1,2024-01-24,Authorized Service Center A,Authorized,None,Match,Match,No,No,Within Period,Yes,No,Yes,Yes,Low,Low,Complete evidence,Valid Claim
CLM-0233,PRD-0233,Printer,HP,LaserJet M404,SN23951801,2023-01-25,72000,Mega Electronics,12,2023-01-25,2024-01-20,2023-05-25,4,2023-05-07,Power failure,Power failure; synthetic claim scenario: complete evidence.,Water/Liquid,Active,Covered,Available,Available,Available,Available,Available,Not Required,0,1,2023-01-27,Authorized Service Center A,Authorized,Battery,Match,Match,No,No,Within Period,Yes,No,Yes,Yes,Normal,Low,Complete evidence,Valid Claim
CLM-0234,PRD-0234,Printer,HP,LaserJet M404,SN71533194,2024-05-18,72000,TechWorld,12,2024-05-18,2025-05-13,2024-06-17,1,2024-06-12,Power failure,Power failure; synthetic claim scenario: complete evidence.,Water/Liquid,Active,Covered,Available,Available,Available,Available,Available,Not Required,0,0,,,Not Applicable,None,Match,Match,No,No,Within Period,No,No,Yes,Yes,Normal,Low,Complete evidence,Valid Claim
CLM-0235,PRD-0235,Smartphone,Samsung,Galaxy A55,SN45029610,2024-06-01,125000,Digital Hub,12,2024-06-01,2025-05-27,2024-08-30,3,2024-08-17,Camera failure,Camera failure; synthetic claim scenario: covered fault.,Software/Firmware,Active,Covered,Available,Available,Available,Available,Available,Available,0,1,2024-05-20,Authorized Service Center A,Authorized,Screen,Match,Match,No,No,Within Period,Yes,No,Yes,Yes,Normal,Low,Covered fault,Valid Claim
CLM-0236,PRD-0236,Air Conditioner,Orient,Ultron,SN32062036,2024-04-08,165000,City Appliances,18,2024-04-08,2025-09-30,2025-01-03,9,2024-12-26,Cooling failure,Cooling failure; synthetic claim scenario: covered fault.,Software/Firmware,Active,Covered,Available,Available,Available,Available,Available,Available,0,0,,,Not Applicable,None,Match,Match,No,No,Within Period,No,No,Yes,Yes,Normal,Low,Covered fault,Valid Claim
CLM-0237,PRD-0237,Air Conditioner,Orient,Ultron,SN26094525,2024-02-21,165000,TechWorld,18,2024-02-21,2025-08-14,2024-06-20,4,2024-06-02,Fan failure,Fan failure; synthetic claim scenario: complete evidence.,Mechanical,Active,Covered,Available,Available,Available,Available,Available,Not Required,0,0,,,Not Applicable,None,Match,Match,No,No,Within Period,Yes,No,Yes,Yes,Low,Low,Complete evidence,Valid Claim
CLM-0238,PRD-0238,Washing Machine,Dawlance,DWT-1167,SN63183031,2025-04-26,135000,Smart Mart,24,2025-04-26,2027-04-16,2026-12-17,20,2026-12-15,Water leakage,Water leakage; synthetic claim scenario: covered fault.,Electrical,Active,Covered,Available,Available,Available,Available,Available,Available,0,0,,,Not Applicable,None,Match,Match,No,No,Within Period,No,No,Yes,Yes,Normal,Low,Covered fault,Valid Claim
CLM-0239,PRD-0239,Washing Machine,Dawlance,DWT-1167,SN28762704,2023-09-24,135000,TechWorld,24,2023-09-24,2025-09-13,2024-03-22,6,2024-03-21,Drainage failure,Drainage failure; synthetic claim scenario: complete evidence.,Electrical,Active,Covered,Available,Available,Available,Available,Available,Not Required,0,0,,,Not Applicable,None,Match,Match,No,No,Within Period,No,No,Yes,Yes,Normal,Low,Complete evidence,Valid Claim
CLM-0240,PRD-0240,Laptop,Dell,Inspiron 15,SN12925970,2025-04-30,85000,TechWorld,12,2025-04-30,2026-04-25,2025-08-28,4,2025-08-23,Battery failure,Battery failure; synthetic claim scenario: active warranty.,Mechanical,Active,Covered,Available,Available,Available,Available,Available,Available,0,0,,,Not Applicable,None,Match,Match,No,No,Within Period,Yes,No,Yes,Yes,Normal,Low,Active warranty,Valid Claim
CLM-0241,PRD-0241,Microwave,Samsung,MS23,SN87025433,2025-04-08,45000,City Appliances,12,2025-04-08,2026-04-03,2025-07-07,3,2025-07-04,Turntable failure,Turntable failure; synthetic claim scenario: normal.,Normal Wear,Active,Covered,Available,Available,Available,Available,Available,Not Required,0,0,,,Not Applicable,None,Match,Match,No,No,Within Period,No,No,Yes,Yes,Low,Low,Normal,Valid Claim
CLM-0242,PRD-0242,Printer,HP,LaserJet M404,SN47561442,2024-05-23,72000,City Appliances,12,2024-05-23,2025-05-18,2024-06-22,1,2024-06-09,Power failure,Power failure; synthetic claim scenario: covered fault.,Mechanical,Active,Covered,Available,Available,Available,Available,Available,Not Required,0,0,,,Not Applicable,None,Match,Match,No,No,Within Period,Yes,No,Yes,Yes,Normal,Low,Covered fault,Valid Claim
CLM-0243,PRD-0243,Laptop,Dell,Inspiron 15,SN47550897,2024-09-20,85000,City Appliances,12,2024-09-20,2025-09-15,2025-07-17,10,2025-06-27,Battery failure,Battery failure; synthetic claim scenario: normal.,Mechanical,Active,Covered,Available,Available,Available,Available,Available,Available,0,1,2025-05-11,Authorized Service Center B,Authorized,Motherboard,Match,Match,No,No,Within Period,Yes,No,Yes,Yes,Low,Low,Normal,Valid Claim
CLM-0244,PRD-0244,Refrigerator,Haier,HRF-758,SN85920407,2024-10-20,180000,Smart Mart,24,2024-10-20,2026-10-10,2026-03-14,17,2026-03-06,Door seal failure,Door seal failure; synthetic claim scenario: complete evidence.,Physical,Active,Covered,Available,Available,Available,Available,Available,Available,0,0,,,Not Applicable,None,Match,Match,No,No,Within Period,Yes,No,Yes,Yes,Low,Low,Complete evidence,Valid Claim
CLM-0245,PRD-0245,Printer,HP,LaserJet M404,SN88381665,2023-10-04,72000,Mega Electronics,12,2023-10-04,2024-09-28,2024-01-02,3,2024-01-01,Power failure,Power failure; synthetic claim scenario: complete evidence.,Mechanical,Active,Covered,Available,Available,Available,Available,Available,Not Required,0,1,2023-11-05,Authorized Service Center A,Authorized,None,Match,Match,No,No,Within Period,Yes,No,Yes,Yes,Normal,Low,Complete evidence,Valid Claim
CLM-0246,PRD-0246,Refrigerator,Haier,HRF-758,SN41749355,2024-11-03,180000,Smart Mart,24,2024-11-03,2026-10-24,2025-07-01,8,2025-06-22,Compressor issue,Compressor issue; synthetic claim scenario: covered fault.,Physical,Active,Covered,Available,Available,Available,Available,Available,Available,0,0,,,Not Applicable,None,Match,Match,No,No,Within Period,Yes,No,Yes,Yes,Low,Low,Covered fault,Valid Claim
CLM-0247,PRD-0247,Air Conditioner,Orient,Ultron,SN22114140,2024-08-28,165000,TechWorld,18,2024-08-28,2026-02-19,2024-09-27,1,2024-09-15,Cooling failure,Cooling failure; synthetic claim scenario: complete evidence.,Mechanical,Active,Covered,Available,Available,Available,Available,Available,Available,0,1,2024-08-04,Authorized Service Center B,Authorized,Control Board,Match,Match,No,No,Within Period,Yes,No,Yes,Yes,Normal,Low,Complete evidence,Valid Claim
CLM-0248,PRD-0248,Refrigerator,Haier,HRF-758,SN53431355,2023-01-21,180000,TechWorld,24,2023-01-21,2025-01-10,2024-06-14,17,2024-05-29,Compressor issue,Compressor issue; synthetic claim scenario: active warranty.,Electrical,Active,Covered,Available,Available,Available,Available,Available,Available,0,0,,,Not Applicable,None,Match,Match,No,No,Within Period,No,No,Yes,Yes,Normal,Low,Active warranty,Valid Claim
CLM-0249,PRD-0249,Television,LG,OLED55,SN50502233,2024-08-23,210000,Digital Hub,24,2024-08-23,2026-08-13,2025-01-20,5,2025-01-16,Panel issue,Panel issue; synthetic claim scenario: normal.,Mechanical,Active,Covered,Available,Available,Available,Available,Available,Not Required,0,0,,,Not Applicable,None,Match,Match,No,No,Within Period,Yes,No,Yes,Yes,Low,Low,Normal,Valid Claim
CLM-0250,PRD-0250,Television,LG,OLED55,SN51181116,2025-01-19,210000,Digital Hub,24,2025-01-19,2027-01-09,2026-03-15,14,2026-02-27,Sound failure,Sound failure; synthetic claim scenario: covered fault.,Mechanical,Active,Covered,Available,Available,Available,Available,Available,Not Required,0,0,,,Not Applicable,None,Match,Match,No,No,Within Period,Yes,No,Yes,Yes,Normal,Low,Covered fault,Valid Claim
CLM-0251,PRD-0251,Television,LG,OLED55,SN28876833,2025-01-16,210000,Digital Hub,24,2025-01-16,2027-01-06,2025-02-15,1,2025-01-27,Sound failure,Sound failure; synthetic claim scenario: normal.,Normal Wear,Active,Covered,Available,Available,Available,Available,Available,Not Required,0,1,2025-01-12,Authorized Service Center A,Authorized,None,Match,Match,No,No,Within Period,Yes,No,Yes,Yes,Normal,Low,Normal,Valid Claim
CLM-0252,PRD-0252,Refrigerator,Haier,HRF-758,SN43492807,2023-12-22,180000,TechWorld,24,2023-12-22,2025-12-11,2024-11-16,11,2024-11-10,Compressor issue,Compressor issue; synthetic claim scenario: active warranty.,Physical,Active,Covered,Available,Available,Available,Available,Available,Available,0,1,2024-07-24,Authorized Service Center B,Authorized,Screen,Match,Match,No,No,Within Period,Yes,No,Yes,Yes,Normal,Low,Active warranty,Valid Claim
CLM-0253,PRD-0253,Smartphone,Samsung,Galaxy A55,SN60829941,2025-01-07,125000,Digital Hub,12,2025-01-07,2026-01-02,2025-02-06,1,2025-02-04,Charging port failure,Charging port failure; synthetic claim scenario: complete evidence.,Water/Liquid,Active,Covered,Available,Available,Available,Available,Available,Not Required,0,0,,,Not Applicable,None,Match,Match,No,No,Within Period,Yes,No,Yes,Yes,Normal,Low,Complete evidence,Valid Claim
CLM-0254,PRD-0254,Printer,HP,LaserJet M404,SN12694823,2023-04-14,72000,Digital Hub,12,2023-04-14,2024-04-08,2023-12-10,8,2023-11-21,Power failure,Power failure; synthetic claim scenario: normal.,Physical,Active,Covered,Available,Available,Available,Available,Available,Available,0,0,,,Not Applicable,None,Match,Match,No,No,Within Period,Yes,No,Yes,Yes,Normal,Low,Normal,Valid Claim
CLM-0255,PRD-0255,Smartphone,Samsung,Galaxy A55,SN92362000,2023-03-17,125000,City Appliances,12,2023-03-17,2024-03-11,2023-09-13,6,2023-09-07,Speaker failure,Speaker failure; synthetic claim scenario: active warranty.,Normal Wear,Active,Covered,Available,Available,Available,Available,Available,Not Required,0,0,,,Not Applicable,None,Match,Match,No,No,Within Period,No,No,Yes,Yes,Normal,Low,Active warranty,Valid Claim
CLM-0256,PRD-0256,Laptop,Dell,Inspiron 15,SN35499255,2024-03-17,85000,City Appliances,12,2024-03-17,2025-03-12,2024-06-15,3,2024-05-26,Screen flickering,Screen flickering; synthetic claim scenario: active warranty.,Normal Wear,Active,Covered,Available,Available,Available,Available,Available,Not Required,0,0,,,Not Applicable,None,Match,Match,No,No,Within Period,No,No,Yes,Yes,Normal,Low,Active warranty,Valid Claim
CLM-0257,PRD-0257,Washing Machine,Dawlance,DWT-1167,SN17315517,2024-11-07,135000,Digital Hub,24,2024-11-07,2026-10-28,2025-09-03,10,2025-08-24,Motor issue,Motor issue; synthetic claim scenario: complete evidence.,Electrical,Active,Covered,Available,Available,Available,Available,Available,Available,0,0,,,Not Applicable,None,Match,Match,No,No,Within Period,No,No,Yes,Yes,Low,Low,Complete evidence,Valid Claim
CLM-0258,PRD-0258,Printer,HP,LaserJet M404,SN95656500,2023-03-31,72000,Digital Hub,12,2023-03-31,2024-03-25,2023-08-28,5,2023-08-08,Print-head issue,Print-head issue; synthetic claim scenario: covered fault.,Electrical,Active,Covered,Available,Available,Available,Available,Available,Not Required,0,0,,,Not Applicable,None,Match,Match,No,No,Within Period,No,No,Yes,Yes,Normal,Low,Covered fault,Valid Claim
CLM-0259,PRD-0259,Microwave,Samsung,MS23,SN34814337,2025-05-14,45000,Digital Hub,12,2025-05-14,2026-05-09,2025-07-13,2,2025-07-03,Control panel issue,Control panel issue; synthetic claim scenario: normal.,Software/Firmware,Active,Covered,Available,Available,Available,Available,Available,Not Required,0,0,,,Not Applicable,None,Match,Match,No,No,Within Period,Yes,No,Yes,Yes,Low,Low,Normal,Valid Claim
CLM-0260,PRD-0260,Air Conditioner,Orient,Ultron,SN85731895,2023-07-11,165000,TechWorld,18,2023-07-11,2025-01-01,2024-10-03,15,2024-10-01,Fan failure,Fan failure; synthetic claim scenario: covered fault.,Mechanical,Active,Covered,Available,Available,Available,Available,Available,Not Required,0,0,,,Not Applicable,None,Match,Match,No,No,Within Period,Yes,No,Yes,Yes,Low,Low,Covered fault,Valid Claim
CLM-0261,PRD-0261,Smartphone,Samsung,Galaxy A55,SN41627336,2023-03-29,125000,City Appliances,12,2023-03-29,2024-03-23,2023-09-25,6,2023-09-07,Speaker failure,Speaker failure; synthetic claim scenario: complete evidence.,Physical,Active,Covered,Available,Available,Available,Available,Available,Not Required,0,1,2023-07-28,Authorized Service Center A,Authorized,None,Match,Match,No,No,Within Period,Yes,No,Yes,Yes,Low,Low,Complete evidence,Valid Claim
CLM-0262,PRD-0262,Printer,HP,LaserJet M404,SN35867257,2025-05-24,72000,Mega Electronics,12,2025-05-24,2026-05-19,2025-06-23,1,2025-06-06,Print-head issue,Print-head issue; synthetic claim scenario: covered fault.,Electrical,Active,Covered,Available,Available,Available,Available,Available,Available,0,0,,,Not Applicable,None,Match,Match,No,No,Within Period,Yes,No,Yes,Yes,Normal,Low,Covered fault,Valid Claim
CLM-0263,PRD-0263,Printer,HP,LaserJet M404,SN84095459,2023-03-22,72000,Digital Hub,12,2023-03-22,2024-03-16,2023-10-18,7,2023-10-11,Connectivity issue,Connectivity issue; synthetic claim scenario: complete evidence.,Physical,Active,Covered,Available,Available,Available,Available,Available,Available,0,1,2023-08-16,Authorized Service Center B,Authorized,Control Board,Match,Match,No,No,Within Period,No,No,Yes,Yes,Normal,Low,Complete evidence,Valid Claim
CLM-0264,PRD-0264,Microwave,Samsung,MS23,SN24178065,2025-06-13,45000,Smart Mart,12,2025-06-13,2026-06-08,2025-07-13,1,2025-06-23,Heating failure,Heating failure; synthetic claim scenario: covered fault.,Electrical,Active,Covered,Available,Available,Available,Available,Available,Not Required,0,0,,,Not Applicable,None,Match,Match,No,No,Within Period,Yes,No,Yes,Yes,Normal,Low,Covered fault,Valid Claim
CLM-0265,PRD-0265,Washing Machine,Dawlance,DWT-1167,SN33112256,2025-06-07,135000,Digital Hub,24,2025-06-07,2027-05-28,2026-11-29,18,2026-11-17,Drainage failure,Drainage failure; synthetic claim scenario: complete evidence.,Software/Firmware,Active,Covered,Available,Available,Available,Available,Available,Not Required,0,0,,,Not Applicable,None,Match,Match,No,No,Within Period,Yes,No,Yes,Yes,Low,Low,Complete evidence,Valid Claim
CLM-0266,PRD-0266,Television,LG,OLED55,SN46048781,2024-09-25,210000,Digital Hub,24,2024-09-25,2026-09-15,2026-05-18,20,2026-05-05,Sound failure,Sound failure; synthetic claim scenario: normal.,Electrical,Active,Covered,Available,Available,Available,Available,Available,Available,0,0,,,Not Applicable,None,Match,Match,No,No,Within Period,Yes,No,Yes,Yes,Normal,Low,Normal,Valid Claim
CLM-0267,PRD-0267,Air Conditioner,Orient,Ultron,SN69473299,2025-04-17,165000,Digital Hub,18,2025-04-17,2026-10-09,2026-02-11,10,2026-02-01,Fan failure,Fan failure; synthetic claim scenario: covered fault.,Physical,Active,Covered,Available,Available,Available,Available,Available,Not Required,0,0,,,Not Applicable,None,Match,Match,No,No,Within Period,No,No,Yes,Yes,Normal,Low,Covered fault,Valid Claim
CLM-0268,PRD-0268,Printer,HP,LaserJet M404,SN79158328,2024-09-11,72000,Mega Electronics,12,2024-09-11,2025-09-06,2024-11-10,2,2024-11-03,Paper feed failure,Paper feed failure; synthetic claim scenario: active warranty.,Electrical,Active,Covered,Available,Available,Available,Available,Available,Not Required,0,0,,,Not Applicable,None,Match,Match,No,No,Within Period,Yes,No,Yes,Yes,Low,Low,Active warranty,Valid Claim
CLM-0269,PRD-0269,Washing Machine,Dawlance,DWT-1167,SN43486016,2024-12-27,135000,TechWorld,24,2024-12-27,2026-12-17,2026-05-21,17,2026-05-08,Drainage failure,Drainage failure; synthetic claim scenario: covered fault.,Software/Firmware,Active,Covered,Available,Available,Available,Available,Available,Available,0,1,2026-02-08,Authorized Service Center A,Authorized,None,Match,Match,No,No,Within Period,No,No,Yes,Yes,Normal,Low,Covered fault,Valid Claim
CLM-0270,PRD-0270,Air Conditioner,Orient,Ultron,SN59991642,2024-12-22,165000,City Appliances,18,2024-12-22,2026-06-15,2025-07-20,7,2025-07-11,Compressor issue,Compressor issue; synthetic claim scenario: normal.,Water/Liquid,Active,Covered,Available,Available,Available,Available,Available,Not Required,0,0,,,Not Applicable,None,Match,Match,No,No,Within Period,Yes,No,Yes,Yes,Normal,Low,Normal,Valid Claim
CLM-0271,PRD-0271,Microwave,Samsung,MS23,SN13684342,2023-07-01,45000,City Appliances,12,2023-07-01,2024-06-25,2024-02-26,8,2024-02-07,Door switch failure,Door switch failure; synthetic claim scenario: normal.,Electrical,Active,Covered,Available,Available,Available,Available,Available,Not Required,0,0,,,Not Applicable,None,Match,Match,No,No,Within Period,No,No,Yes,Yes,Low,Low,Normal,Valid Claim
CLM-0272,PRD-0272,Television,LG,OLED55,SN73632249,2025-05-24,210000,Mega Electronics,24,2025-05-24,2027-05-14,2026-12-15,19,2026-12-08,No display,No display; synthetic claim scenario: normal.,Normal Wear,Active,Covered,Available,Available,Available,Available,Available,Available,0,1,2026-10-18,Authorized Service Center A,Authorized,Battery,Match,Match,No,No,Within Period,Yes,No,Yes,Yes,Low,Low,Normal,Valid Claim
CLM-0273,PRD-0273,Laptop,Dell,Inspiron 15,SN43822694,2023-08-18,85000,Mega Electronics,12,2023-08-18,2024-08-12,2024-01-15,5,2023-12-26,Charging issue,Charging issue; synthetic claim scenario: active warranty.,Software/Firmware,Active,Covered,Available,Available,Available,Available,Available,Not Required,0,1,2023-09-17,Authorized Service Center B,Authorized,Screen,Match,Match,No,No,Within Period,Yes,No,Yes,Yes,Low,Low,Active warranty,Valid Claim
CLM-0274,PRD-0274,Printer,HP,LaserJet M404,SN55135227,2024-08-21,72000,Digital Hub,12,2024-08-21,2025-08-16,2024-10-20,2,2024-10-19,Paper feed failure,Paper feed failure; synthetic claim scenario: complete evidence.,Normal Wear,Active,Covered,Available,Available,Available,Available,Available,Not Required,0,1,2024-06-30,Authorized Service Center B,Authorized,Screen,Match,Match,No,No,Within Period,Yes,No,Yes,Yes,Normal,Low,Complete evidence,Valid Claim
CLM-0275,PRD-0275,Washing Machine,Dawlance,DWT-1167,SN28781020,2023-09-25,135000,TechWorld,24,2023-09-25,2025-09-14,2025-06-16,21,2025-06-06,Water leakage,Water leakage; synthetic claim scenario: complete evidence.,Normal Wear,Active,Covered,Available,Available,Available,Available,Available,Available,0,0,,,Not Applicable,None,Match,Match,No,No,Within Period,No,No,Yes,Yes,Normal,Low,Complete evidence,Valid Claim
CLM-0276,PRD-0276,Microwave,Samsung,MS23,SN81757508,2023-10-30,45000,City Appliances,12,2023-10-30,2024-10-24,2024-03-28,5,2024-03-14,Turntable failure,Turntable failure; synthetic claim scenario: active warranty.,Normal Wear,Active,Covered,Available,Available,Available,Available,Available,Not Required,0,0,,,Not Applicable,None,Match,Match,No,No,Within Period,No,No,Yes,Yes,Normal,Low,Active warranty,Valid Claim
CLM-0277,PRD-0277,Air Conditioner,Orient,Ultron,SN85031958,2024-06-03,165000,Mega Electronics,18,2024-06-03,2025-11-25,2025-03-30,10,2025-03-24,Fan failure,Fan failure; synthetic claim scenario: covered fault.,Normal Wear,Active,Covered,Available,Available,Available,Available,Available,Available,0,0,,,Not Applicable,None,Match,Match,No,No,Within Period,No,No,Yes,Yes,Low,Low,Covered fault,Valid Claim
CLM-0278,PRD-0278,Air Conditioner,Orient,Ultron,SN44971668,2024-11-01,165000,Smart Mart,18,2024-11-01,2026-04-25,2025-01-30,3,2025-01-22,Fan failure,Fan failure; synthetic claim scenario: active warranty.,Physical,Active,Covered,Available,Available,Available,Available,Available,Not Required,0,0,,,Not Applicable,None,Match,Match,No,No,Within Period,Yes,No,Yes,Yes,Low,Low,Active warranty,Valid Claim
CLM-0279,PRD-0279,Microwave,Samsung,MS23,SN81113720,2025-05-21,45000,Digital Hub,12,2025-05-21,2026-05-16,2025-07-20,2,2025-07-04,Control panel issue,Control panel issue; synthetic claim scenario: normal.,Software/Firmware,Active,Covered,Available,Available,Available,Available,Available,Available,0,1,2025-04-07,Authorized Service Center A,Authorized,None,Match,Match,No,No,Within Period,Yes,No,Yes,Yes,Normal,Low,Normal,Valid Claim
CLM-0280,PRD-0280,Television,LG,OLED55,SN54644768,2023-05-21,210000,Mega Electronics,24,2023-05-21,2025-05-10,2023-12-17,7,2023-12-06,Sound failure,Sound failure; synthetic claim scenario: normal.,Physical,Active,Covered,Available,Available,Available,Available,Available,Not Required,0,1,2023-09-20,Authorized Service Center A,Authorized,None,Match,Match,No,No,Within Period,Yes,No,Yes,Yes,Normal,Low,Normal,Valid Claim
CLM-0281,PRD-0281,Laptop,Dell,Inspiron 15,SN64142556,2024-04-07,85000,City Appliances,12,2024-04-07,2025-04-02,2024-09-04,5,2024-08-28,Charging issue,Charging issue; synthetic claim scenario: complete evidence.,Software/Firmware,Active,Covered,Available,Available,Available,Available,Available,Available,0,1,2024-07-16,Authorized Service Center B,Authorized,Motherboard,Match,Match,No,No,Within Period,No,No,Yes,Yes,Normal,Low,Complete evidence,Valid Claim
CLM-0282,PRD-0282,Laptop,Dell,Inspiron 15,SN94112495,2023-02-08,85000,Mega Electronics,12,2023-02-08,2024-02-03,2023-11-05,9,2023-10-29,Battery failure,Battery failure; synthetic claim scenario: normal.,Mechanical,Active,Covered,Available,Available,Available,Available,Available,Not Required,0,0,,,Not Applicable,None,Match,Match,No,No,Within Period,Yes,No,Yes,Yes,Normal,Low,Normal,Valid Claim
CLM-0283,PRD-0283,Air Conditioner,Orient,Ultron,SN49034245,2023-11-16,165000,City Appliances,18,2023-11-16,2025-05-09,2024-04-14,5,2024-04-10,Fan failure,Fan failure; synthetic claim scenario: normal.,Normal Wear,Active,Covered,Available,Available,Available,Available,Available,Not Required,0,1,2023-12-31,Authorized Service Center B,Authorized,Control Board,Match,Match,No,No,Within Period,No,No,Yes,Yes,Normal,Low,Normal,Valid Claim
CLM-0284,PRD-0284,Air Conditioner,Orient,Ultron,SN40657783,2024-03-20,165000,Mega Electronics,18,2024-03-20,2025-09-11,2024-08-17,5,2024-08-06,Cooling failure,Cooling failure; synthetic claim scenario: complete evidence.,Normal Wear,Active,Covered,Available,Available,Available,Available,Available,Not Required,0,0,,,Not Applicable,None,Match,Match,No,No,Within Period,No,No,Yes,Yes,Normal,Low,Complete evidence,Valid Claim
CLM-0285,PRD-0285,Television,LG,OLED55,SN81770706,2023-08-05,210000,Smart Mart,24,2023-08-05,2025-07-25,2023-09-04,1,2023-08-16,Panel issue,Panel issue; synthetic claim scenario: complete evidence.,Electrical,Active,Covered,Available,Available,Available,Available,Available,Available,0,0,,,Not Applicable,None,Match,Match,No,No,Within Period,Yes,No,Yes,Yes,Normal,Low,Complete evidence,Valid Claim
CLM-0286,PRD-0286,Laptop,Dell,Inspiron 15,SN43921959,2024-11-08,85000,City Appliances,12,2024-11-08,2025-11-03,2025-01-07,2,2025-01-06,Motherboard failure,Motherboard failure; synthetic claim scenario: normal.,Normal Wear,Active,Covered,Available,Available,Available,Available,Available,Available,0,1,2024-11-24,Authorized Service Center B,Authorized,Battery,Match,Match,No,No,Within Period,Yes,No,Yes,Yes,Low,Low,Normal,Valid Claim
CLM-0287,PRD-0287,Refrigerator,Haier,HRF-758,SN24081350,2024-12-12,180000,Smart Mart,24,2024-12-12,2026-12-02,2026-10-03,22,2026-10-02,Thermostat failure,Thermostat failure; synthetic claim scenario: covered fault.,Normal Wear,Active,Covered,Available,Available,Available,Available,Available,Not Required,0,0,,,Not Applicable,None,Match,Match,No,No,Within Period,No,No,Yes,Yes,Low,Low,Covered fault,Valid Claim
CLM-0288,PRD-0288,Smartphone,Samsung,Galaxy A55,SN64996550,2023-10-17,125000,Digital Hub,12,2023-10-17,2024-10-11,2023-12-16,2,2023-12-12,Camera failure,Camera failure; synthetic claim scenario: covered fault.,Mechanical,Active,Covered,Available,Available,Available,Available,Available,Not Required,0,0,,,Not Applicable,None,Match,Match,No,No,Within Period,No,No,Yes,Yes,Low,Low,Covered fault,Valid Claim
CLM-0289,PRD-0289,Laptop,Dell,Inspiron 15,SN24821786,2024-07-15,85000,Smart Mart,12,2024-07-15,2025-07-10,2025-03-12,8,2025-03-05,Battery failure,Battery failure; synthetic claim scenario: normal.,Normal Wear,Active,Covered,Available,Available,Available,Available,Available,Not Required,0,0,,,Not Applicable,None,Match,Match,No,No,Within Period,No,No,Yes,Yes,Normal,Low,Normal,Valid Claim
CLM-0290,PRD-0290,Microwave,Samsung,MS23,SN72314252,2023-06-02,45000,TechWorld,12,2023-06-02,2024-05-27,2023-08-01,2,2023-07-15,Door switch failure,Door switch failure; synthetic claim scenario: active warranty.,Electrical,Active,Covered,Available,Available,Available,Available,Available,Available,0,1,2023-06-20,Authorized Service Center B,Authorized,Battery,Match,Match,No,No,Within Period,No,No,Yes,Yes,Low,Low,Active warranty,Valid Claim
CLM-0291,PRD-0291,Laptop,Dell,Inspiron 15,SN28574987,2025-05-22,85000,Mega Electronics,12,2025-05-22,2026-05-17,2025-10-19,5,2025-10-07,Battery failure,Battery failure; synthetic claim scenario: normal.,Physical,Active,Covered,Available,Available,Available,Available,Available,Not Required,0,0,,,Not Applicable,None,Match,Match,No,No,Within Period,No,No,Yes,Yes,Normal,Low,Normal,Valid Claim
CLM-0292,PRD-0292,Air Conditioner,Orient,Ultron,SN71275585,2024-03-24,165000,Digital Hub,18,2024-03-24,2025-09-15,2024-12-19,9,2024-12-16,Water leakage,Water leakage; synthetic claim scenario: complete evidence.,Software/Firmware,Active,Covered,Available,Available,Available,Available,Available,Not Required,0,0,,,Not Applicable,None,Match,Match,No,No,Within Period,No,No,Yes,Yes,Normal,Low,Complete evidence,Valid Claim
CLM-0293,PRD-0293,Microwave,Samsung,MS23,SN89289163,2025-03-30,45000,City Appliances,12,2025-03-30,2026-03-25,2025-10-26,7,2025-10-20,Control panel issue,Control panel issue; synthetic claim scenario: normal.,Water/Liquid,Active,Covered,Available,Available,Available,Available,Available,Available,0,0,,,Not Applicable,None,Match,Match,No,No,Within Period,No,No,Yes,Yes,Normal,Low,Normal,Valid Claim
CLM-0294,PRD-0294,Microwave,Samsung,MS23,SN69148126,2023-07-05,45000,TechWorld,12,2023-07-05,2024-06-29,2024-04-30,10,2024-04-17,Control panel issue,Control panel issue; synthetic claim scenario: normal.,Electrical,Active,Covered,Available,Available,Available,Available,Available,Not Required,0,1,2024-03-28,Authorized Service Center A,Authorized,Screen,Match,Match,No,No,Within Period,Yes,No,Yes,Yes,Low,Low,Normal,Valid Claim
CLM-0295,PRD-0295,Air Conditioner,Orient,Ultron,SN29952062,2023-01-13,165000,Smart Mart,18,2023-01-13,2024-07-06,2023-09-10,8,2023-08-30,Water leakage,Water leakage; synthetic claim scenario: active warranty.,Water/Liquid,Active,Covered,Available,Available,Available,Available,Available,Available,0,0,,,Not Applicable,None,Match,Match,No,No,Within Period,No,No,Yes,Yes,Low,Low,Active warranty,Valid Claim
CLM-0296,PRD-0296,Laptop,Dell,Inspiron 15,SN42331952,2023-01-12,85000,Digital Hub,12,2023-01-12,2024-01-07,2023-04-12,3,2023-03-26,Keyboard failure,Keyboard failure; synthetic claim scenario: complete evidence.,Physical,Active,Covered,Available,Available,Available,Available,Available,Not Required,0,0,,,Not Applicable,None,Match,Match,No,No,Within Period,No,No,Yes,Yes,Normal,Low,Complete evidence,Valid Claim
CLM-0297,PRD-0297,Laptop,Dell,Inspiron 15,SN86911446,2024-06-03,85000,City Appliances,12,2024-06-03,2025-05-29,2024-10-01,4,2024-09-13,Charging issue,Charging issue; synthetic claim scenario: complete evidence.,Electrical,Active,Covered,Available,Available,Available,Available,Available,Not Required,0,0,,,Not Applicable,None,Match,Match,No,No,Within Period,No,No,Yes,Yes,Normal,Low,Complete evidence,Valid Claim
CLM-0298,PRD-0298,Microwave,Samsung,MS23,SN84776858,2024-04-02,45000,Smart Mart,12,2024-04-02,2025-03-28,2024-09-29,6,2024-09-25,Heating failure,Heating failure; synthetic claim scenario: complete evidence.,Electrical,Active,Covered,Available,Available,Available,Available,Available,Not Required,0,1,2024-06-08,Authorized Service Center A,Authorized,None,Match,Match,No,No,Within Period,No,No,Yes,Yes,Low,Low,Complete evidence,Valid Claim
CLM-0299,PRD-0299,Washing Machine,Dawlance,DWT-1167,SN54556611,2024-06-04,135000,Smart Mart,24,2024-06-04,2026-05-25,2025-11-26,18,2025-11-19,Control panel failure,Control panel failure; synthetic claim scenario: covered fault.,Water/Liquid,Active,Covered,Available,Available,Available,Available,Available,Not Required,0,0,,,Not Applicable,None,Match,Match,No,No,Within Period,Yes,No,Yes,Yes,Normal,Low,Covered fault,Valid Claim
CLM-0300,PRD-0300,Microwave,Samsung,MS23,SN95048563,2025-01-03,45000,Digital Hub,12,2025-01-03,2025-12-29,2025-07-02,6,2025-06-17,Door switch failure,Door switch failure; synthetic claim scenario: active warranty.,Water/Liquid,Active,Covered,Available,Available,Available,Available,Available,Available,0,0,,,Not Applicable,None,Match,Match,No,No,Within Period,No,No,Yes,Yes,Normal,Low,Active warranty,Valid Claim
CLM-0301,PRD-0301,Air Conditioner,Orient,Ultron,SN91987136,2024-12-19,165000,Mega Electronics,18,2024-12-19,2026-06-12,2025-04-18,4,2025-04-16,Fan failure,Fan failure; synthetic claim scenario: normal.,Mechanical,Active,Covered,Available,Available,Available,Available,Available,Available,0,0,,,Not Applicable,None,Match,Match,No,No,Within Period,No,No,Yes,Yes,Low,Low,Normal,Valid Claim
CLM-0302,PRD-0302,Smartphone,Samsung,Galaxy A55,SN94992096,2025-05-22,125000,Smart Mart,12,2025-05-22,2026-05-17,2025-12-18,7,2025-12-11,Battery swelling,Battery swelling; synthetic claim scenario: complete evidence.,Electrical,Active,Covered,Available,Available,Available,Available,Available,Not Required,0,0,,,Not Applicable,None,Match,Match,No,No,Within Period,Yes,No,Yes,Yes,Normal,Low,Complete evidence,Valid Claim
CLM-0303,PRD-0303,Microwave,Samsung,MS23,SN78227286,2024-04-13,45000,Mega Electronics,12,2024-04-13,2025-04-08,2025-02-07,10,2025-01-21,Control panel issue,Control panel issue; synthetic claim scenario: complete evidence.,Normal Wear,Active,Covered,Available,Available,Available,Available,Available,Available,0,0,,,Not Applicable,None,Match,Match,No,No,Within Period,No,No,Yes,Yes,Normal,Low,Complete evidence,Valid Claim
CLM-0304,PRD-0304,Television,LG,OLED55,SN63401206,2025-01-18,210000,Digital Hub,24,2025-01-18,2027-01-08,2025-06-17,5,2025-06-13,Panel issue,Panel issue; synthetic claim scenario: covered fault.,Physical,Active,Covered,Available,Available,Available,Available,Available,Not Required,0,1,2025-03-03,Authorized Service Center B,Authorized,Motherboard,Match,Match,No,No,Within Period,Yes,No,Yes,Yes,Low,Low,Covered fault,Valid Claim
CLM-0305,PRD-0305,Television,LG,OLED55,SN49000919,2023-05-22,210000,Digital Hub,24,2023-05-22,2025-05-11,2024-07-15,14,2024-06-25,Remote receiver failure,Remote receiver failure; synthetic claim scenario: covered fault.,Normal Wear,Active,Covered,Available,Available,Available,Available,Available,Not Required,0,1,2024-04-06,Authorized Service Center B,Authorized,Battery,Match,Match,No,No,Within Period,No,No,Yes,Yes,Normal,Low,Covered fault,Valid Claim
CLM-0306,PRD-0306,Television,LG,OLED55,SN11714029,2024-05-30,210000,Smart Mart,24,2024-05-30,2026-05-20,2025-11-21,18,2025-11-10,Sound failure,Sound failure; synthetic claim scenario: active warranty.,Electrical,Active,Covered,Available,Available,Available,Available,Available,Available,0,0,,,Not Applicable,None,Match,Match,No,No,Within Period,Yes,No,Yes,Yes,Low,Low,Active warranty,Valid Claim
CLM-0307,PRD-0307,Laptop,Dell,Inspiron 15,SN29653285,2024-01-26,85000,TechWorld,12,2024-01-26,2025-01-20,2024-04-25,3,2024-04-23,Keyboard failure,Keyboard failure; synthetic claim scenario: active warranty.,Normal Wear,Active,Covered,Available,Available,Available,Available,Available,Available,0,0,,,Not Applicable,None,Match,Match,No,No,Within Period,Yes,No,Yes,Yes,Normal,Low,Active warranty,Valid Claim
CLM-0308,PRD-0308,Washing Machine,Dawlance,DWT-1167,SN78574830,2023-07-28,135000,Digital Hub,24,2023-07-28,2025-07-17,2025-01-18,18,2025-01-16,Motor issue,Motor issue; synthetic claim scenario: complete evidence.,Normal Wear,Active,Covered,Available,Available,Available,Available,Available,Not Required,0,0,,,Not Applicable,None,Match,Match,No,No,Within Period,No,No,Yes,Yes,Normal,Low,Complete evidence,Valid Claim
CLM-0309,PRD-0309,Laptop,Dell,Inspiron 15,SN95065651,2024-01-26,85000,Digital Hub,12,2024-01-26,2025-01-20,2024-08-23,7,2024-08-09,Screen flickering,Screen flickering; synthetic claim scenario: complete evidence.,Water/Liquid,Active,Covered,Available,Available,Available,Available,Available,Not Required,0,1,2024-07-18,Authorized Service Center A,Authorized,Control Board,Match,Match,No,No,Within Period,Yes,No,Yes,Yes,Normal,Low,Complete evidence,Valid Claim
CLM-0310,PRD-0310,Refrigerator,Haier,HRF-758,SN60626689,2025-03-05,180000,TechWorld,24,2025-03-05,2027-02-23,2025-10-01,7,2025-09-21,Cooling failure,Cooling failure; synthetic claim scenario: covered fault.,Software/Firmware,Active,Covered,Available,Available,Available,Available,Available,Not Required,0,0,,,Not Applicable,None,Match,Match,No,No,Within Period,No,No,Yes,Yes,Normal,Low,Covered fault,Valid Claim
CLM-0311,PRD-0311,Washing Machine,Dawlance,DWT-1167,SN30629718,2024-07-23,135000,Digital Hub,24,2024-07-23,2026-07-13,2025-04-19,9,2025-04-14,Drainage failure,Drainage failure; synthetic claim scenario: covered fault.,Water/Liquid,Active,Covered,Available,Available,Available,Available,Available,Available,0,1,2025-02-16,Authorized Service Center A,Authorized,None,Match,Match,No,No,Within Period,Yes,No,Yes,Yes,Low,Low,Covered fault,Valid Claim
CLM-0312,PRD-0312,Washing Machine,Dawlance,DWT-1167,SN77798790,2024-05-17,135000,Mega Electronics,24,2024-05-17,2026-05-07,2025-12-08,19,2025-11-20,Drainage failure,Drainage failure; synthetic claim scenario: covered fault.,Software/Firmware,Active,Covered,Available,Available,Available,Available,Available,Not Required,0,0,,,Not Applicable,None,Match,Match,No,No,Within Period,Yes,No,Yes,Yes,Normal,Low,Covered fault,Valid Claim
CLM-0313,PRD-0313,Printer,HP,LaserJet M404,SN85341065,2023-04-05,72000,TechWorld,12,2023-04-05,2024-03-30,2023-10-02,6,2023-09-24,Connectivity issue,Connectivity issue; synthetic claim scenario: covered fault.,Electrical,Active,Covered,Available,Available,Available,Available,Available,Available,0,1,2023-07-22,Authorized Service Center B,Authorized,Screen,Match,Match,No,No,Within Period,Yes,No,Yes,Yes,Low,Low,Covered fault,Valid Claim
CLM-0314,PRD-0314,Microwave,Samsung,MS23,SN44439001,2023-09-04,45000,Smart Mart,12,2023-09-04,2024-08-29,2024-06-30,10,2024-06-10,Control panel issue,Control panel issue; synthetic claim scenario: normal.,Normal Wear,Active,Covered,Available,Available,Available,Available,Available,Available,0,0,,,Not Applicable,None,Match,Match,No,No,Within Period,Yes,No,Yes,Yes,Low,Low,Normal,Valid Claim
CLM-0315,PRD-0315,Washing Machine,Dawlance,DWT-1167,SN78973779,2023-01-26,135000,TechWorld,24,2023-01-26,2025-01-15,2024-06-19,17,2024-06-07,Water leakage,Water leakage; synthetic claim scenario: covered fault.,Electrical,Active,Covered,Available,Available,Available,Available,Available,Not Required,0,0,,,Not Applicable,None,Match,Match,No,No,Within Period,No,No,Yes,Yes,Low,Low,Covered fault,Valid Claim
CLM-0316,PRD-0316,Television,LG,OLED55,SN82176148,2025-03-02,210000,City Appliances,24,2025-03-02,2027-02-20,2026-08-24,18,2026-08-06,Power failure,Power failure; synthetic claim scenario: normal.,Normal Wear,Active,Covered,Available,Available,Available,Available,Available,Available,0,1,2026-07-17,Authorized Service Center A,Authorized,None,Match,Match,No,No,Within Period,No,No,Yes,Yes,Low,Low,Normal,Valid Claim
CLM-0317,PRD-0317,Television,LG,OLED55,SN84904794,2023-01-25,210000,TechWorld,24,2023-01-25,2025-01-14,2024-04-19,15,2024-04-08,Panel issue,Panel issue; synthetic claim scenario: covered fault.,Water/Liquid,Active,Covered,Available,Available,Available,Available,Available,Available,0,0,,,Not Applicable,None,Match,Match,No,No,Within Period,No,No,Yes,Yes,Normal,Low,Covered fault,Valid Claim
CLM-0318,PRD-0318,Refrigerator,Haier,HRF-758,SN81784254,2023-09-22,180000,TechWorld,24,2023-09-22,2025-09-11,2024-11-15,14,2024-11-02,Cooling failure,Cooling failure; synthetic claim scenario: complete evidence.,Normal Wear,Active,Covered,Available,Available,Available,Available,Available,Not Required,0,1,2024-08-26,Authorized Service Center B,Authorized,Control Board,Match,Match,No,No,Within Period,Yes,No,Yes,Yes,Normal,Low,Complete evidence,Valid Claim
CLM-0319,PRD-0319,Smartphone,Samsung,Galaxy A55,SN21610534,2025-02-13,125000,Digital Hub,12,2025-02-13,2026-02-08,2025-12-10,10,2025-12-08,Speaker failure,Speaker failure; synthetic claim scenario: active warranty.,Software/Firmware,Active,Covered,Available,Available,Available,Available,Available,Available,0,0,,,Not Applicable,None,Match,Match,No,No,Within Period,No,No,Yes,Yes,Low,Low,Active warranty,Valid Claim
CLM-0320,PRD-0320,Printer,HP,LaserJet M404,SN96965116,2024-02-09,72000,Digital Hub,12,2024-02-09,2025-02-03,2024-03-10,1,2024-02-23,Power failure,Power failure; synthetic claim scenario: covered fault.,Electrical,Active,Covered,Available,Available,Available,Available,Available,Available,0,1,2024-01-12,Authorized Service Center A,Authorized,Control Board,Match,Match,No,No,Within Period,Yes,No,Yes,Yes,Low,Low,Covered fault,Valid Claim
CLM-0321,PRD-0321,Television,LG,OLED55,SN65385548,2023-05-07,210000,Smart Mart,24,2023-05-07,2025-04-26,2023-07-06,2,2023-07-05,Power failure,Power failure; synthetic claim scenario: active warranty.,Mechanical,Active,Covered,Available,Available,Available,Available,Available,Not Required,0,1,2023-03-28,Authorized Service Center A,Authorized,Battery,Match,Match,No,No,Within Period,Yes,No,Yes,Yes,Normal,Low,Active warranty,Valid Claim
CLM-0322,PRD-0322,Television,LG,OLED55,SN19817298,2023-08-15,210000,Digital Hub,24,2023-08-15,2025-08-04,2025-04-06,20,2025-03-28,Remote receiver failure,Remote receiver failure; synthetic claim scenario: complete evidence.,Normal Wear,Active,Covered,Available,Available,Available,Available,Available,Available,0,0,,,Not Applicable,None,Match,Match,No,No,Within Period,No,No,Yes,Yes,Normal,Low,Complete evidence,Valid Claim
CLM-0323,PRD-0323,Smartphone,Samsung,Galaxy A55,SN48270459,2023-09-14,125000,Smart Mart,12,2023-09-14,2024-09-08,2023-11-13,2,2023-11-06,Battery swelling,Battery swelling; synthetic claim scenario: covered fault.,Electrical,Active,Covered,Available,Available,Available,Available,Available,Not Required,0,0,,,Not Applicable,None,Match,Match,No,No,Within Period,Yes,No,Yes,Yes,Normal,Low,Covered fault,Valid Claim
CLM-0324,PRD-0324,Refrigerator,Haier,HRF-758,SN32634412,2023-11-22,180000,TechWorld,24,2023-11-22,2025-11-11,2025-03-16,16,2025-03-01,Thermostat failure,Thermostat failure; synthetic claim scenario: active warranty.,Physical,Active,Covered,Available,Available,Available,Available,Available,Not Required,0,1,2024-11-22,Authorized Service Center B,Authorized,Battery,Match,Match,No,No,Within Period,No,No,Yes,Yes,Low,Low,Active warranty,Valid Claim
CLM-0325,PRD-0325,Refrigerator,Haier,HRF-758,SN69774935,2024-12-30,180000,Digital Hub,24,2024-12-30,2026-12-20,2026-09-21,21,2026-09-07,Thermostat failure,Thermostat failure; synthetic claim scenario: complete evidence.,Physical,Active,Covered,Available,Available,Available,Available,Available,Not Required,0,0,,,Not Applicable,None,Match,Match,No,No,Within Period,No,No,Yes,Yes,Low,Low,Complete evidence,Valid Claim
CLM-0326,PRD-0326,Microwave,Samsung,MS23,SN20120010,2024-07-18,45000,TechWorld,12,2024-07-18,2025-07-13,2024-09-16,2,2024-09-10,Heating failure,Heating failure; synthetic claim scenario: active warranty.,Water/Liquid,Active,Covered,Available,Available,Available,Available,Available,Available,0,0,,,Not Applicable,None,Match,Match,No,No,Within Period,No,No,Yes,Yes,Normal,Low,Active warranty,Valid Claim
CLM-0327,PRD-0327,Laptop,Dell,Inspiron 15,SN62680236,2025-04-12,85000,Mega Electronics,12,2025-04-12,2026-04-07,2026-02-06,10,2026-01-18,Keyboard failure,Keyboard failure; synthetic claim scenario: covered fault.,Water/Liquid,Active,Covered,Available,Available,Available,Available,Available,Not Required,0,1,2025-12-11,Authorized Service Center A,Authorized,Screen,Match,Match,No,No,Within Period,Yes,No,Yes,Yes,Low,Low,Covered fault,Valid Claim
CLM-0328,PRD-0328,Television,LG,OLED55,SN32259144,2024-04-20,210000,Smart Mart,24,2024-04-20,2026-04-10,2025-09-12,17,2025-08-26,Remote receiver failure,Remote receiver failure; synthetic claim scenario: covered fault.,Mechanical,Active,Covered,Available,Available,Available,Available,Available,Available,0,0,,,Not Applicable,None,Match,Match,No,No,Within Period,Yes,No,Yes,Yes,Normal,Low,Covered fault,Valid Claim
CLM-0329,PRD-0329,Microwave,Samsung,MS23,SN18437082,2023-06-13,45000,Digital Hub,12,2023-06-13,2024-06-07,2023-09-11,3,2023-08-23,Turntable failure,Turntable failure; synthetic claim scenario: complete evidence.,Physical,Active,Covered,Available,Available,Available,Available,Available,Available,0,1,2023-06-12,Authorized Service Center B,Authorized,Battery,Match,Match,No,No,Within Period,No,No,Yes,Yes,Normal,Low,Complete evidence,Valid Claim
CLM-0330,PRD-0330,Laptop,Dell,Inspiron 15,SN97043518,2024-11-15,85000,Digital Hub,12,2024-11-15,2025-11-10,2025-03-15,4,2025-02-26,Battery failure,Battery failure; synthetic claim scenario: normal.,Electrical,Active,Covered,Available,Available,Available,Available,Available,Not Required,0,0,,,Not Applicable,None,Match,Match,No,No,Within Period,Yes,No,Yes,Yes,Low,Low,Normal,Valid Claim
CLM-0331,PRD-0331,Washing Machine,Dawlance,DWT-1167,SN60509993,2025-05-04,135000,Mega Electronics,24,2025-05-04,2027-04-24,2026-01-29,9,2026-01-10,Water leakage,Water leakage; synthetic claim scenario: normal.,Water/Liquid,Active,Covered,Available,Available,Available,Available,Available,Available,0,0,,,Not Applicable,None,Match,Match,No,No,Within Period,Yes,No,Yes,Yes,Low,Low,Normal,Valid Claim
CLM-0332,PRD-0332,Printer,HP,LaserJet M404,SN79060560,2023-12-28,72000,Digital Hub,12,2023-12-28,2024-12-22,2024-06-25,6,2024-06-09,Paper feed failure,Paper feed failure; synthetic claim scenario: covered fault.,Mechanical,Active,Covered,Available,Available,Available,Available,Available,Not Required,0,1,2024-05-26,Authorized Service Center A,Authorized,Battery,Match,Match,No,No,Within Period,Yes,No,Yes,Yes,Normal,Low,Covered fault,Valid Claim
CLM-0333,PRD-0333,Television,LG,OLED55,SN74293132,2023-06-11,210000,Mega Electronics,24,2023-06-11,2025-05-31,2024-06-05,12,2024-05-16,Sound failure,Sound failure; synthetic claim scenario: complete evidence.,Water/Liquid,Active,Covered,Available,Available,Available,Available,Available,Available,0,1,2024-04-07,Authorized Service Center B,Authorized,Battery,Match,Match,No,No,Within Period,Yes,No,Yes,Yes,Normal,Low,Complete evidence,Valid Claim
CLM-0334,PRD-0334,Printer,HP,LaserJet M404,SN32325960,2023-01-23,72000,Digital Hub,12,2023-01-23,2024-01-18,2023-05-23,4,2023-05-21,Paper feed failure,Paper feed failure; synthetic claim scenario: covered fault.,Mechanical,Active,Covered,Available,Available,Available,Available,Available,Available,0,1,2023-02-07,Authorized Service Center A,Authorized,Control Board,Match,Match,No,No,Within Period,No,No,Yes,Yes,Normal,Low,Covered fault,Valid Claim
CLM-0335,PRD-0335,Printer,HP,LaserJet M404,SN32893086,2024-09-05,72000,Mega Electronics,12,2024-09-05,2025-08-31,2025-07-02,10,2025-07-01,Connectivity issue,Connectivity issue; synthetic claim scenario: complete evidence.,Software/Firmware,Active,Covered,Available,Available,Available,Available,Available,Not Required,0,0,,,Not Applicable,None,Match,Match,No,No,Within Period,No,No,Yes,Yes,Low,Low,Complete evidence,Valid Claim
CLM-0336,PRD-0336,Television,LG,OLED55,SN60762668,2025-03-24,210000,City Appliances,24,2025-03-24,2027-03-14,2026-10-15,19,2026-10-09,Power failure,Power failure; synthetic claim scenario: normal.,Mechanical,Active,Covered,Available,Available,Available,Available,Available,Not Required,0,0,,,Not Applicable,None,Match,Match,No,No,Within Period,Yes,No,Yes,Yes,Low,Low,Normal,Valid Claim
CLM-0337,PRD-0337,Smartphone,Samsung,Galaxy A55,SN90505645,2023-01-17,125000,TechWorld,12,2023-01-17,2024-01-12,2023-05-17,4,2023-04-30,Speaker failure,Speaker failure; synthetic claim scenario: complete evidence.,Water/Liquid,Active,Covered,Available,Available,Available,Available,Available,Not Required,0,0,,,Not Applicable,None,Match,Match,No,No,Within Period,No,No,Yes,Yes,Normal,Low,Complete evidence,Valid Claim
CLM-0338,PRD-0338,Smartphone,Samsung,Galaxy A55,SN67573535,2023-04-06,125000,Mega Electronics,12,2023-04-06,2024-03-31,2023-12-02,8,2023-11-27,Speaker failure,Speaker failure; synthetic claim scenario: normal.,Software/Firmware,Active,Covered,Available,Available,Available,Available,Available,Available,0,1,2023-08-11,Authorized Service Center B,Authorized,Motherboard,Match,Match,No,No,Within Period,Yes,No,Yes,Yes,Low,Low,Normal,Valid Claim
CLM-0339,PRD-0339,Air Conditioner,Orient,Ultron,SN90301439,2024-08-26,165000,Smart Mart,18,2024-08-26,2026-02-17,2024-12-24,4,2024-12-10,Fan failure,Fan failure; synthetic claim scenario: normal.,Software/Firmware,Active,Covered,Available,Available,Available,Available,Available,Available,0,0,,,Not Applicable,None,Match,Match,No,No,Within Period,Yes,No,Yes,Yes,Normal,Low,Normal,Valid Claim
CLM-0340,PRD-0340,Washing Machine,Dawlance,DWT-1167,SN24305357,2023-07-13,135000,Mega Electronics,24,2023-07-13,2025-07-02,2023-08-12,1,2023-08-11,Water leakage,Water leakage; synthetic claim scenario: complete evidence.,Software/Firmware,Active,Covered,Available,Available,Available,Available,Available,Available,0,1,2023-07-13,Authorized Service Center B,Authorized,Control Board,Match,Match,No,No,Within Period,No,No,Yes,Yes,Low,Low,Complete evidence,Valid Claim
CLM-0341,PRD-0341,Washing Machine,Dawlance,DWT-1167,SN59689143,2023-09-25,135000,Smart Mart,24,2023-09-25,2025-09-14,2025-03-18,18,2025-03-04,Motor issue,Motor issue; synthetic claim scenario: complete evidence.,Water/Liquid,Active,Covered,Available,Available,Available,Available,Available,Not Required,0,1,2025-01-12,Authorized Service Center B,Authorized,Motherboard,Match,Match,No,No,Within Period,No,No,Yes,Yes,Low,Low,Complete evidence,Valid Claim
CLM-0342,PRD-0342,Washing Machine,Dawlance,DWT-1167,SN38784084,2023-11-11,135000,Smart Mart,24,2023-11-11,2025-10-31,2025-06-03,19,2025-05-22,Drainage failure,Drainage failure; synthetic claim scenario: covered fault.,Software/Firmware,Active,Covered,Available,Available,Available,Available,Available,Not Required,0,1,2025-04-17,Authorized Service Center A,Authorized,Screen,Match,Match,No,No,Within Period,No,No,Yes,Yes,Low,Low,Covered fault,Valid Claim
CLM-0343,PRD-0343,Laptop,Dell,Inspiron 15,SN45311610,2023-06-14,85000,Mega Electronics,12,2023-06-14,2024-06-08,2024-01-10,7,2024-01-09,Battery failure,Battery failure; synthetic claim scenario: normal.,Physical,Active,Covered,Available,Available,Available,Available,Available,Available,0,0,,,Not Applicable,None,Match,Match,No,No,Within Period,Yes,No,Yes,Yes,Low,Low,Normal,Valid Claim
CLM-0344,PRD-0344,Smartphone,Samsung,Galaxy A55,SN11437525,2024-09-15,125000,Mega Electronics,12,2024-09-15,2025-09-10,2024-10-15,1,2024-10-02,Charging port failure,Charging port failure; synthetic claim scenario: complete evidence.,Normal Wear,Active,Covered,Available,Available,Available,Available,Available,Not Required,0,1,2024-06-24,Authorized Service Center B,Authorized,Control Board,Match,Match,No,No,Within Period,No,No,Yes,Yes,Normal,Low,Complete evidence,Valid Claim
CLM-0345,PRD-0345,Washing Machine,Dawlance,DWT-1167,SN21655844,2023-07-19,135000,Digital Hub,24,2023-07-19,2025-07-08,2023-09-17,2,2023-08-28,Motor issue,Motor issue; synthetic claim scenario: normal.,Software/Firmware,Active,Covered,Available,Available,Available,Available,Available,Available,0,1,2023-07-28,Authorized Service Center A,Authorized,Screen,Match,Match,No,No,Within Period,Yes,No,Yes,Yes,Normal,Low,Normal,Valid Claim
CLM-0346,PRD-0346,Printer,HP,LaserJet M404,SN47112255,2024-02-20,72000,Mega Electronics,12,2024-02-20,2025-02-14,2024-12-16,10,2024-12-09,Power failure,Power failure; synthetic claim scenario: active warranty.,Water/Liquid,Active,Covered,Available,Available,Available,Available,Available,Available,0,1,2024-08-18,Authorized Service Center A,Authorized,Battery,Match,Match,No,No,Within Period,No,No,Yes,Yes,Low,Low,Active warranty,Valid Claim
CLM-0347,PRD-0347,Microwave,Samsung,MS23,SN55629449,2024-02-18,45000,TechWorld,12,2024-02-18,2025-02-12,2024-12-14,10,2024-12-13,Door switch failure,Door switch failure; synthetic claim scenario: normal.,Water/Liquid,Active,Covered,Available,Available,Available,Available,Available,Not Required,0,0,,,Not Applicable,None,Match,Match,No,No,Within Period,Yes,No,Yes,Yes,Normal,Low,Normal,Valid Claim
CLM-0348,PRD-0348,Washing Machine,Dawlance,DWT-1167,SN71836850,2025-06-16,135000,Smart Mart,24,2025-06-16,2027-06-06,2026-12-08,18,2026-11-19,Control panel failure,Control panel failure; synthetic claim scenario: active warranty.,Electrical,Active,Covered,Available,Available,Available,Available,Available,Not Required,0,1,2026-09-13,Authorized Service Center B,Authorized,Motherboard,Match,Match,No,No,Within Period,Yes,No,Yes,Yes,Normal,Low,Active warranty,Valid Claim
CLM-0349,PRD-0349,Smartphone,Samsung,Galaxy A55,SN81893982,2023-09-22,125000,TechWorld,12,2023-09-22,2024-09-16,2023-11-21,2,2023-11-08,Speaker failure,Speaker failure; synthetic claim scenario: active warranty.,Normal Wear,Active,Covered,Available,Available,Available,Available,Available,Available,0,1,2023-07-25,Authorized Service Center A,Authorized,Screen,Match,Match,No,No,Within Period,Yes,No,Yes,Yes,Low,Low,Active warranty,Valid Claim
CLM-0350,PRD-0350,Refrigerator,Haier,HRF-758,SN39335449,2023-10-22,180000,Smart Mart,24,2023-10-22,2025-10-11,2024-01-20,3,2024-01-07,Door seal failure,Door seal failure; synthetic claim scenario: active warranty.,Physical,Active,Covered,Available,Available,Available,Available,Available,Not Required,0,0,,,Not Applicable,None,Match,Match,No,No,Within Period,No,No,Yes,Yes,Low,Low,Active warranty,Valid Claim
CLM-0351,PRD-0351,Television,LG,OLED55,SN37214866,2025-02-03,210000,Mega Electronics,24,2025-02-03,2027-01-24,2026-11-25,22,2026-11-18,Power failure,Power failure; synthetic claim scenario: covered fault.,Water/Liquid,Active,Covered,Available,Available,Available,Available,Available,Not Required,0,1,2026-10-01,Authorized Service Center A,Authorized,Screen,Match,Match,No,No,Within Period,No,No,Yes,Yes,Low,Low,Covered fault,Valid Claim
CLM-0352,PRD-0352,Television,LG,OLED55,SN93304578,2025-03-08,210000,Digital Hub,24,2025-03-08,2027-02-26,2025-07-06,4,2025-07-02,Panel issue,Panel issue; synthetic claim scenario: complete evidence.,Software/Firmware,Active,Covered,Available,Available,Available,Available,Available,Available,0,1,2025-03-14,Authorized Service Center B,Authorized,Control Board,Match,Match,No,No,Within Period,No,No,Yes,Yes,Normal,Low,Complete evidence,Valid Claim
CLM-0353,PRD-0353,Washing Machine,Dawlance,DWT-1167,SN74199033,2024-05-17,135000,Smart Mart,24,2024-05-17,2026-05-07,2024-11-13,6,2024-10-27,Control panel failure,Control panel failure; synthetic claim scenario: normal.,Electrical,Active,Covered,Available,Available,Available,Available,Available,Not Required,0,0,,,Not Applicable,None,Match,Match,No,No,Within Period,No,No,Yes,Yes,Normal,Low,Normal,Valid Claim
CLM-0354,PRD-0354,Air Conditioner,Orient,Ultron,SN60925964,2024-02-08,165000,Smart Mart,18,2024-02-08,2025-08-01,2024-08-06,6,2024-07-22,Compressor issue,Compressor issue; synthetic claim scenario: normal.,Electrical,Active,Covered,Available,Available,Available,Available,Available,Available,0,1,2024-05-02,Authorized Service Center B,Authorized,Screen,Match,Match,No,No,Within Period,Yes,No,Yes,Yes,Normal,Low,Normal,Valid Claim
CLM-0355,PRD-0355,Air Conditioner,Orient,Ultron,SN34684475,2024-09-19,165000,City Appliances,18,2024-09-19,2026-03-13,2025-06-16,9,2025-06-10,Fan failure,Fan failure; synthetic claim scenario: active warranty.,Software/Firmware,Active,Covered,Available,Available,Available,Available,Available,Not Required,0,0,,,Not Applicable,None,Match,Match,No,No,Within Period,Yes,No,Yes,Yes,Low,Low,Active warranty,Valid Claim
CLM-0356,PRD-0356,Refrigerator,Haier,HRF-758,SN23404289,2024-03-05,180000,Digital Hub,24,2024-03-05,2026-02-23,2025-02-28,12,2025-02-16,Compressor issue,Compressor issue; synthetic claim scenario: covered fault.,Mechanical,Active,Covered,Available,Available,Available,Available,Available,Not Required,0,0,,,Not Applicable,None,Match,Match,No,No,Within Period,Yes,No,Yes,Yes,Normal,Low,Covered fault,Valid Claim
CLM-0357,PRD-0357,Printer,HP,LaserJet M404,SN28048483,2025-05-26,72000,Smart Mart,12,2025-05-26,2026-05-21,2025-12-22,7,2025-12-15,Connectivity issue,Connectivity issue; synthetic claim scenario: complete evidence.,Water/Liquid,Active,Covered,Available,Available,Available,Available,Available,Available,0,1,2025-11-03,Authorized Service Center B,Authorized,Screen,Match,Match,No,No,Within Period,No,No,Yes,Yes,Normal,Low,Complete evidence,Valid Claim
CLM-0358,PRD-0358,Microwave,Samsung,MS23,SN44130183,2023-11-04,45000,City Appliances,12,2023-11-04,2024-10-29,2024-04-02,5,2024-03-15,Turntable failure,Turntable failure; synthetic claim scenario: normal.,Normal Wear,Active,Covered,Available,Available,Available,Available,Available,Available,0,0,,,Not Applicable,None,Match,Match,No,No,Within Period,No,No,Yes,Yes,Normal,Low,Normal,Valid Claim
CLM-0359,PRD-0359,Smartphone,Samsung,Galaxy A55,SN26272220,2024-04-05,125000,Digital Hub,12,2024-04-05,2025-03-31,2024-10-02,6,2024-09-23,Charging port failure,Charging port failure; synthetic claim scenario: normal.,Normal Wear,Active,Covered,Available,Available,Available,Available,Available,Not Required,0,0,,,Not Applicable,None,Match,Match,No,No,Within Period,Yes,No,Yes,Yes,Low,Low,Normal,Valid Claim
CLM-0360,PRD-0360,Refrigerator,Haier,HRF-758,SN20523679,2024-08-13,180000,City Appliances,24,2024-08-13,2026-08-03,2026-03-06,19,2026-02-16,Thermostat failure,Thermostat failure; synthetic claim scenario: complete evidence.,Water/Liquid,Active,Covered,Available,Available,Available,Available,Available,Available,0,0,,,Not Applicable,None,Match,Match,No,No,Within Period,Yes,No,Yes,Yes,Low,Low,Complete evidence,Valid Claim
CLM-0361,PRD-0361,Washing Machine,Dawlance,DWT-1167,SN56120632,2024-04-19,135000,Mega Electronics,24,2024-04-19,2026-04-09,2026-01-09,21,2026-01-04,Motor issue,Motor issue; synthetic claim scenario: normal.,Physical,Active,Covered,Available,Available,Available,Available,Available,Available,0,1,2025-10-28,Authorized Service Center B,Authorized,Screen,Match,Match,No,No,Within Period,Yes,No,Yes,Yes,Normal,Low,Normal,Valid Claim
CLM-0362,PRD-0362,Washing Machine,Dawlance,DWT-1167,SN32457056,2024-12-28,135000,Mega Electronics,24,2024-12-28,2026-12-18,2025-09-24,9,2025-09-04,Control panel failure,Control panel failure; synthetic claim scenario: complete evidence.,Electrical,Active,Covered,Available,Available,Available,Available,Available,Not Required,0,0,,,Not Applicable,None,Match,Match,No,No,Within Period,Yes,No,Yes,Yes,Low,Low,Complete evidence,Valid Claim
CLM-0363,PRD-0363,Television,LG,OLED55,SN18562070,2025-01-15,210000,City Appliances,24,2025-01-15,2027-01-05,2025-09-12,8,2025-09-03,No display,No display; synthetic claim scenario: normal.,Water/Liquid,Active,Covered,Available,Available,Available,Available,Available,Available,0,0,,,Not Applicable,None,Match,Match,No,No,Within Period,No,No,Yes,Yes,Low,Low,Normal,Valid Claim
CLM-0364,PRD-0364,Laptop,Dell,Inspiron 15,SN51523026,2023-01-27,85000,Mega Electronics,12,2023-01-27,2024-01-22,2023-08-25,7,2023-08-08,Charging issue,Charging issue; synthetic claim scenario: normal.,Mechanical,Active,Covered,Available,Available,Available,Available,Available,Available,0,0,,,Not Applicable,None,Match,Match,No,No,Within Period,Yes,No,Yes,Yes,Normal,Low,Normal,Valid Claim
CLM-0365,PRD-0365,Washing Machine,Dawlance,DWT-1167,SN72705646,2024-03-29,135000,Smart Mart,24,2024-03-29,2026-03-19,2025-12-19,21,2025-12-14,Control panel failure,Control panel failure; synthetic claim scenario: active warranty.,Physical,Active,Covered,Available,Available,Available,Available,Available,Available,0,1,2025-10-29,Authorized Service Center A,Authorized,Control Board,Match,Match,No,No,Within Period,No,No,Yes,Yes,Low,Low,Active warranty,Valid Claim
CLM-0366,PRD-0366,Microwave,Samsung,MS23,SN22019737,2023-05-19,45000,City Appliances,12,2023-05-19,2024-05-13,2024-02-13,9,2024-02-07,Turntable failure,Turntable failure; synthetic claim scenario: complete evidence.,Physical,Active,Covered,Available,Available,Available,Available,Available,Not Required,0,1,2023-10-25,Authorized Service Center B,Authorized,Screen,Match,Match,No,No,Within Period,Yes,No,Yes,Yes,Low,Low,Complete evidence,Valid Claim
CLM-0367,PRD-0367,Printer,HP,LaserJet M404,SN81819757,2023-09-24,72000,TechWorld,12,2023-09-24,2024-09-18,2023-12-23,3,2023-12-13,Connectivity issue,Connectivity issue; synthetic claim scenario: active warranty.,Normal Wear,Active,Covered,Available,Available,Available,Available,Available,Available,0,0,,,Not Applicable,None,Match,Match,No,No,Within Period,No,No,Yes,Yes,Low,Low,Active warranty,Valid Claim
CLM-0368,PRD-0368,Microwave,Samsung,MS23,SN35309568,2025-02-12,45000,City Appliances,12,2025-02-12,2026-02-07,2025-10-10,8,2025-09-30,Door switch failure,Door switch failure; synthetic claim scenario: normal.,Water/Liquid,Active,Covered,Available,Available,Available,Available,Available,Available,0,0,,,Not Applicable,None,Match,Match,No,No,Within Period,Yes,No,Yes,Yes,Normal,Low,Normal,Valid Claim
CLM-0369,PRD-0369,Printer,HP,LaserJet M404,SN93929434,2024-02-09,72000,Mega Electronics,12,2024-02-09,2025-02-03,2024-06-08,4,2024-06-02,Connectivity issue,Connectivity issue; synthetic claim scenario: normal.,Water/Liquid,Active,Covered,Available,Available,Available,Available,Available,Not Required,0,0,,,Not Applicable,None,Match,Match,No,No,Within Period,No,No,Yes,Yes,Low,Low,Normal,Valid Claim
CLM-0370,PRD-0370,Washing Machine,Dawlance,DWT-1167,SN48868823,2023-10-19,135000,TechWorld,24,2023-10-19,2025-10-08,2025-07-10,21,2025-06-22,Motor issue,Motor issue; synthetic claim scenario: covered fault.,Normal Wear,Active,Covered,Available,Available,Available,Available,Available,Not Required,0,0,,,Not Applicable,None,Match,Match,No,No,Within Period,No,No,Yes,Yes,Normal,Low,Covered fault,Valid Claim
CLM-0371,PRD-0371,Microwave,Samsung,MS23,SN81802559,2024-09-24,45000,TechWorld,12,2024-09-24,2025-09-19,2025-05-22,8,2025-05-13,Heating failure,Heating failure; synthetic claim scenario: covered fault.,Mechanical,Active,Covered,Available,Available,Available,Available,Available,Not Required,0,0,,,Not Applicable,None,Match,Match,No,No,Within Period,Yes,No,Yes,Yes,Normal,Low,Covered fault,Valid Claim
CLM-0372,PRD-0372,Smartphone,Samsung,Galaxy A55,SN39150491,2023-10-16,125000,Digital Hub,12,2023-10-16,2024-10-10,2024-03-14,5,2024-03-09,Charging port failure,Charging port failure; synthetic claim scenario: normal.,Software/Firmware,Active,Covered,Available,Available,Available,Available,Available,Not Required,0,1,2024-02-12,Authorized Service Center A,Authorized,Screen,Match,Match,No,No,Within Period,No,No,Yes,Yes,Normal,Low,Normal,Valid Claim
CLM-0373,PRD-0373,Microwave,Samsung,MS23,SN19581091,2024-01-16,45000,Smart Mart,12,2024-01-16,2025-01-10,2024-09-12,8,2024-09-10,Control panel issue,Control panel issue; synthetic claim scenario: active warranty.,Software/Firmware,Active,Covered,Available,Available,Available,Available,Available,Not Required,0,0,,,Not Applicable,None,Match,Match,No,No,Within Period,No,No,Yes,Yes,Normal,Low,Active warranty,Valid Claim
CLM-0374,PRD-0374,Television,LG,OLED55,SN14497675,2023-07-16,210000,Mega Electronics,24,2023-07-16,2025-07-05,2024-04-11,9,2024-03-29,Power failure,Power failure; synthetic claim scenario: complete evidence.,Software/Firmware,Active,Covered,Available,Available,Available,Available,Available,Available,0,0,,,Not Applicable,None,Match,Match,No,No,Within Period,No,No,Yes,Yes,Low,Low,Complete evidence,Valid Claim
CLM-0375,PRD-0375,Smartphone,Samsung,Galaxy A55,SN74589542,2024-06-17,125000,Digital Hub,12,2024-06-17,2025-06-12,2024-10-15,4,2024-09-29,Camera failure,Camera failure; synthetic claim scenario: normal.,Mechanical,Active,Covered,Available,Available,Available,Available,Available,Not Required,0,1,2024-08-07,Authorized Service Center B,Authorized,Screen,Match,Match,No,No,Within Period,No,No,Yes,Yes,Normal,Low,Normal,Valid Claim
CLM-0376,PRD-0376,Laptop,Dell,Inspiron 15,SN26059096,2025-06-03,85000,City Appliances,12,2025-06-03,2026-05-29,2025-10-01,4,2025-09-27,Motherboard failure,Motherboard failure; synthetic claim scenario: active warranty.,Mechanical,Active,Covered,Available,Available,Available,Available,Available,Available,0,1,2025-07-08,Authorized Service Center B,Authorized,None,Match,Match,No,No,Within Period,No,No,Yes,Yes,Normal,Low,Active warranty,Valid Claim
CLM-0377,PRD-0377,Laptop,Dell,Inspiron 15,SN22267708,2024-08-18,85000,Smart Mart,12,2024-08-18,2025-08-13,2025-04-15,8,2025-03-26,Charging issue,Charging issue; synthetic claim scenario: covered fault.,Physical,Active,Covered,Available,Available,Available,Available,Available,Available,0,0,,,Not Applicable,None,Match,Match,No,No,Within Period,No,No,Yes,Yes,Normal,Low,Covered fault,Valid Claim
CLM-0378,PRD-0378,Laptop,Dell,Inspiron 15,SN96522918,2023-03-03,85000,Digital Hub,12,2023-03-03,2024-02-26,2023-08-30,6,2023-08-25,Motherboard failure,Motherboard failure; synthetic claim scenario: active warranty.,Software/Firmware,Active,Covered,Available,Available,Available,Available,Available,Available,0,0,,,Not Applicable,None,Match,Match,No,No,Within Period,Yes,No,Yes,Yes,Normal,Low,Active warranty,Valid Claim
CLM-0379,PRD-0379,Refrigerator,Haier,HRF-758,SN82844534,2023-01-22,180000,City Appliances,24,2023-01-22,2025-01-11,2024-02-16,13,2024-02-04,Door seal failure,Door seal failure; synthetic claim scenario: complete evidence.,Mechanical,Active,Covered,Available,Available,Available,Available,Available,Available,0,0,,,Not Applicable,None,Match,Match,No,No,Within Period,No,No,Yes,Yes,Low,Low,Complete evidence,Valid Claim
CLM-0380,PRD-0380,Television,LG,OLED55,SN49684512,2024-07-10,210000,Digital Hub,24,2024-07-10,2026-06-30,2025-07-05,12,2025-06-24,Sound failure,Sound failure; synthetic claim scenario: covered fault.,Water/Liquid,Active,Covered,Available,Available,Available,Available,Available,Not Required,0,0,,,Not Applicable,None,Match,Match,No,No,Within Period,No,No,Yes,Yes,Normal,Low,Covered fault,Valid Claim
CLM-0381,PRD-0381,Air Conditioner,Orient,Ultron,SN98354109,2024-04-09,165000,Smart Mart,18,2024-04-09,2025-10-01,2024-05-09,1,2024-04-22,Cooling failure,Cooling failure; synthetic claim scenario: active warranty.,Software/Firmware,Active,Covered,Available,Available,Available,Available,Available,Not Required,0,1,2024-03-17,Authorized Service Center A,Authorized,Battery,Match,Match,No,No,Within Period,Yes,No,Yes,Yes,Normal,Low,Active warranty,Valid Claim
CLM-0382,PRD-0382,Microwave,Samsung,MS23,SN80222787,2025-02-23,45000,TechWorld,12,2025-02-23,2026-02-18,2025-11-20,9,2025-11-15,Heating failure,Heating failure; synthetic claim scenario: normal.,Electrical,Active,Covered,Available,Available,Available,Available,Available,Not Required,0,0,,,Not Applicable,None,Match,Match,No,No,Within Period,Yes,No,Yes,Yes,Low,Low,Normal,Valid Claim
CLM-0383,PRD-0383,Television,LG,OLED55,SN96134450,2023-07-02,210000,City Appliances,24,2023-07-02,2025-06-21,2023-08-31,2,2023-08-24,Remote receiver failure,Remote receiver failure; synthetic claim scenario: normal.,Normal Wear,Active,Covered,Available,Available,Available,Available,Available,Available,0,0,,,Not Applicable,None,Match,Match,No,No,Within Period,No,No,Yes,Yes,Normal,Low,Normal,Valid Claim
CLM-0384,PRD-0384,Microwave,Samsung,MS23,SN38016352,2024-06-22,45000,City Appliances,12,2024-06-22,2025-06-17,2025-04-18,10,2025-03-30,Heating failure,Heating failure; synthetic claim scenario: normal.,Electrical,Active,Covered,Available,Available,Available,Available,Available,Not Required,0,0,,,Not Applicable,None,Match,Match,No,No,Within Period,Yes,No,Yes,Yes,Normal,Low,Normal,Valid Claim
CLM-0385,PRD-0385,Microwave,Samsung,MS23,SN50789378,2025-03-31,45000,TechWorld,12,2025-03-31,2026-03-26,2025-04-30,1,2025-04-18,Heating failure,Heating failure; synthetic claim scenario: normal.,Mechanical,Active,Covered,Available,Available,Available,Available,Available,Not Required,0,0,,,Not Applicable,None,Match,Match,No,No,Within Period,No,No,Yes,Yes,Low,Low,Normal,Valid Claim
CLM-0386,PRD-0386,Smartphone,Samsung,Galaxy A55,SN84912498,2023-04-14,125000,City Appliances,12,2023-04-14,2024-04-08,2023-08-12,4,2023-07-25,Speaker failure,Speaker failure; synthetic claim scenario: covered fault.,Normal Wear,Active,Covered,Available,Available,Available,Available,Available,Not Required,0,0,,,Not Applicable,None,Match,Match,No,No,Within Period,No,No,Yes,Yes,Normal,Low,Covered fault,Valid Claim
CLM-0387,PRD-0387,Smartphone,Samsung,Galaxy A55,SN63896091,2025-02-23,125000,Smart Mart,12,2025-02-23,2026-02-18,2025-12-20,10,2025-12-08,Speaker failure,Speaker failure; synthetic claim scenario: covered fault.,Physical,Active,Covered,Available,Available,Available,Available,Available,Not Required,0,1,2025-08-27,Authorized Service Center B,Authorized,Battery,Match,Match,No,No,Within Period,No,No,Yes,Yes,Normal,Low,Covered fault,Valid Claim
CLM-0388,PRD-0388,Microwave,Samsung,MS23,SN85584002,2023-12-27,45000,Smart Mart,12,2023-12-27,2024-12-21,2024-06-24,6,2024-06-06,Turntable failure,Turntable failure; synthetic claim scenario: active warranty.,Mechanical,Active,Covered,Available,Available,Available,Available,Available,Not Required,0,0,,,Not Applicable,None,Match,Match,No,No,Within Period,Yes,No,Yes,Yes,Low,Low,Active warranty,Valid Claim
CLM-0389,PRD-0389,Printer,HP,LaserJet M404,SN48182550,2025-02-23,72000,Smart Mart,12,2025-02-23,2026-02-18,2025-11-20,9,2025-11-11,Paper feed failure,Paper feed failure; synthetic claim scenario: normal.,Electrical,Active,Covered,Available,Available,Available,Available,Available,Not Required,0,0,,,Not Applicable,None,Match,Match,No,No,Within Period,Yes,No,Yes,Yes,Low,Low,Normal,Valid Claim
CLM-0390,PRD-0390,Television,LG,OLED55,SN78621697,2023-11-06,210000,Smart Mart,24,2023-11-06,2025-10-26,2023-12-06,1,2023-11-26,Remote receiver failure,Remote receiver failure; synthetic claim scenario: active warranty.,Water/Liquid,Active,Covered,Available,Available,Available,Available,Available,Available,0,0,,,Not Applicable,None,Match,Match,No,No,Within Period,Yes,No,Yes,Yes,Normal,Low,Active warranty,Valid Claim
CLM-0391,PRD-0391,Television,LG,OLED55,SN43535226,2023-04-07,210000,Mega Electronics,24,2023-04-07,2025-03-27,2023-06-06,2,2023-05-22,Remote receiver failure,Remote receiver failure; synthetic claim scenario: active warranty.,Physical,Active,Covered,Available,Available,Available,Available,Available,Not Required,0,0,,,Not Applicable,None,Match,Match,No,No,Within Period,No,No,Yes,Yes,Low,Low,Active warranty,Valid Claim
CLM-0392,PRD-0392,Washing Machine,Dawlance,DWT-1167,SN89890579,2023-04-05,135000,Digital Hub,24,2023-04-05,2025-03-25,2024-10-26,19,2024-10-13,Drainage failure,Drainage failure; synthetic claim scenario: complete evidence.,Electrical,Active,Covered,Available,Available,Available,Available,Available,Available,0,1,2024-09-17,Authorized Service Center B,Authorized,Control Board,Match,Match,No,No,Within Period,Yes,No,Yes,Yes,Normal,Low,Complete evidence,Valid Claim
CLM-0393,PRD-0393,Printer,HP,LaserJet M404,SN95078886,2023-03-22,72000,City Appliances,12,2023-03-22,2024-03-16,2023-04-21,1,2023-04-10,Paper feed failure,Paper feed failure; synthetic claim scenario: covered fault.,Electrical,Active,Covered,Available,Available,Available,Available,Available,Not Required,0,0,,,Not Applicable,None,Match,Match,No,No,Within Period,Yes,No,Yes,Yes,Normal,Low,Covered fault,Valid Claim
CLM-0394,PRD-0394,Washing Machine,Dawlance,DWT-1167,SN69809598,2024-06-20,135000,Smart Mart,24,2024-06-20,2026-06-10,2024-08-19,2,2024-08-08,Control panel failure,Control panel failure; synthetic claim scenario: normal.,Water/Liquid,Active,Covered,Available,Available,Available,Available,Available,Available,0,0,,,Not Applicable,None,Match,Match,No,No,Within Period,No,No,Yes,Yes,Normal,Low,Normal,Valid Claim
CLM-0395,PRD-0395,Smartphone,Samsung,Galaxy A55,SN86697457,2023-08-16,125000,TechWorld,12,2023-08-16,2024-08-10,2024-03-13,7,2024-03-03,Charging port failure,Charging port failure; synthetic claim scenario: normal.,Water/Liquid,Active,Covered,Available,Available,Available,Available,Available,Not Required,0,0,,,Not Applicable,None,Match,Match,No,No,Within Period,No,No,Yes,Yes,Low,Low,Normal,Valid Claim
CLM-0396,PRD-0396,Printer,HP,LaserJet M404,SN97543303,2023-09-26,72000,Smart Mart,12,2023-09-26,2024-09-20,2023-11-25,2,2023-11-12,Connectivity issue,Connectivity issue; synthetic claim scenario: complete evidence.,Mechanical,Active,Covered,Available,Available,Available,Available,Available,Not Required,0,1,2023-10-10,Authorized Service Center A,Authorized,Control Board,Match,Match,No,No,Within Period,Yes,No,Yes,Yes,Normal,Low,Complete evidence,Valid Claim
CLM-0397,PRD-0397,Refrigerator,Haier,HRF-758,SN59025393,2023-09-06,180000,Digital Hub,24,2023-09-06,2025-08-26,2023-12-05,3,2023-11-26,Thermostat failure,Thermostat failure; synthetic claim scenario: complete evidence.,Mechanical,Active,Covered,Available,Available,Available,Available,Available,Not Required,0,0,,,Not Applicable,None,Match,Match,No,No,Within Period,No,No,Yes,Yes,Normal,Low,Complete evidence,Valid Claim
CLM-0398,PRD-0398,Air Conditioner,Orient,Ultron,SN41338443,2023-12-19,165000,Mega Electronics,18,2023-12-19,2025-06-11,2024-01-18,1,2024-01-08,Cooling failure,Cooling failure; synthetic claim scenario: complete evidence.,Normal Wear,Active,Covered,Available,Available,Available,Available,Available,Available,0,0,,,Not Applicable,None,Match,Match,No,No,Within Period,Yes,No,Yes,Yes,Normal,Low,Complete evidence,Valid Claim
CLM-0399,PRD-0399,Air Conditioner,Orient,Ultron,SN24935479,2023-06-09,165000,Digital Hub,18,2023-06-09,2024-11-30,2023-09-07,3,2023-09-03,Fan failure,Fan failure; synthetic claim scenario: normal.,Software/Firmware,Active,Covered,Available,Available,Available,Available,Available,Available,0,0,,,Not Applicable,None,Match,Match,No,No,Within Period,No,No,Yes,Yes,Low,Low,Normal,Valid Claim
CLM-0400,PRD-0400,Microwave,Samsung,MS23,SN60547291,2023-01-24,45000,Smart Mart,12,2023-01-24,2024-01-19,2023-07-23,6,2023-07-16,Heating failure,Heating failure; synthetic claim scenario: covered fault.,Normal Wear,Active,Covered,Available,Available,Available,Available,Available,Available,0,0,,,Not Applicable,None,Match,Match,No,No,Within Period,Yes,No,Yes,Yes,Low,Low,Covered fault,Valid Claim
CLM-0401,PRD-0401,Laptop,Dell,Inspiron 15,SN18938604,2023-09-19,85000,City Appliances,12,2023-09-19,2024-09-13,2023-12-18,3,2023-12-16,Battery failure,Battery failure; synthetic claim scenario: complete evidence.,Normal Wear,Active,Covered,Available,Available,Available,Available,Available,Not Required,0,0,,,Not Applicable,None,Match,Match,No,No,Within Period,Yes,No,Yes,Yes,Normal,Low,Complete evidence,Valid Claim
CLM-0402,PRD-0402,Washing Machine,Dawlance,DWT-1167,SN78255127,2024-11-09,135000,TechWorld,24,2024-11-09,2026-10-30,2026-08-31,22,2026-08-19,Control panel failure,Control panel failure; synthetic claim scenario: covered fault.,Physical,Active,Covered,Available,Available,Available,Available,Available,Available,0,0,,,Not Applicable,None,Match,Match,No,No,Within Period,Yes,No,Yes,Yes,Low,Low,Covered fault,Valid Claim
CLM-0403,PRD-0403,Microwave,Samsung,MS23,SN43204410,2025-06-06,45000,Smart Mart,12,2025-06-06,2026-06-01,2026-04-02,10,2026-03-15,Heating failure,Heating failure; synthetic claim scenario: normal.,Physical,Active,Covered,Available,Available,Available,Available,Available,Available,0,0,,,Not Applicable,None,Match,Match,No,No,Within Period,No,No,Yes,Yes,Low,Low,Normal,Valid Claim
CLM-0404,PRD-0404,Air Conditioner,Orient,Ultron,SN77276832,2024-05-16,165000,Digital Hub,18,2024-05-16,2025-11-07,2025-06-10,13,2025-06-04,Compressor issue,Compressor issue; synthetic claim scenario: active warranty.,Electrical,Active,Covered,Available,Available,Available,Available,Available,Available,0,0,,,Not Applicable,None,Match,Match,No,No,Within Period,Yes,No,Yes,Yes,Low,Low,Active warranty,Valid Claim
CLM-0405,PRD-0405,Washing Machine,Dawlance,DWT-1167,SN21783647,2025-06-18,135000,City Appliances,24,2025-06-18,2027-06-08,2026-07-13,13,2026-07-12,Motor issue,Motor issue; synthetic claim scenario: complete evidence.,Water/Liquid,Active,Covered,Available,Available,Available,Available,Available,Not Required,0,0,,,Not Applicable,None,Match,Match,No,No,Within Period,No,No,Yes,Yes,Low,Low,Complete evidence,Valid Claim
CLM-0406,PRD-0406,Refrigerator,Haier,HRF-758,SN37750491,2024-03-03,180000,Mega Electronics,24,2024-03-03,2026-02-21,2024-10-29,8,2024-10-10,Compressor issue,Compressor issue; synthetic claim scenario: complete evidence.,Water/Liquid,Active,Covered,Available,Available,Available,Available,Available,Available,0,0,,,Not Applicable,None,Match,Match,No,No,Within Period,Yes,No,Yes,Yes,Low,Low,Complete evidence,Valid Claim
CLM-0407,PRD-0407,Refrigerator,Haier,HRF-758,SN84804948,2025-06-02,180000,Smart Mart,24,2025-06-02,2027-05-23,2025-10-30,5,2025-10-20,Cooling failure,Cooling failure; synthetic claim scenario: active warranty.,Normal Wear,Active,Covered,Available,Available,Available,Available,Available,Available,0,0,,,Not Applicable,None,Match,Match,No,No,Within Period,No,No,Yes,Yes,Normal,Low,Active warranty,Valid Claim
CLM-0408,PRD-0408,Smartphone,Samsung,Galaxy A55,SN95476210,2023-07-08,125000,Digital Hub,12,2023-07-08,2024-07-02,2024-01-04,6,2023-12-30,Charging port failure,Charging port failure; synthetic claim scenario: active warranty.,Mechanical,Active,Covered,Available,Available,Available,Available,Available,Available,0,0,,,Not Applicable,None,Match,Match,No,No,Within Period,Yes,No,Yes,Yes,Low,Low,Active warranty,Valid Claim
CLM-0409,PRD-0409,Refrigerator,Haier,HRF-758,SN58219240,2023-04-20,180000,TechWorld,24,2023-04-20,2025-04-09,2023-09-17,5,2023-09-11,Cooling failure,Cooling failure; synthetic claim scenario: covered fault.,Normal Wear,Active,Covered,Available,Available,Available,Available,Available,Available,0,1,2023-06-01,Authorized Service Center B,Authorized,Motherboard,Match,Match,No,No,Within Period,No,No,Yes,Yes,Normal,Low,Covered fault,Valid Claim
CLM-0410,PRD-0410,Television,LG,OLED55,SN31983035,2024-05-29,210000,Mega Electronics,24,2024-05-29,2026-05-19,2026-01-19,20,2026-01-03,Power failure,Power failure; synthetic claim scenario: complete evidence.,Mechanical,Active,Covered,Available,Available,Available,Available,Available,Not Required,0,0,,,Not Applicable,None,Match,Match,No,No,Within Period,Yes,No,Yes,Yes,Low,Low,Complete evidence,Valid Claim
CLM-0411,PRD-0411,Laptop,Dell,Inspiron 15,SN68959861,2024-02-23,85000,Smart Mart,12,2024-02-23,2025-02-17,2024-03-24,1,2024-03-15,Screen flickering,Screen flickering; synthetic claim scenario: normal.,Software/Firmware,Active,Covered,Available,Available,Available,Available,Available,Not Required,0,0,,,Not Applicable,None,Match,Match,No,No,Within Period,No,No,Yes,Yes,Normal,Low,Normal,Valid Claim
CLM-0412,PRD-0412,Air Conditioner,Orient,Ultron,SN92074794,2025-06-06,165000,Smart Mart,18,2025-06-06,2026-11-28,2026-08-30,15,2026-08-22,Water leakage,Water leakage; synthetic claim scenario: active warranty.,Water/Liquid,Active,Covered,Available,Available,Available,Available,Available,Not Required,0,0,,,Not Applicable,None,Match,Match,No,No,Within Period,No,No,Yes,Yes,Low,Low,Active warranty,Valid Claim
CLM-0413,PRD-0413,Laptop,Dell,Inspiron 15,SN61995659,2024-06-17,85000,Smart Mart,12,2024-06-17,2025-06-12,2024-08-16,2,2024-08-01,Motherboard failure,Motherboard failure; synthetic claim scenario: normal.,Normal Wear,Active,Covered,Available,Available,Available,Available,Available,Not Required,0,0,,,Not Applicable,None,Match,Match,No,No,Within Period,No,No,Yes,Yes,Low,Low,Normal,Valid Claim
CLM-0414,PRD-0414,Laptop,Dell,Inspiron 15,SN49516346,2023-07-14,85000,Smart Mart,12,2023-07-14,2024-07-08,2023-12-11,5,2023-11-26,Charging issue,Charging issue; synthetic claim scenario: covered fault.,Electrical,Active,Covered,Available,Available,Available,Available,Available,Not Required,0,0,,,Not Applicable,None,Match,Match,No,No,Within Period,Yes,No,Yes,Yes,Low,Low,Covered fault,Valid Claim
CLM-0415,PRD-0415,Television,LG,OLED55,SN53414191,2024-04-19,210000,City Appliances,24,2024-04-19,2026-04-09,2026-01-09,21,2025-12-25,Sound failure,Sound failure; synthetic claim scenario: complete evidence.,Electrical,Active,Covered,Available,Available,Available,Available,Available,Available,0,1,2025-10-07,Authorized Service Center A,Authorized,Battery,Match,Match,No,No,Within Period,No,No,Yes,Yes,Normal,Low,Complete evidence,Valid Claim
CLM-0416,PRD-0416,Microwave,Samsung,MS23,SN25322958,2024-08-27,45000,City Appliances,12,2024-08-27,2025-08-22,2024-12-25,4,2024-12-10,Heating failure,Heating failure; synthetic claim scenario: normal.,Normal Wear,Active,Covered,Available,Available,Available,Available,Available,Available,0,0,,,Not Applicable,None,Match,Match,No,No,Within Period,Yes,No,Yes,Yes,Normal,Low,Normal,Valid Claim
CLM-0417,PRD-0417,Air Conditioner,Orient,Ultron,SN85898994,2023-03-29,165000,Mega Electronics,18,2023-03-29,2024-09-19,2024-04-22,13,2024-04-05,Fan failure,Fan failure; synthetic claim scenario: covered fault.,Mechanical,Active,Covered,Available,Available,Available,Available,Available,Available,0,0,,,Not Applicable,None,Match,Match,No,No,Within Period,Yes,No,Yes,Yes,Normal,Low,Covered fault,Valid Claim
CLM-0418,PRD-0418,Television,LG,OLED55,SN27659164,2023-07-03,210000,Mega Electronics,24,2023-07-03,2025-06-22,2023-09-01,2,2023-08-18,No display,No display; synthetic claim scenario: covered fault.,Electrical,Active,Covered,Available,Available,Available,Available,Available,Not Required,0,0,,,Not Applicable,None,Match,Match,No,No,Within Period,Yes,No,Yes,Yes,Low,Low,Covered fault,Valid Claim
CLM-0419,PRD-0419,Washing Machine,Dawlance,DWT-1167,SN65049584,2023-01-13,135000,City Appliances,24,2023-01-13,2025-01-02,2024-04-07,15,2024-03-22,Control panel failure,Control panel failure; synthetic claim scenario: complete evidence.,Electrical,Active,Covered,Available,Available,Available,Available,Available,Not Required,0,1,2024-03-08,Authorized Service Center B,Authorized,Control Board,Match,Match,No,No,Within Period,No,No,Yes,Yes,Normal,Low,Complete evidence,Valid Claim
CLM-0420,PRD-0420,Laptop,Dell,Inspiron 15,SN14928616,2023-09-08,85000,Mega Electronics,12,2023-09-08,2024-09-02,2024-06-04,9,2024-05-26,Keyboard failure,Keyboard failure; synthetic claim scenario: normal.,Electrical,Active,Covered,Available,Available,Available,Available,Available,Available,0,0,,,Not Applicable,None,Match,Match,No,No,Within Period,No,No,Yes,Yes,Normal,Low,Normal,Valid Claim
CLM-0421,PRD-0421,Washing Machine,Dawlance,DWT-1167,SN71114408,2023-12-06,135000,Smart Mart,24,2023-12-06,2025-11-25,2024-03-05,3,2024-03-03,Motor issue,Motor issue; synthetic claim scenario: active warranty.,Physical,Active,Covered,Available,Available,Available,Available,Available,Available,0,0,,,Not Applicable,None,Match,Match,No,No,Within Period,No,No,Yes,Yes,Normal,Low,Active warranty,Valid Claim
CLM-0422,PRD-0422,Laptop,Dell,Inspiron 15,SN73191967,2023-04-06,85000,Mega Electronics,12,2023-04-06,2024-03-31,2023-09-03,5,2023-08-23,Keyboard failure,Keyboard failure; synthetic claim scenario: normal.,Electrical,Active,Covered,Available,Available,Available,Available,Available,Not Required,0,0,,,Not Applicable,None,Match,Match,No,No,Within Period,No,No,Yes,Yes,Low,Low,Normal,Valid Claim
CLM-0423,PRD-0423,Washing Machine,Dawlance,DWT-1167,SN67318164,2023-12-04,135000,Smart Mart,24,2023-12-04,2025-11-23,2025-04-27,17,2025-04-13,Water leakage,Water leakage; synthetic claim scenario: complete evidence.,Physical,Active,Covered,Available,Available,Available,Available,Available,Available,0,1,2025-03-02,Authorized Service Center A,Authorized,Screen,Match,Match,No,No,Within Period,No,No,Yes,Yes,Normal,Low,Complete evidence,Valid Claim
CLM-0424,PRD-0424,Air Conditioner,Orient,Ultron,SN10212187,2023-05-13,165000,TechWorld,18,2023-05-13,2024-11-03,2024-09-04,16,2024-08-18,Compressor issue,Compressor issue; synthetic claim scenario: active warranty.,Electrical,Active,Covered,Available,Available,Available,Available,Available,Not Required,0,0,,,Not Applicable,None,Match,Match,No,No,Within Period,No,No,Yes,Yes,Normal,Low,Active warranty,Valid Claim
CLM-0425,PRD-0425,Microwave,Samsung,MS23,SN11516293,2024-10-02,45000,Mega Electronics,12,2024-10-02,2025-09-27,2024-12-01,2,2024-11-24,Turntable failure,Turntable failure; synthetic claim scenario: active warranty.,Normal Wear,Active,Covered,Available,Available,Available,Available,Available,Not Required,0,0,,,Not Applicable,None,Match,Match,No,No,Within Period,No,No,Yes,Yes,Low,Low,Active warranty,Valid Claim
CLM-0426,PRD-0426,Washing Machine,Dawlance,DWT-1167,SN63156840,2023-09-18,135000,Smart Mart,24,2023-09-18,2025-09-07,2023-12-17,3,2023-12-07,Water leakage,Water leakage; synthetic claim scenario: active warranty.,Water/Liquid,Active,Covered,Available,Available,Available,Available,Available,Not Required,0,1,2023-09-08,Authorized Service Center B,Authorized,None,Match,Match,No,No,Within Period,No,No,Yes,Yes,Normal,Low,Active warranty,Valid Claim
CLM-0427,PRD-0427,Television,LG,OLED55,SN94181424,2023-07-18,210000,City Appliances,24,2023-07-18,2025-07-07,2024-06-12,11,2024-06-01,Power failure,Power failure; synthetic claim scenario: complete evidence.,Water/Liquid,Active,Covered,Available,Available,Available,Available,Available,Not Required,0,0,,,Not Applicable,None,Match,Match,No,No,Within Period,No,No,Yes,Yes,Normal,Low,Complete evidence,Valid Claim
CLM-0428,PRD-0428,Air Conditioner,Orient,Ultron,SN18886963,2024-04-18,165000,Mega Electronics,18,2024-04-18,2025-10-10,2025-06-12,14,2025-06-10,Fan failure,Fan failure; synthetic claim scenario: active warranty.,Physical,Active,Covered,Available,Available,Available,Available,Available,Not Required,0,1,2025-02-16,Authorized Service Center B,Authorized,None,Match,Match,No,No,Within Period,No,No,Yes,Yes,Normal,Low,Active warranty,Valid Claim
CLM-0429,PRD-0429,Air Conditioner,Orient,Ultron,SN46439766,2024-01-20,165000,City Appliances,18,2024-01-20,2025-07-13,2024-07-18,6,2024-06-29,Cooling failure,Cooling failure; synthetic claim scenario: active warranty.,Electrical,Active,Covered,Available,Available,Available,Available,Available,Not Required,0,0,,,Not Applicable,None,Match,Match,No,No,Within Period,No,No,Yes,Yes,Low,Low,Active warranty,Valid Claim
CLM-0430,PRD-0430,Microwave,Samsung,MS23,SN60226379,2025-06-17,45000,TechWorld,12,2025-06-17,2026-06-12,2025-10-15,4,2025-10-03,Heating failure,Heating failure; synthetic claim scenario: covered fault.,Mechanical,Active,Covered,Available,Available,Available,Available,Available,Not Required,0,0,,,Not Applicable,None,Match,Match,No,No,Within Period,No,No,Yes,Yes,Low,Low,Covered fault,Valid Claim
CLM-0431,PRD-0431,Smartphone,Samsung,Galaxy A55,SN29232735,2024-03-30,125000,TechWorld,12,2024-03-30,2025-03-25,2024-12-25,9,2024-12-24,Camera failure,Camera failure; synthetic claim scenario: active warranty.,Water/Liquid,Active,Covered,Available,Available,Available,Available,Available,Not Required,0,1,2024-11-06,Authorized Service Center A,Authorized,Battery,Match,Match,No,No,Within Period,Yes,No,Yes,Yes,Low,Low,Active warranty,Valid Claim
CLM-0432,PRD-0432,Refrigerator,Haier,HRF-758,SN54733393,2025-01-11,180000,City Appliances,24,2025-01-11,2027-01-01,2025-03-12,2,2025-02-25,Cooling failure,Cooling failure; synthetic claim scenario: normal.,Electrical,Active,Covered,Available,Available,Available,Available,Available,Not Required,0,1,2024-12-06,Authorized Service Center A,Authorized,None,Match,Match,No,No,Within Period,No,No,Yes,Yes,Low,Low,Normal,Valid Claim
CLM-0433,PRD-0433,Washing Machine,Dawlance,DWT-1167,SN81440849,2023-01-24,135000,Digital Hub,24,2023-01-24,2025-01-13,2024-08-16,19,2024-08-06,Water leakage,Water leakage; synthetic claim scenario: active warranty.,Software/Firmware,Active,Covered,Available,Available,Available,Available,Available,Available,0,0,,,Not Applicable,None,Match,Match,No,No,Within Period,No,No,Yes,Yes,Normal,Low,Active warranty,Valid Claim
CLM-0434,PRD-0434,Smartphone,Samsung,Galaxy A55,SN57018904,2023-10-07,125000,Smart Mart,12,2023-10-07,2024-10-01,2024-01-05,3,2023-12-30,Speaker failure,Speaker failure; synthetic claim scenario: covered fault.,Physical,Active,Covered,Available,Available,Available,Available,Available,Not Required,0,0,,,Not Applicable,None,Match,Match,No,No,Within Period,No,No,Yes,Yes,Normal,Low,Covered fault,Valid Claim
CLM-0435,PRD-0435,Washing Machine,Dawlance,DWT-1167,SN16808353,2023-05-25,135000,Mega Electronics,24,2023-05-25,2025-05-14,2024-03-20,10,2024-03-01,Control panel failure,Control panel failure; synthetic claim scenario: active warranty.,Electrical,Active,Covered,Available,Available,Available,Available,Available,Available,0,0,,,Not Applicable,None,Match,Match,No,No,Within Period,No,No,Yes,Yes,Low,Low,Active warranty,Valid Claim
CLM-0436,PRD-0436,Microwave,Samsung,MS23,SN90010054,2024-11-22,45000,Smart Mart,12,2024-11-22,2025-11-17,2024-12-22,1,2024-12-18,Turntable failure,Turntable failure; synthetic claim scenario: complete evidence.,Normal Wear,Active,Covered,Available,Available,Available,Available,Available,Not Required,0,0,,,Not Applicable,None,Match,Match,No,No,Within Period,No,No,Yes,Yes,Low,Low,Complete evidence,Valid Claim
CLM-0437,PRD-0437,Microwave,Samsung,MS23,SN72850928,2024-09-23,45000,TechWorld,12,2024-09-23,2025-09-18,2025-03-22,6,2025-03-12,Heating failure,Heating failure; synthetic claim scenario: covered fault.,Software/Firmware,Active,Covered,Available,Available,Available,Available,Available,Not Required,0,0,,,Not Applicable,None,Match,Match,No,No,Within Period,No,No,Yes,Yes,Low,Low,Covered fault,Valid Claim
CLM-0438,PRD-0438,Washing Machine,Dawlance,DWT-1167,SN62623673,2024-12-01,135000,Mega Electronics,24,2024-12-01,2026-11-21,2026-08-23,21,2026-08-08,Water leakage,Water leakage; synthetic claim scenario: active warranty.,Normal Wear,Active,Covered,Available,Available,Available,Available,Available,Not Required,0,0,,,Not Applicable,None,Match,Match,No,No,Within Period,No,No,Yes,Yes,Normal,Low,Active warranty,Valid Claim
CLM-0439,PRD-0439,Air Conditioner,Orient,Ultron,SN74243595,2025-03-18,165000,City Appliances,18,2025-03-18,2026-09-09,2026-02-11,11,2026-01-27,Fan failure,Fan failure; synthetic claim scenario: normal.,Mechanical,Active,Covered,Available,Available,Available,Available,Available,Not Required,0,0,,,Not Applicable,None,Match,Match,No,No,Within Period,No,No,Yes,Yes,Low,Low,Normal,Valid Claim
CLM-0440,PRD-0440,Washing Machine,Dawlance,DWT-1167,SN81503899,2025-02-25,135000,City Appliances,24,2025-02-25,2027-02-15,2026-02-20,12,2026-01-31,Water leakage,Water leakage; synthetic claim scenario: normal.,Software/Firmware,Active,Covered,Available,Available,Available,Available,Available,Available,0,1,2026-01-08,Authorized Service Center B,Authorized,Control Board,Match,Match,No,No,Within Period,No,No,Yes,Yes,Low,Low,Normal,Valid Claim
CLM-0441,PRD-0441,Printer,HP,LaserJet M404,SN89318677,2023-09-02,72000,City Appliances,12,2023-09-02,2024-08-27,2024-06-28,10,2024-06-20,Print-head issue,Print-head issue; synthetic claim scenario: active warranty.,Software/Firmware,Active,Covered,Available,Available,Available,Available,Available,Available,0,0,,,Not Applicable,None,Match,Match,No,No,Within Period,Yes,No,Yes,Yes,Normal,Low,Active warranty,Valid Claim
CLM-0442,PRD-0442,Air Conditioner,Orient,Ultron,SN69755911,2024-07-11,165000,Mega Electronics,18,2024-07-11,2026-01-02,2025-03-08,8,2025-03-02,Cooling failure,Cooling failure; synthetic claim scenario: active warranty.,Physical,Active,Covered,Available,Available,Available,Available,Available,Available,0,1,2024-11-25,Authorized Service Center B,Authorized,Motherboard,Match,Match,No,No,Within Period,No,No,Yes,Yes,Low,Low,Active warranty,Valid Claim
CLM-0443,PRD-0443,Smartphone,Samsung,Galaxy A55,SN28645088,2024-09-04,125000,Smart Mart,12,2024-09-04,2025-08-30,2024-11-03,2,2024-10-14,Screen failure,Screen failure; synthetic claim scenario: normal.,Normal Wear,Active,Covered,Available,Available,Available,Available,Available,Not Required,0,0,,,Not Applicable,None,Match,Match,No,No,Within Period,Yes,No,Yes,Yes,Normal,Low,Normal,Valid Claim
CLM-0444,PRD-0444,Laptop,Dell,Inspiron 15,SN50229795,2025-02-14,85000,Smart Mart,12,2025-02-14,2026-02-09,2025-05-15,3,2025-05-10,Keyboard failure,Keyboard failure; synthetic claim scenario: covered fault.,Normal Wear,Active,Covered,Available,Available,Available,Available,Available,Not Required,0,1,2025-03-09,Authorized Service Center B,Authorized,Screen,Match,Match,No,No,Within Period,Yes,No,Yes,Yes,Normal,Low,Covered fault,Valid Claim
CLM-0445,PRD-0445,Printer,HP,LaserJet M404,SN83670115,2025-01-05,72000,TechWorld,12,2025-01-05,2025-12-31,2025-07-04,6,2025-07-01,Power failure,Power failure; synthetic claim scenario: normal.,Electrical,Active,Covered,Available,Available,Available,Available,Available,Available,0,1,2025-03-31,Authorized Service Center B,Authorized,Control Board,Match,Match,No,No,Within Period,No,No,Yes,Yes,Low,Low,Normal,Valid Claim
CLM-0446,PRD-0446,Air Conditioner,Orient,Ultron,SN61212793,2023-04-23,165000,City Appliances,18,2023-04-23,2024-10-14,2024-02-17,10,2024-02-16,Water leakage,Water leakage; synthetic claim scenario: complete evidence.,Water/Liquid,Active,Covered,Available,Available,Available,Available,Available,Available,0,0,,,Not Applicable,None,Match,Match,No,No,Within Period,Yes,No,Yes,Yes,Low,Low,Complete evidence,Valid Claim
CLM-0447,PRD-0447,Refrigerator,Haier,HRF-758,SN48717904,2024-11-09,180000,Mega Electronics,24,2024-11-09,2026-10-30,2025-05-08,6,2025-04-22,Compressor issue,Compressor issue; synthetic claim scenario: complete evidence.,Mechanical,Active,Covered,Available,Available,Available,Available,Available,Available,0,0,,,Not Applicable,None,Match,Match,No,No,Within Period,Yes,No,Yes,Yes,Low,Low,Complete evidence,Valid Claim
CLM-0448,PRD-0448,Laptop,Dell,Inspiron 15,SN91125155,2023-03-15,85000,City Appliances,12,2023-03-15,2024-03-09,2023-04-14,1,2023-04-09,Charging issue,Charging issue; synthetic claim scenario: complete evidence.,Water/Liquid,Active,Covered,Available,Available,Available,Available,Available,Not Required,0,1,2023-01-19,Authorized Service Center A,Authorized,Battery,Match,Match,No,No,Within Period,No,No,Yes,Yes,Normal,Low,Complete evidence,Valid Claim
CLM-0449,PRD-0449,Microwave,Samsung,MS23,SN91144449,2024-06-05,45000,TechWorld,12,2024-06-05,2025-05-31,2025-01-01,7,2024-12-14,Control panel issue,Control panel issue; synthetic claim scenario: covered fault.,Water/Liquid,Active,Covered,Available,Available,Available,Available,Available,Not Required,0,0,,,Not Applicable,None,Match,Match,No,No,Within Period,Yes,No,Yes,Yes,Normal,Low,Covered fault,Valid Claim
CLM-0450,PRD-0450,Microwave,Samsung,MS23,SN59469782,2025-05-17,45000,TechWorld,12,2025-05-17,2026-05-12,2025-09-14,4,2025-08-28,Control panel issue,Control panel issue; synthetic claim scenario: normal.,Water/Liquid,Active,Covered,Available,Available,Available,Available,Available,Not Required,0,0,,,Not Applicable,None,Match,Match,No,No,Within Period,Yes,No,Yes,Yes,Normal,Low,Normal,Valid Claim
CLM-0451,PRD-0451,Microwave,Samsung,MS23,SN94646134,2024-12-08,45000,TechWorld,12,2024-12-08,2025-12-03,2025-02-06,2,2025-02-01,Control panel issue,Control panel issue; synthetic claim scenario: covered fault.,Normal Wear,Active,Covered,Available,Available,Available,Available,Available,Not Required,0,0,,,Not Applicable,None,Match,Match,No,No,Within Period,No,No,Yes,Yes,Normal,Low,Covered fault,Valid Claim
CLM-0452,PRD-0452,Washing Machine,Dawlance,DWT-1167,SN57367387,2024-09-19,135000,Digital Hub,24,2024-09-19,2026-09-09,2024-11-18,2,2024-11-07,Control panel failure,Control panel failure; synthetic claim scenario: active warranty.,Physical,Active,Covered,Available,Available,Available,Available,Available,Available,0,0,,,Not Applicable,None,Match,Match,No,No,Within Period,Yes,No,Yes,Yes,Low,Low,Active warranty,Valid Claim
CLM-0453,PRD-0453,Television,LG,OLED55,SN93794410,2023-02-06,210000,TechWorld,24,2023-02-06,2025-01-26,2024-09-28,20,2024-09-18,Panel issue,Panel issue; synthetic claim scenario: normal.,Physical,Active,Covered,Available,Available,Available,Available,Available,Not Required,0,0,,,Not Applicable,None,Match,Match,No,No,Within Period,Yes,No,Yes,Yes,Normal,Low,Normal,Valid Claim
CLM-0454,PRD-0454,Microwave,Samsung,MS23,SN44488013,2023-03-26,45000,TechWorld,12,2023-03-26,2024-03-20,2023-06-24,3,2023-06-07,Door switch failure,Door switch failure; synthetic claim scenario: active warranty.,Normal Wear,Active,Covered,Available,Available,Available,Available,Available,Available,0,0,,,Not Applicable,None,Match,Match,No,No,Within Period,Yes,No,Yes,Yes,Normal,Low,Active warranty,Valid Claim
CLM-0455,PRD-0455,Smartphone,Samsung,Galaxy A55,SN34267798,2024-09-10,125000,Smart Mart,12,2024-09-10,2025-09-05,2024-12-09,3,2024-11-20,Charging port failure,Charging port failure; synthetic claim scenario: covered fault.,Electrical,Active,Covered,Available,Available,Available,Available,Available,Available,0,1,2024-09-13,Authorized Service Center B,Authorized,Screen,Match,Match,No,No,Within Period,No,No,Yes,Yes,Low,Low,Covered fault,Valid Claim
CLM-0456,PRD-0456,Smartphone,Samsung,Galaxy A55,SN38300713,2023-05-29,125000,Smart Mart,12,2023-05-29,2024-05-23,2024-03-24,10,2024-03-19,Screen failure,Screen failure; synthetic claim scenario: complete evidence.,Normal Wear,Active,Covered,Available,Available,Available,Available,Available,Not Required,0,0,,,Not Applicable,None,Match,Match,No,No,Within Period,Yes,No,Yes,Yes,Normal,Low,Complete evidence,Valid Claim
CLM-0457,PRD-0457,Air Conditioner,Orient,Ultron,SN73923372,2023-02-25,165000,Smart Mart,18,2023-02-25,2024-08-18,2023-11-22,9,2023-11-18,Fan failure,Fan failure; synthetic claim scenario: complete evidence.,Mechanical,Active,Covered,Available,Available,Available,Available,Available,Available,0,0,,,Not Applicable,None,Match,Match,No,No,Within Period,Yes,No,Yes,Yes,Low,Low,Complete evidence,Valid Claim
CLM-0458,PRD-0458,Printer,HP,LaserJet M404,SN61271721,2024-11-30,72000,Digital Hub,12,2024-11-30,2025-11-25,2025-06-28,7,2025-06-12,Connectivity issue,Connectivity issue; synthetic claim scenario: active warranty.,Water/Liquid,Active,Covered,Available,Available,Available,Available,Available,Not Required,0,0,,,Not Applicable,None,Match,Match,No,No,Within Period,Yes,No,Yes,Yes,Normal,Low,Active warranty,Valid Claim
CLM-0459,PRD-0459,Laptop,Dell,Inspiron 15,SN44271680,2023-04-10,85000,Smart Mart,12,2023-04-10,2024-04-04,2024-01-05,9,2023-12-24,Battery failure,Battery failure; synthetic claim scenario: active warranty.,Software/Firmware,Active,Covered,Available,Available,Available,Available,Available,Not Required,0,1,2023-09-14,Authorized Service Center B,Authorized,Motherboard,Match,Match,No,No,Within Period,Yes,No,Yes,Yes,Low,Low,Active warranty,Valid Claim
CLM-0460,PRD-0460,Refrigerator,Haier,HRF-758,SN11605433,2025-01-21,180000,City Appliances,24,2025-01-21,2027-01-11,2026-11-12,22,2026-10-24,Cooling failure,Cooling failure; synthetic claim scenario: normal.,Electrical,Active,Covered,Available,Available,Available,Available,Available,Available,0,1,2026-08-31,Authorized Service Center A,Authorized,Control Board,Match,Match,No,No,Within Period,Yes,No,Yes,Yes,Normal,Low,Normal,Valid Claim
CLM-0461,PRD-0461,Smartphone,Samsung,Galaxy A55,SN22340150,2024-12-02,125000,TechWorld,12,2024-12-02,2025-11-27,2025-07-30,8,2025-07-18,Speaker failure,Speaker failure; synthetic claim scenario: normal.,Water/Liquid,Active,Covered,Available,Available,Available,Available,Available,Available,0,1,2025-05-25,Authorized Service Center B,Authorized,Battery,Match,Match,No,No,Within Period,No,No,Yes,Yes,Normal,Low,Normal,Valid Claim
CLM-0462,PRD-0462,Smartphone,Samsung,Galaxy A55,SN49536330,2024-12-26,125000,City Appliances,12,2024-12-26,2025-12-21,2025-02-24,2,2025-02-21,Camera failure,Camera failure; synthetic claim scenario: covered fault.,Normal Wear,Active,Covered,Available,Available,Available,Available,Available,Available,0,0,,,Not Applicable,None,Match,Match,No,No,Within Period,No,No,Yes,Yes,Normal,Low,Covered fault,Valid Claim
CLM-0463,PRD-0463,Smartphone,Samsung,Galaxy A55,SN18373492,2024-10-16,125000,City Appliances,12,2024-10-16,2025-10-11,2025-06-13,8,2025-06-04,Camera failure,Camera failure; synthetic claim scenario: normal.,Software/Firmware,Active,Covered,Available,Available,Available,Available,Available,Not Required,0,1,2025-02-18,Authorized Service Center B,Authorized,Screen,Match,Match,No,No,Within Period,Yes,No,Yes,Yes,Normal,Low,Normal,Valid Claim
CLM-0464,PRD-0464,Laptop,Dell,Inspiron 15,SN96635285,2023-09-22,85000,City Appliances,12,2023-09-22,2024-09-16,2024-02-19,5,2024-02-13,Screen flickering,Screen flickering; synthetic claim scenario: complete evidence.,Electrical,Active,Covered,Available,Available,Available,Available,Available,Not Required,0,0,,,Not Applicable,None,Match,Match,No,No,Within Period,Yes,No,Yes,Yes,Normal,Low,Complete evidence,Valid Claim
CLM-0465,PRD-0465,Television,LG,OLED55,SN19450582,2024-07-07,210000,Smart Mart,24,2024-07-07,2026-06-27,2025-08-31,14,2025-08-24,No display,No display; synthetic claim scenario: normal.,Normal Wear,Active,Covered,Available,Available,Available,Available,Available,Available,0,0,,,Not Applicable,None,Match,Match,No,No,Within Period,Yes,No,Yes,Yes,Normal,Low,Normal,Valid Claim
CLM-0466,PRD-0466,Washing Machine,Dawlance,DWT-1167,SN30348410,2025-03-06,135000,Digital Hub,24,2025-03-06,2027-02-24,2026-05-30,15,2026-05-29,Water leakage,Water leakage; synthetic claim scenario: complete evidence.,Software/Firmware,Active,Covered,Available,Available,Available,Available,Available,Not Required,0,0,,,Not Applicable,None,Match,Match,No,No,Within Period,No,No,Yes,Yes,Normal,Low,Complete evidence,Valid Claim
CLM-0467,PRD-0467,Laptop,Dell,Inspiron 15,SN74701849,2024-06-11,85000,TechWorld,12,2024-06-11,2025-06-06,2025-02-06,8,2025-01-21,Charging issue,Charging issue; synthetic claim scenario: normal.,Water/Liquid,Active,Covered,Available,Available,Available,Available,Available,Not Required,0,0,,,Not Applicable,None,Match,Match,No,No,Within Period,No,No,Yes,Yes,Normal,Low,Normal,Valid Claim
CLM-0468,PRD-0468,Air Conditioner,Orient,Ultron,SN48917593,2023-12-08,165000,Mega Electronics,18,2023-12-08,2025-05-31,2024-10-03,10,2024-09-20,Water leakage,Water leakage; synthetic claim scenario: normal.,Mechanical,Active,Covered,Available,Available,Available,Available,Available,Available,0,1,2024-06-13,Authorized Service Center A,Authorized,Control Board,Match,Match,No,No,Within Period,Yes,No,Yes,Yes,Low,Low,Normal,Valid Claim
CLM-0469,PRD-0469,Laptop,Dell,Inspiron 15,SN35429494,2024-01-29,85000,Mega Electronics,12,2024-01-29,2025-01-23,2024-05-28,4,2024-05-18,Charging issue,Charging issue; synthetic claim scenario: normal.,Electrical,Active,Covered,Available,Available,Available,Available,Available,Not Required,0,0,,,Not Applicable,None,Match,Match,No,No,Within Period,Yes,No,Yes,Yes,Low,Low,Normal,Valid Claim
CLM-0470,PRD-0470,Refrigerator,Haier,HRF-758,SN12203625,2023-01-26,180000,TechWorld,24,2023-01-26,2025-01-15,2024-08-18,19,2024-08-10,Thermostat failure,Thermostat failure; synthetic claim scenario: complete evidence.,Physical,Active,Covered,Available,Available,Available,Available,Available,Not Required,0,0,,,Not Applicable,None,Match,Match,No,No,Within Period,No,No,Yes,Yes,Low,Low,Complete evidence,Valid Claim
CLM-0471,PRD-0471,Laptop,Dell,Inspiron 15,SN14949636,2023-12-12,85000,Mega Electronics,12,2023-12-12,2024-12-06,2024-01-11,1,2023-12-29,Battery failure,Battery failure; synthetic claim scenario: covered fault.,Software/Firmware,Active,Covered,Available,Available,Available,Available,Available,Available,0,0,,,Not Applicable,None,Match,Match,No,No,Within Period,Yes,No,Yes,Yes,Normal,Low,Covered fault,Valid Claim
CLM-0472,PRD-0472,Laptop,Dell,Inspiron 15,SN23058343,2024-04-27,85000,City Appliances,12,2024-04-27,2025-04-22,2025-02-21,10,2025-02-19,Keyboard failure,Keyboard failure; synthetic claim scenario: normal.,Water/Liquid,Active,Covered,Available,Available,Available,Available,Available,Available,0,1,2024-10-31,Authorized Service Center A,Authorized,Battery,Match,Match,No,No,Within Period,No,No,Yes,Yes,Normal,Low,Normal,Valid Claim
CLM-0473,PRD-0473,Smartphone,Samsung,Galaxy A55,SN63956682,2025-04-17,125000,Digital Hub,12,2025-04-17,2026-04-12,2025-06-16,2,2025-06-12,Camera failure,Camera failure; synthetic claim scenario: complete evidence.,Electrical,Active,Covered,Available,Available,Available,Available,Available,Not Required,0,1,2025-02-28,Authorized Service Center A,Authorized,Control Board,Match,Match,No,No,Within Period,No,No,Yes,Yes,Normal,Low,Complete evidence,Valid Claim
CLM-0474,PRD-0474,Television,LG,OLED55,SN65721070,2023-11-26,210000,Mega Electronics,24,2023-11-26,2025-11-15,2024-06-23,7,2024-06-21,Power failure,Power failure; synthetic claim scenario: active warranty.,Normal Wear,Active,Covered,Available,Available,Available,Available,Available,Available,0,0,,,Not Applicable,None,Match,Match,No,No,Within Period,No,No,Yes,Yes,Normal,Low,Active warranty,Valid Claim
CLM-0475,PRD-0475,Air Conditioner,Orient,Ultron,SN75359668,2024-07-20,165000,TechWorld,18,2024-07-20,2026-01-11,2025-01-16,6,2025-01-01,Cooling failure,Cooling failure; synthetic claim scenario: covered fault.,Electrical,Active,Covered,Available,Available,Available,Available,Available,Available,0,1,2024-12-12,Authorized Service Center A,Authorized,None,Match,Match,No,No,Within Period,No,No,Yes,Yes,Low,Low,Covered fault,Valid Claim
CLM-0476,PRD-0476,Television,LG,OLED55,SN95875952,2023-04-02,210000,Digital Hub,24,2023-04-02,2025-03-22,2024-12-22,21,2024-12-03,Power failure,Power failure; synthetic claim scenario: covered fault.,Water/Liquid,Active,Covered,Available,Available,Available,Available,Available,Not Required,0,0,,,Not Applicable,None,Match,Match,No,No,Within Period,Yes,No,Yes,Yes,Normal,Low,Covered fault,Valid Claim
CLM-0477,PRD-0477,Microwave,Samsung,MS23,SN10613380,2024-02-26,45000,Smart Mart,12,2024-02-26,2025-02-20,2024-06-25,4,2024-06-19,Control panel issue,Control panel issue; synthetic claim scenario: active warranty.,Mechanical,Active,Covered,Available,Available,Available,Available,Available,Available,0,1,2024-05-03,Authorized Service Center B,Authorized,Battery,Match,Match,No,No,Within Period,No,No,Yes,Yes,Low,Low,Active warranty,Valid Claim
CLM-0478,PRD-0478,Smartphone,Samsung,Galaxy A55,SN36000523,2024-06-26,125000,TechWorld,12,2024-06-26,2025-06-21,2024-08-25,2,2024-08-05,Battery swelling,Battery swelling; synthetic claim scenario: active warranty.,Mechanical,Active,Covered,Available,Available,Available,Available,Available,Not Required,0,1,2024-05-23,Authorized Service Center A,Authorized,Motherboard,Match,Match,No,No,Within Period,Yes,No,Yes,Yes,Normal,Low,Active warranty,Valid Claim
CLM-0479,PRD-0479,Microwave,Samsung,MS23,SN92788091,2023-06-30,45000,City Appliances,12,2023-06-30,2024-06-24,2023-09-28,3,2023-09-26,Door switch failure,Door switch failure; synthetic claim scenario: active warranty.,Electrical,Active,Covered,Available,Available,Available,Available,Available,Available,0,1,2023-07-14,Authorized Service Center B,Authorized,None,Match,Match,No,No,Within Period,No,No,Yes,Yes,Low,Low,Active warranty,Valid Claim
CLM-0480,PRD-0480,Laptop,Dell,Inspiron 15,SN89551741,2024-07-04,85000,Smart Mart,12,2024-07-04,2025-06-29,2024-10-02,3,2024-09-26,Charging issue,Charging issue; synthetic claim scenario: covered fault.,Physical,Active,Covered,Available,Available,Available,Available,Available,Available,0,0,,,Not Applicable,None,Match,Match,No,No,Within Period,No,No,Yes,Yes,Normal,Low,Covered fault,Valid Claim
CLM-0481,PRD-0481,Printer,HP,LaserJet M404,SN36837617,2023-07-23,72000,City Appliances,12,2023-07-23,2024-07-17,2024-01-19,6,2024-01-11,Connectivity issue,Connectivity issue; synthetic claim scenario: covered fault.,Mechanical,Active,Covered,Available,Available,Available,Available,Available,Available,0,0,,,Not Applicable,None,Match,Match,No,No,Within Period,No,No,Yes,Yes,Normal,Low,Covered fault,Valid Claim
CLM-0482,PRD-0482,Smartphone,Samsung,Galaxy A55,SN61986593,2024-04-27,125000,Digital Hub,12,2024-04-27,2025-04-22,2025-02-21,10,2025-02-05,Screen failure,Screen failure; synthetic claim scenario: complete evidence.,Mechanical,Active,Covered,Available,Available,Available,Available,Available,Available,0,0,,,Not Applicable,None,Match,Match,No,No,Within Period,No,No,Yes,Yes,Normal,Low,Complete evidence,Valid Claim
CLM-0483,PRD-0483,Microwave,Samsung,MS23,SN47662052,2025-01-07,45000,Mega Electronics,12,2025-01-07,2026-01-02,2025-05-07,4,2025-04-25,Heating failure,Heating failure; synthetic claim scenario: normal.,Electrical,Active,Covered,Available,Available,Available,Available,Available,Not Required,0,0,,,Not Applicable,None,Match,Match,No,No,Within Period,Yes,No,Yes,Yes,Normal,Low,Normal,Valid Claim
CLM-0484,PRD-0484,Microwave,Samsung,MS23,SN21606388,2024-04-14,45000,City Appliances,12,2024-04-14,2025-04-09,2024-11-10,7,2024-11-04,Turntable failure,Turntable failure; synthetic claim scenario: covered fault.,Water/Liquid,Active,Covered,Available,Available,Available,Available,Available,Not Required,0,0,,,Not Applicable,None,Match,Match,No,No,Within Period,Yes,No,Yes,Yes,Normal,Low,Covered fault,Valid Claim
CLM-0485,PRD-0485,Microwave,Samsung,MS23,SN43263373,2025-06-01,45000,Digital Hub,12,2025-06-01,2026-05-27,2025-09-29,4,2025-09-10,Turntable failure,Turntable failure; synthetic claim scenario: complete evidence.,Software/Firmware,Active,Covered,Available,Available,Available,Available,Available,Not Required,0,0,,,Not Applicable,None,Match,Match,No,No,Within Period,Yes,No,Yes,Yes,Normal,Low,Complete evidence,Valid Claim
CLM-0486,PRD-0486,Refrigerator,Haier,HRF-758,SN67136170,2024-08-28,180000,Smart Mart,24,2024-08-28,2026-08-18,2025-01-25,5,2025-01-06,Cooling failure,Cooling failure; synthetic claim scenario: complete evidence.,Software/Firmware,Active,Covered,Available,Available,Available,Available,Available,Available,0,0,,,Not Applicable,None,Match,Match,No,No,Within Period,No,No,Yes,Yes,Normal,Low,Complete evidence,Valid Claim
CLM-0487,PRD-0487,Microwave,Samsung,MS23,SN27812303,2025-04-09,45000,Digital Hub,12,2025-04-09,2026-04-04,2025-06-08,2,2025-05-24,Turntable failure,Turntable failure; synthetic claim scenario: complete evidence.,Physical,Active,Covered,Available,Available,Available,Available,Available,Not Required,0,0,,,Not Applicable,None,Match,Match,No,No,Within Period,No,No,Yes,Yes,Normal,Low,Complete evidence,Valid Claim
CLM-0488,PRD-0488,Refrigerator,Haier,HRF-758,SN28605786,2024-10-25,180000,City Appliances,24,2024-10-25,2026-10-15,2025-01-23,3,2025-01-22,Thermostat failure,Thermostat failure; synthetic claim scenario: complete evidence.,Mechanical,Active,Covered,Available,Available,Available,Available,Available,Not Required,0,1,2024-11-15,Authorized Service Center A,Authorized,Screen,Match,Match,No,No,Within Period,Yes,No,Yes,Yes,Normal,Low,Complete evidence,Valid Claim
CLM-0489,PRD-0489,Microwave,Samsung,MS23,SN20866138,2024-12-21,45000,Smart Mart,12,2024-12-21,2025-12-16,2025-01-20,1,2025-01-17,Turntable failure,Turntable failure; synthetic claim scenario: active warranty.,Physical,Active,Covered,Available,Available,Available,Available,Available,Not Required,0,1,2024-11-09,Authorized Service Center A,Authorized,None,Match,Match,No,No,Within Period,Yes,No,Yes,Yes,Low,Low,Active warranty,Valid Claim
CLM-0490,PRD-0490,Air Conditioner,Orient,Ultron,SN96996261,2023-02-22,165000,Smart Mart,18,2023-02-22,2024-08-15,2023-06-22,4,2023-06-09,Compressor issue,Compressor issue; synthetic claim scenario: active warranty.,Normal Wear,Active,Covered,Available,Available,Available,Available,Available,Not Required,0,0,,,Not Applicable,None,Match,Match,No,No,Within Period,No,No,Yes,Yes,Low,Low,Active warranty,Valid Claim
CLM-0491,PRD-0491,Smartphone,Samsung,Galaxy A55,SN53011925,2024-07-28,125000,Digital Hub,12,2024-07-28,2025-07-23,2024-11-25,4,2024-11-20,Screen failure,Screen failure; synthetic claim scenario: covered fault.,Physical,Active,Covered,Available,Available,Available,Available,Available,Not Required,0,0,,,Not Applicable,None,Match,Match,No,No,Within Period,No,No,Yes,Yes,Low,Low,Covered fault,Valid Claim
CLM-0492,PRD-0492,Printer,HP,LaserJet M404,SN81391010,2023-10-11,72000,Smart Mart,12,2023-10-11,2024-10-05,2023-11-10,1,2023-11-07,Connectivity issue,Connectivity issue; synthetic claim scenario: normal.,Physical,Active,Covered,Available,Available,Available,Available,Available,Not Required,0,0,,,Not Applicable,None,Match,Match,No,No,Within Period,Yes,No,Yes,Yes,Low,Low,Normal,Valid Claim
CLM-0493,PRD-0493,Microwave,Samsung,MS23,SN48704726,2024-09-27,45000,TechWorld,12,2024-09-27,2025-09-22,2025-03-26,6,2025-03-23,Turntable failure,Turntable failure; synthetic claim scenario: complete evidence.,Electrical,Active,Covered,Available,Available,Available,Available,Available,Available,0,0,,,Not Applicable,None,Match,Match,No,No,Within Period,No,No,Yes,Yes,Normal,Low,Complete evidence,Valid Claim
CLM-0494,PRD-0494,Television,LG,OLED55,SN82670169,2023-10-10,210000,Mega Electronics,24,2023-10-10,2025-09-29,2024-02-07,4,2024-02-02,Sound failure,Sound failure; synthetic claim scenario: active warranty.,Software/Firmware,Active,Covered,Available,Available,Available,Available,Available,Not Required,0,0,,,Not Applicable,None,Match,Match,No,No,Within Period,No,No,Yes,Yes,Normal,Low,Active warranty,Valid Claim
CLM-0495,PRD-0495,Air Conditioner,Orient,Ultron,SN65256328,2024-03-06,165000,Smart Mart,18,2024-03-06,2025-08-28,2025-05-30,15,2025-05-29,Fan failure,Fan failure; synthetic claim scenario: covered fault.,Physical,Active,Covered,Available,Available,Available,Available,Available,Not Required,0,0,,,Not Applicable,None,Match,Match,No,No,Within Period,No,No,Yes,Yes,Normal,Low,Covered fault,Valid Claim
CLM-0496,PRD-0496,Air Conditioner,Orient,Ultron,SN59915883,2024-05-12,165000,Digital Hub,18,2024-05-12,2025-11-03,2025-08-05,15,2025-07-21,Water leakage,Water leakage; synthetic claim scenario: covered fault.,Electrical,Active,Covered,Available,Available,Available,Available,Available,Not Required,0,1,2025-06-20,Authorized Service Center B,Authorized,Battery,Match,Match,No,No,Within Period,No,No,Yes,Yes,Low,Low,Covered fault,Valid Claim
CLM-0497,PRD-0497,Air Conditioner,Orient,Ultron,SN41931112,2023-10-19,165000,TechWorld,18,2023-10-19,2025-04-11,2025-01-11,15,2025-01-05,Compressor issue,Compressor issue; synthetic claim scenario: covered fault.,Electrical,Active,Covered,Available,Available,Available,Available,Available,Available,0,1,2024-10-05,Authorized Service Center B,Authorized,Screen,Match,Match,No,No,Within Period,No,No,Yes,Yes,Normal,Low,Covered fault,Valid Claim
CLM-0498,PRD-0498,Television,LG,OLED55,SN60051795,2024-03-27,210000,City Appliances,24,2024-03-27,2026-03-17,2024-12-22,9,2024-12-10,Power failure,Power failure; synthetic claim scenario: active warranty.,Water/Liquid,Active,Covered,Available,Available,Available,Available,Available,Available,0,0,,,Not Applicable,None,Match,Match,No,No,Within Period,No,No,Yes,Yes,Low,Low,Active warranty,Valid Claim
CLM-0499,PRD-0499,Television,LG,OLED55,SN30945115,2024-06-30,210000,TechWorld,24,2024-06-30,2026-06-20,2025-04-26,10,2025-04-22,Panel issue,Panel issue; synthetic claim scenario: complete evidence.,Normal Wear,Active,Covered,Available,Available,Available,Available,Available,Available,0,0,,,Not Applicable,None,Match,Match,No,No,Within Period,Yes,No,Yes,Yes,Normal,Low,Complete evidence,Valid Claim
CLM-0500,PRD-0500,Air Conditioner,Orient,Ultron,SN15379569,2024-10-24,165000,Mega Electronics,18,2024-10-24,2026-04-17,2025-08-20,10,2025-08-04,Water leakage,Water leakage; synthetic claim scenario: normal.,Normal Wear,Active,Covered,Available,Available,Available,Available,Available,Not Required,0,1,2025-04-27,Authorized Service Center A,Authorized,Control Board,Match,Match,No,No,Within Period,Yes,No,Yes,Yes,Low,Low,Normal,Valid Claim
CLM-0501,PRD-0501,Smartphone,Samsung,Galaxy A55,SN63359331,2023-11-12,125000,Mega Electronics,12,2023-11-12,2024-11-06,2026-12-26,38,2026-11-16,Camera failure,Camera failure; synthetic claim scenario: expired warranty.,Normal Wear,Expired,Not Covered,Missing,Missing,Available,Missing,Available,Available,3,1,2025-10-22,Authorized Service Center B,Unauthorized,Motherboard,Mismatch,Match,No,Yes,Within Period,No,No,No,No,Complex,High,Expired warranty,Invalid Claim
CLM-0502,PRD-0502,Air Conditioner,Orient,Ultron,SN18873909,2024-01-31,165000,Smart Mart,18,2024-01-31,2025-07-24,2025-08-23,19,2025-08-04,Fan failure,Fan failure; synthetic claim scenario: duplicate claim.,Software/Firmware,Expired,Excluded,Missing,Missing,Missing,Available,Available,Missing,4,3,2024-06-08,Authorized Service Center B,Authorized,None,Mismatch,Mismatch,No,Yes,Outside Period,No,Yes,No,No,Complex,Medium,Duplicate claim,Invalid Claim
CLM-0503,PRD-0503,Laptop,Dell,Inspiron 15,SN97753291,2024-02-24,85000,Digital Hub,12,2024-02-24,2025-02-18,2026-08-12,30,2026-07-16,Battery failure,Battery failure; synthetic claim scenario: claim outside reporting period.,Software/Firmware,Expired,Not Covered,Missing,Available,Available,Available,Missing,Missing,3,3,2026-06-22,Authorized Service Center B,Authorized,Battery,Match,Mismatch,Yes,Yes,Outside Period,No,No,No,No,Complex,Medium,Claim outside reporting period,Invalid Claim
CLM-0504,PRD-0504,Microwave,Samsung,MS23,SN57967465,2024-12-05,45000,Mega Electronics,12,2024-12-05,2025-11-30,2027-03-25,28,2027-03-23,Turntable failure,Turntable failure; synthetic claim scenario: claim outside reporting period.,Electrical,Expired,Not Covered,Missing,Missing,Available,Missing,Missing,Missing,5,2,2026-04-08,Independent Repair Shop,Authorized,Screen,Mismatch,Mismatch,Yes,No,Outside Period,No,Yes,No,No,Complex,Medium,Claim outside reporting period,Invalid Claim
CLM-0505,PRD-0505,Air Conditioner,Orient,Ultron,SN65296966,2024-03-05,165000,Digital Hub,18,2024-03-05,2025-08-27,2027-07-18,41,2027-07-14,Water leakage,Water leakage; synthetic claim scenario: claim outside reporting period.,Mechanical,Expired,Excluded,Missing,Available,Available,Available,Available,Available,1,2,2026-03-29,Authorized Service Center B,Authorized,None,Match,Mismatch,Yes,No,Outside Period,No,Yes,No,Yes,Complex,Medium,Claim outside reporting period,Invalid Claim
CLM-0506,PRD-0506,Refrigerator,Haier,HRF-758,SN39844365,2023-06-08,180000,Mega Electronics,24,2023-06-08,2025-05-28,2026-08-21,39,2026-06-28,Cooling failure,Cooling failure; synthetic claim scenario: serial mismatch.,Normal Wear,Expired,Not Covered,Available,Missing,Missing,Available,Available,Available,2,0,,Authorized Service Center B,Not Applicable,None,Match,Mismatch,No,Yes,Within Period,Yes,Yes,No,No,Complex,High,Serial mismatch,Invalid Claim
CLM-0507,PRD-0507,Television,LG,OLED55,SN99601933,2024-12-05,210000,TechWorld,24,2024-12-05,2026-11-25,2028-07-17,44,2028-07-08,Panel issue,Panel issue; synthetic claim scenario: excluded damage.,Electrical,Expired,Not Covered,Available,Available,Missing,Available,Available,Available,1,3,2027-05-27,Authorized Service Center B,Unauthorized,None,Mismatch,Match,Yes,Yes,Within Period,No,No,No,Yes,Normal,High,Excluded damage,Invalid Claim
CLM-0508,PRD-0508,Refrigerator,Haier,HRF-758,SN77671943,2024-08-24,180000,City Appliances,24,2024-08-24,2026-08-14,2027-08-09,36,2027-06-27,Compressor issue,Compressor issue; synthetic claim scenario: excluded damage.,Physical,Expired,Excluded,Available,Available,Available,Missing,Missing,Missing,3,1,2026-04-29,Independent Repair Shop,Unauthorized,Control Board,Mismatch,Match,Yes,Yes,Outside Period,Yes,Yes,No,No,Normal,High,Excluded damage,Invalid Claim
CLM-0509,PRD-0509,Television,LG,OLED55,SN48065683,2024-03-26,210000,City Appliances,24,2024-03-26,2026-03-16,2026-10-12,31,2026-09-30,Sound failure,Sound failure; synthetic claim scenario: claim outside reporting period.,Water/Liquid,Expired,Excluded,Missing,Missing,Available,Available,Missing,Available,3,2,2026-07-11,Authorized Service Center B,Unauthorized,Screen,Mismatch,Mismatch,No,No,Outside Period,No,No,No,No,Complex,High,Claim outside reporting period,Invalid Claim
CLM-0510,PRD-0510,Microwave,Samsung,MS23,SN36720922,2023-08-20,45000,Digital Hub,12,2023-08-20,2024-08-14,2026-11-02,39,2026-10-14,Door switch failure,Door switch failure; synthetic claim scenario: serial mismatch.,Mechanical,Expired,Excluded,Available,Available,Missing,Missing,Available,Available,2,3,2025-10-24,Authorized Service Center A,Authorized,Control Board,Match,Match,Yes,Yes,Within Period,Yes,Yes,No,No,Normal,High,Serial mismatch,Invalid Claim
CLM-0511,PRD-0511,Printer,HP,LaserJet M404,SN17093731,2023-05-06,72000,TechWorld,12,2023-05-06,2024-04-30,2026-08-18,40,2026-07-02,Paper feed failure,Paper feed failure; synthetic claim scenario: excluded damage.,Software/Firmware,Expired,Excluded,Missing,Missing,Missing,Missing,Missing,Missing,6,3,2025-10-31,Authorized Service Center B,Unauthorized,None,Match,Match,Yes,No,Within Period,Yes,Yes,No,No,Normal,High,Excluded damage,Invalid Claim
CLM-0512,PRD-0512,Television,LG,OLED55,SN71694016,2024-01-27,210000,TechWorld,24,2024-01-27,2026-01-16,2027-10-08,45,2027-09-28,Sound failure,Sound failure; synthetic claim scenario: serial mismatch.,Electrical,Expired,Excluded,Available,Available,Missing,Missing,Available,Missing,3,3,2026-12-31,Independent Repair Shop,Authorized,Battery,Match,Match,Yes,No,Outside Period,Yes,No,No,No,Complex,Medium,Serial mismatch,Invalid Claim
CLM-0513,PRD-0513,Washing Machine,Dawlance,DWT-1167,SN27206452,2024-12-24,135000,Digital Hub,24,2024-12-24,2026-12-14,2029-07-31,56,2029-07-03,Drainage failure,Drainage failure; synthetic claim scenario: excluded damage.,Physical,Expired,Not Covered,Missing,Missing,Missing,Available,Missing,Missing,5,3,2028-09-17,Authorized Service Center A,Unauthorized,Control Board,Match,Mismatch,No,No,Within Period,Yes,No,No,No,Normal,High,Excluded damage,Invalid Claim
CLM-0514,PRD-0514,Laptop,Dell,Inspiron 15,SN98284097,2025-02-22,85000,City Appliances,12,2025-02-22,2026-02-17,2027-12-09,34,2027-11-14,Charging issue,Charging issue; synthetic claim scenario: claim outside reporting period.,Water/Liquid,Expired,Not Covered,Missing,Missing,Missing,Missing,Missing,Available,5,1,2027-07-06,Authorized Service Center A,Authorized,Control Board,Mismatch,Match,No,Yes,Within Period,No,Yes,No,No,Complex,High,Claim outside reporting period,Invalid Claim
CLM-0515,PRD-0515,Printer,HP,LaserJet M404,SN95287876,2023-10-01,72000,TechWorld,12,2023-10-01,2024-09-25,2027-04-13,43,2027-03-06,Connectivity issue,Connectivity issue; synthetic claim scenario: expired warranty.,Water/Liquid,Expired,Not Covered,Missing,Missing,Missing,Missing,Available,Missing,5,0,,Independent Repair Shop,Not Applicable,None,Mismatch,Mismatch,No,No,Outside Period,Yes,No,No,No,Complex,High,Expired warranty,Invalid Claim
CLM-0516,PRD-0516,Refrigerator,Haier,HRF-758,SN83492593,2023-10-22,180000,Mega Electronics,24,2023-10-22,2025-10-11,2026-02-08,28,2026-01-19,Thermostat failure,Thermostat failure; synthetic claim scenario: duplicate claim.,Electrical,Expired,Excluded,Available,Available,Available,Missing,Missing,Available,2,3,2025-06-05,Authorized Service Center A,Authorized,Control Board,Mismatch,Mismatch,No,No,Within Period,No,No,No,No,Complex,Medium,Duplicate claim,Invalid Claim
CLM-0517,PRD-0517,Television,LG,OLED55,SN90696029,2024-08-13,210000,Mega Electronics,24,2024-08-13,2026-08-03,2027-09-27,38,2027-08-15,Panel issue,Panel issue; synthetic claim scenario: unauthorized repair.,Software/Firmware,Expired,Excluded,Missing,Missing,Available,Available,Missing,Missing,4,1,2027-04-27,Authorized Service Center A,Authorized,Battery,Match,Mismatch,No,Yes,Outside Period,Yes,No,No,No,Complex,High,Unauthorized repair,Invalid Claim
CLM-0518,PRD-0518,Smartphone,Samsung,Galaxy A55,SN49994087,2023-06-03,125000,TechWorld,12,2023-06-03,2024-05-28,2024-07-27,14,2024-07-11,Speaker failure,Speaker failure; synthetic claim scenario: excluded damage.,Software/Firmware,Expired,Excluded,Missing,Missing,Missing,Missing,Available,Available,4,1,2024-02-09,Authorized Service Center A,Unauthorized,Screen,Match,Mismatch,Yes,Yes,Within Period,No,Yes,No,No,Normal,Medium,Excluded damage,Invalid Claim
CLM-0519,PRD-0519,Smartphone,Samsung,Galaxy A55,SN44132362,2024-02-11,125000,Smart Mart,12,2024-02-11,2025-02-05,2025-11-02,21,2025-10-17,Charging port failure,Charging port failure; synthetic claim scenario: missing mandatory proof.,Electrical,Expired,Not Covered,Available,Missing,Missing,Available,Available,Available,2,2,2025-04-18,Independent Repair Shop,Authorized,Motherboard,Mismatch,Mismatch,Yes,Yes,Outside Period,No,Yes,No,No,Complex,Medium,Missing mandatory proof,Invalid Claim
CLM-0520,PRD-0520,Air Conditioner,Orient,Ultron,SN62139697,2024-12-17,165000,TechWorld,18,2024-12-17,2026-06-10,2028-03-01,39,2028-01-26,Water leakage,Water leakage; synthetic claim scenario: expired warranty.,Software/Firmware,Expired,Excluded,Missing,Available,Missing,Available,Missing,Missing,4,2,2026-12-07,Authorized Service Center B,Unauthorized,Screen,Mismatch,Match,Yes,No,Within Period,Yes,No,No,No,Normal,High,Expired warranty,Invalid Claim
CLM-0521,PRD-0521,Washing Machine,Dawlance,DWT-1167,SN90814633,2023-04-03,135000,Smart Mart,24,2023-04-03,2025-03-23,2026-07-16,40,2026-06-26,Control panel failure,Control panel failure; synthetic claim scenario: missing mandatory proof.,Normal Wear,Expired,Not Covered,Available,Missing,Missing,Missing,Available,Missing,4,0,,Authorized Service Center B,Not Applicable,None,Match,Mismatch,No,No,Outside Period,No,No,No,No,Normal,Medium,Missing mandatory proof,Invalid Claim
CLM-0522,PRD-0522,Air Conditioner,Orient,Ultron,SN33283960,2024-04-09,165000,Smart Mart,18,2024-04-09,2025-10-01,2025-11-30,20,2025-10-12,Fan failure,Fan failure; synthetic claim scenario: claim outside reporting period.,Physical,Expired,Not Covered,Available,Missing,Available,Available,Missing,Available,2,2,2025-05-24,Independent Repair Shop,Unauthorized,Screen,Mismatch,Match,Yes,Yes,Within Period,Yes,No,No,No,Complex,High,Claim outside reporting period,Invalid Claim
CLM-0523,PRD-0523,Refrigerator,Haier,HRF-758,SN80576741,2023-03-28,180000,City Appliances,24,2023-03-28,2025-03-17,2027-03-07,48,2027-02-23,Cooling failure,Cooling failure; synthetic claim scenario: unauthorized repair.,Software/Firmware,Expired,Excluded,Missing,Available,Available,Available,Available,Available,1,3,2026-10-27,Authorized Service Center B,Unauthorized,Motherboard,Mismatch,Mismatch,No,No,Outside Period,No,No,No,Yes,Normal,High,Unauthorized repair,Invalid Claim
CLM-0524,PRD-0524,Smartphone,Samsung,Galaxy A55,SN59611937,2023-08-18,125000,Smart Mart,12,2023-08-18,2024-08-12,2025-10-06,26,2025-09-23,Screen failure,Screen failure; synthetic claim scenario: claim outside reporting period.,Normal Wear,Expired,Excluded,Missing,Missing,Missing,Available,Missing,Available,4,1,2024-07-12,Authorized Service Center B,Unauthorized,Motherboard,Match,Match,No,Yes,Outside Period,Yes,No,No,No,Normal,Medium,Claim outside reporting period,Invalid Claim
CLM-0525,PRD-0525,Smartphone,Samsung,Galaxy A55,SN93169072,2023-01-11,125000,City Appliances,12,2023-01-11,2024-01-06,2024-10-02,21,2024-08-07,Speaker failure,Speaker failure; synthetic claim scenario: unauthorized repair.,Physical,Expired,Excluded,Missing,Available,Missing,Missing,Missing,Available,4,0,,Independent Repair Shop,Not Applicable,None,Mismatch,Match,No,Yes,Within Period,Yes,Yes,No,No,Normal,Medium,Unauthorized repair,Invalid Claim
CLM-0526,PRD-0526,Printer,HP,LaserJet M404,SN47973618,2024-11-18,72000,Digital Hub,12,2024-11-18,2025-11-13,2026-08-10,21,2026-06-13,Connectivity issue,Connectivity issue; synthetic claim scenario: duplicate claim.,Water/Liquid,Expired,Not Covered,Available,Missing,Available,Missing,Missing,Missing,4,1,2026-05-27,Authorized Service Center B,Authorized,Screen,Mismatch,Mismatch,Yes,No,Outside Period,No,No,No,No,Complex,Medium,Duplicate claim,Invalid Claim
CLM-0527,PRD-0527,Air Conditioner,Orient,Ultron,SN71439467,2024-03-22,165000,City Appliances,18,2024-03-22,2025-09-13,2027-06-05,39,2027-04-18,Water leakage,Water leakage; synthetic claim scenario: excluded damage.,Electrical,Expired,Excluded,Available,Missing,Available,Available,Available,Available,1,1,2027-02-02,Authorized Service Center A,Authorized,Battery,Match,Match,No,No,Outside Period,Yes,Yes,No,Yes,Complex,Medium,Excluded damage,Invalid Claim
CLM-0528,PRD-0528,Smartphone,Samsung,Galaxy A55,SN13875470,2023-12-24,125000,TechWorld,12,2023-12-24,2024-12-18,2026-02-11,26,2025-12-17,Screen failure,Screen failure; synthetic claim scenario: expired warranty.,Software/Firmware,Expired,Excluded,Available,Available,Missing,Available,Available,Available,1,3,2025-12-04,Authorized Service Center A,Authorized,Motherboard,Mismatch,Mismatch,Yes,No,Outside Period,Yes,No,No,Yes,Normal,Medium,Expired warranty,Invalid Claim
CLM-0529,PRD-0529,Microwave,Samsung,MS23,SN31869528,2024-10-05,45000,City Appliances,12,2024-10-05,2025-09-30,2025-10-30,13,2025-10-08,Turntable failure,Turntable failure; synthetic claim scenario: duplicate claim.,Software/Firmware,Expired,Not Covered,Missing,Missing,Available,Available,Available,Missing,3,2,2024-08-18,Authorized Service Center A,Unauthorized,Screen,Match,Match,No,No,Outside Period,No,No,No,No,Normal,High,Duplicate claim,Invalid Claim
CLM-0530,PRD-0530,Television,LG,OLED55,SN78899524,2023-05-04,210000,Digital Hub,24,2023-05-04,2025-04-23,2027-12-09,56,2027-10-18,No display,No display; synthetic claim scenario: duplicate claim.,Software/Firmware,Expired,Excluded,Missing,Available,Missing,Available,Missing,Available,3,3,2027-03-26,Authorized Service Center B,Authorized,Battery,Match,Mismatch,Yes,No,Within Period,No,No,No,No,Complex,High,Duplicate claim,Invalid Claim
CLM-0531,PRD-0531,Television,LG,OLED55,SN98698490,2024-05-22,210000,Smart Mart,24,2024-05-22,2026-05-12,2029-02-25,58,2029-02-19,Sound failure,Sound failure; synthetic claim scenario: serial mismatch.,Physical,Expired,Excluded,Missing,Missing,Available,Missing,Missing,Available,4,1,2028-02-11,Authorized Service Center B,Unauthorized,Screen,Match,Mismatch,Yes,Yes,Outside Period,No,No,No,No,Complex,High,Serial mismatch,Invalid Claim
CLM-0532,PRD-0532,Washing Machine,Dawlance,DWT-1167,SN24271459,2024-08-22,135000,City Appliances,24,2024-08-22,2026-08-12,2029-04-28,57,2029-04-26,Water leakage,Water leakage; synthetic claim scenario: expired warranty.,Water/Liquid,Expired,Not Covered,Missing,Available,Available,Missing,Available,Available,2,3,2028-01-06,Independent Repair Shop,Authorized,None,Match,Mismatch,No,No,Within Period,No,Yes,No,No,Normal,High,Expired warranty,Invalid Claim
CLM-0533,PRD-0533,Laptop,Dell,Inspiron 15,SN68490538,2024-02-09,85000,Smart Mart,12,2024-02-09,2025-02-03,2025-03-05,13,2025-02-22,Screen flickering,Screen flickering; synthetic claim scenario: expired warranty.,Mechanical,Expired,Excluded,Missing,Missing,Missing,Missing,Missing,Missing,6,2,2024-12-21,Authorized Service Center A,Unauthorized,None,Mismatch,Match,Yes,Yes,Outside Period,No,Yes,No,No,Complex,High,Expired warranty,Invalid Claim
CLM-0534,PRD-0534,Washing Machine,Dawlance,DWT-1167,SN87666600,2025-02-27,135000,Smart Mart,24,2025-02-27,2027-02-17,2027-12-14,34,2027-11-13,Control panel failure,Control panel failure; synthetic claim scenario: unauthorized repair.,Normal Wear,Expired,Excluded,Available,Available,Available,Available,Missing,Missing,2,3,2027-11-04,Authorized Service Center B,Unauthorized,Control Board,Mismatch,Mismatch,No,Yes,Within Period,No,Yes,No,No,Complex,Medium,Unauthorized repair,Invalid Claim
CLM-0535,PRD-0535,Washing Machine,Dawlance,DWT-1167,SN72980385,2023-02-07,135000,Digital Hub,24,2023-02-07,2025-01-27,2027-03-18,50,2027-02-14,Motor issue,Motor issue; synthetic claim scenario: unauthorized repair.,Software/Firmware,Expired,Excluded,Available,Available,Available,Missing,Missing,Available,2,2,2025-11-16,Independent Repair Shop,Authorized,Battery,Match,Match,No,No,Within Period,Yes,Yes,No,No,Normal,Medium,Unauthorized repair,Invalid Claim
CLM-0536,PRD-0536,Refrigerator,Haier,HRF-758,SN50755467,2024-08-24,180000,Mega Electronics,24,2024-08-24,2026-08-14,2028-06-04,46,2028-04-06,Thermostat failure,Thermostat failure; synthetic claim scenario: claim outside reporting period.,Mechanical,Expired,Excluded,Available,Missing,Missing,Missing,Missing,Missing,5,1,2027-06-22,Authorized Service Center A,Authorized,Control Board,Mismatch,Mismatch,Yes,Yes,Outside Period,No,No,No,No,Normal,Medium,Claim outside reporting period,Invalid Claim
CLM-0537,PRD-0537,Laptop,Dell,Inspiron 15,SN71355706,2023-01-19,85000,TechWorld,12,2023-01-19,2024-01-14,2025-06-07,29,2025-05-15,Charging issue,Charging issue; synthetic claim scenario: duplicate claim.,Electrical,Expired,Not Covered,Available,Available,Available,Missing,Missing,Available,2,1,2025-03-08,Independent Repair Shop,Unauthorized,Control Board,Match,Mismatch,No,No,Outside Period,Yes,Yes,No,No,Normal,High,Duplicate claim,Invalid Claim
CLM-0538,PRD-0538,Smartphone,Samsung,Galaxy A55,SN42925764,2025-04-23,125000,City Appliances,12,2025-04-23,2026-04-18,2026-07-17,15,2026-06-14,Battery swelling,Battery swelling; synthetic claim scenario: serial mismatch.,Physical,Expired,Not Covered,Available,Available,Available,Missing,Available,Missing,2,3,2025-05-23,Independent Repair Shop,Authorized,Screen,Mismatch,Match,No,No,Outside Period,No,Yes,No,No,Complex,Medium,Serial mismatch,Invalid Claim
CLM-0539,PRD-0539,Television,LG,OLED55,SN32055285,2023-03-29,210000,City Appliances,24,2023-03-29,2025-03-18,2027-03-08,48,2027-01-21,Sound failure,Sound failure; synthetic claim scenario: duplicate claim.,Electrical,Expired,Excluded,Missing,Available,Available,Missing,Available,Available,2,3,2026-07-10,Authorized Service Center B,Authorized,Motherboard,Match,Match,No,Yes,Outside Period,No,Yes,No,No,Complex,Medium,Duplicate claim,Invalid Claim
CLM-0540,PRD-0540,Laptop,Dell,Inspiron 15,SN14962052,2024-11-07,85000,Smart Mart,12,2024-11-07,2025-11-02,2026-08-29,22,2026-07-02,Battery failure,Battery failure; synthetic claim scenario: claim outside reporting period.,Physical,Expired,Not Covered,Missing,Missing,Missing,Missing,Missing,Missing,6,0,,Authorized Service Center B,Not Applicable,None,Mismatch,Mismatch,No,Yes,Within Period,Yes,No,No,No,Normal,Medium,Claim outside reporting period,Invalid Claim
CLM-0541,PRD-0541,Printer,HP,LaserJet M404,SN16406597,2025-01-12,72000,TechWorld,12,2025-01-12,2026-01-07,2026-10-04,21,2026-08-31,Paper feed failure,Paper feed failure; synthetic claim scenario: claim outside reporting period.,Software/Firmware,Expired,Excluded,Available,Available,Missing,Missing,Available,Available,2,0,,Independent Repair Shop,Not Applicable,None,Match,Match,No,No,Outside Period,No,No,No,No,Complex,Medium,Claim outside reporting period,Invalid Claim
CLM-0542,PRD-0542,Washing Machine,Dawlance,DWT-1167,SN22381399,2024-08-09,135000,TechWorld,24,2024-08-09,2026-07-30,2026-08-29,25,2026-07-30,Drainage failure,Drainage failure; synthetic claim scenario: claim outside reporting period.,Software/Firmware,Expired,Excluded,Available,Available,Missing,Missing,Missing,Available,3,3,2025-11-06,Independent Repair Shop,Unauthorized,Battery,Mismatch,Mismatch,Yes,No,Within Period,No,Yes,No,No,Complex,Medium,Claim outside reporting period,Invalid Claim
CLM-0543,PRD-0543,Microwave,Samsung,MS23,SN85031292,2023-08-08,45000,Digital Hub,12,2023-08-08,2024-08-02,2024-12-30,17,2024-12-06,Turntable failure,Turntable failure; synthetic claim scenario: unauthorized repair.,Electrical,Expired,Excluded,Missing,Missing,Missing,Missing,Missing,Missing,6,3,2023-10-06,Authorized Service Center A,Unauthorized,Control Board,Mismatch,Mismatch,No,Yes,Outside Period,No,No,No,No,Complex,High,Unauthorized repair,Invalid Claim
CLM-0544,PRD-0544,Printer,HP,LaserJet M404,SN26418573,2023-04-23,72000,Smart Mart,12,2023-04-23,2024-04-17,2026-04-07,36,2026-03-01,Paper feed failure,Paper feed failure; synthetic claim scenario: expired warranty.,Physical,Expired,Excluded,Available,Available,Available,Missing,Missing,Missing,3,2,2025-10-09,Authorized Service Center B,Unauthorized,None,Mismatch,Match,No,Yes,Within Period,Yes,Yes,No,No,Normal,Medium,Expired warranty,Invalid Claim
CLM-0545,PRD-0545,Laptop,Dell,Inspiron 15,SN96693449,2024-03-03,85000,TechWorld,12,2024-03-03,2025-02-26,2026-10-19,32,2026-09-12,Keyboard failure,Keyboard failure; synthetic claim scenario: unauthorized repair.,Mechanical,Expired,Excluded,Missing,Missing,Missing,Available,Available,Missing,4,3,2025-10-13,Authorized Service Center B,Unauthorized,None,Match,Match,No,No,Outside Period,Yes,No,No,No,Normal,Medium,Unauthorized repair,Invalid Claim
CLM-0546,PRD-0546,Washing Machine,Dawlance,DWT-1167,SN34227374,2024-07-28,135000,City Appliances,24,2024-07-28,2026-07-18,2027-03-15,32,2027-02-01,Control panel failure,Control panel failure; synthetic claim scenario: claim outside reporting period.,Electrical,Expired,Not Covered,Available,Available,Available,Missing,Available,Available,1,1,2027-02-04,Authorized Service Center B,Unauthorized,Control Board,Mismatch,Mismatch,Yes,No,Within Period,No,No,No,Yes,Normal,Medium,Claim outside reporting period,Invalid Claim
CLM-0547,PRD-0547,Air Conditioner,Orient,Ultron,SN65408139,2024-01-27,165000,Digital Hub,18,2024-01-27,2025-07-20,2026-01-16,24,2026-01-08,Compressor issue,Compressor issue; synthetic claim scenario: duplicate claim.,Physical,Expired,Not Covered,Available,Missing,Available,Available,Missing,Available,2,1,2025-07-13,Authorized Service Center B,Unauthorized,Motherboard,Mismatch,Mismatch,Yes,Yes,Outside Period,Yes,No,No,No,Normal,Medium,Duplicate claim,Invalid Claim
CLM-0548,PRD-0548,Smartphone,Samsung,Galaxy A55,SN86268638,2023-02-23,125000,City Appliances,12,2023-02-23,2024-02-18,2025-06-12,28,2025-04-24,Camera failure,Camera failure; synthetic claim scenario: excluded damage.,Software/Firmware,Expired,Not Covered,Missing,Missing,Available,Missing,Available,Missing,4,3,2024-08-03,Authorized Service Center B,Unauthorized,None,Match,Match,No,Yes,Outside Period,Yes,Yes,No,No,Normal,High,Excluded damage,Invalid Claim
CLM-0549,PRD-0549,Refrigerator,Haier,HRF-758,SN81684250,2025-03-12,180000,Smart Mart,24,2025-03-12,2027-03-02,2029-02-19,48,2029-01-15,Compressor issue,Compressor issue; synthetic claim scenario: excluded damage.,Electrical,Expired,Not Covered,Available,Missing,Missing,Available,Available,Missing,3,2,2028-02-21,Authorized Service Center A,Unauthorized,Screen,Mismatch,Mismatch,No,No,Within Period,Yes,Yes,No,No,Complex,High,Excluded damage,Invalid Claim
CLM-0550,PRD-0550,Smartphone,Samsung,Galaxy A55,SN33291610,2024-02-09,125000,City Appliances,12,2024-02-09,2025-02-03,2025-10-01,20,2025-08-08,Battery swelling,Battery swelling; synthetic claim scenario: claim outside reporting period.,Water/Liquid,Expired,Not Covered,Missing,Missing,Available,Missing,Missing,Missing,5,3,2025-04-15,Authorized Service Center A,Authorized,Motherboard,Match,Match,No,No,Outside Period,No,Yes,No,No,Complex,High,Claim outside reporting period,Invalid Claim
CLM-0551,PRD-0551,Printer,HP,LaserJet M404,SN35704262,2024-07-05,72000,TechWorld,12,2024-07-05,2025-06-30,2025-11-27,17,2025-10-23,Power failure,Power failure; synthetic claim scenario: expired warranty.,Water/Liquid,Expired,Not Covered,Missing,Available,Missing,Missing,Missing,Missing,5,1,2024-08-25,Independent Repair Shop,Unauthorized,Screen,Mismatch,Mismatch,No,Yes,Within Period,No,Yes,No,No,Normal,Medium,Expired warranty,Invalid Claim
CLM-0552,PRD-0552,Refrigerator,Haier,HRF-758,SN35749878,2023-08-28,180000,TechWorld,24,2023-08-28,2025-08-17,2027-08-07,48,2027-08-04,Door seal failure,Door seal failure; synthetic claim scenario: unauthorized repair.,Normal Wear,Expired,Excluded,Missing,Available,Available,Available,Missing,Available,2,2,2026-09-20,Independent Repair Shop,Authorized,Control Board,Mismatch,Match,Yes,Yes,Outside Period,No,Yes,No,No,Complex,High,Unauthorized repair,Invalid Claim
CLM-0553,PRD-0553,Washing Machine,Dawlance,DWT-1167,SN20980204,2024-11-28,135000,Smart Mart,24,2024-11-28,2026-11-18,2029-05-06,54,2029-05-05,Water leakage,Water leakage; synthetic claim scenario: serial mismatch.,Electrical,Expired,Excluded,Available,Missing,Missing,Missing,Missing,Available,4,3,2028-07-27,Authorized Service Center B,Unauthorized,Battery,Mismatch,Match,No,No,Within Period,Yes,Yes,No,No,Complex,High,Serial mismatch,Invalid Claim
CLM-0554,PRD-0554,Printer,HP,LaserJet M404,SN19785926,2023-03-18,72000,Smart Mart,12,2023-03-18,2024-03-12,2025-04-06,25,2025-03-26,Print-head issue,Print-head issue; synthetic claim scenario: excluded damage.,Water/Liquid,Expired,Excluded,Missing,Available,Available,Available,Missing,Missing,3,0,,Independent Repair Shop,Not Applicable,None,Match,Mismatch,Yes,Yes,Within Period,No,No,No,No,Normal,Medium,Excluded damage,Invalid Claim
CLM-0555,PRD-0555,Microwave,Samsung,MS23,SN92852868,2025-02-21,45000,City Appliances,12,2025-02-21,2026-02-16,2028-07-05,41,2028-05-28,Heating failure,Heating failure; synthetic claim scenario: expired warranty.,Mechanical,Expired,Not Covered,Available,Available,Available,Missing,Missing,Available,2,1,2028-05-05,Authorized Service Center B,Unauthorized,Control Board,Match,Mismatch,Yes,Yes,Outside Period,No,No,No,No,Complex,Medium,Expired warranty,Invalid Claim
CLM-0556,PRD-0556,Laptop,Dell,Inspiron 15,SN42635373,2024-04-09,85000,Mega Electronics,12,2024-04-09,2025-04-04,2027-09-21,42,2027-08-01,Screen flickering,Screen flickering; synthetic claim scenario: unauthorized repair.,Electrical,Expired,Excluded,Available,Missing,Available,Missing,Missing,Available,3,0,,Authorized Service Center A,Not Applicable,None,Mismatch,Match,Yes,Yes,Within Period,Yes,No,No,No,Complex,Medium,Unauthorized repair,Invalid Claim
CLM-0557,PRD-0557,Laptop,Dell,Inspiron 15,SN35414874,2023-05-11,85000,City Appliances,12,2023-05-11,2024-05-05,2026-08-23,40,2026-07-21,Keyboard failure,Keyboard failure; synthetic claim scenario: duplicate claim.,Normal Wear,Expired,Excluded,Missing,Available,Available,Missing,Missing,Missing,4,2,2026-01-17,Authorized Service Center A,Unauthorized,Motherboard,Mismatch,Match,Yes,No,Within Period,No,Yes,No,No,Normal,High,Duplicate claim,Invalid Claim
CLM-0558,PRD-0558,Air Conditioner,Orient,Ultron,SN10902666,2025-05-22,165000,Digital Hub,18,2025-05-22,2026-11-13,2028-09-03,40,2028-07-25,Compressor issue,Compressor issue; synthetic claim scenario: serial mismatch.,Electrical,Expired,Excluded,Missing,Missing,Available,Available,Missing,Available,3,3,2028-04-14,Authorized Service Center A,Unauthorized,None,Mismatch,Mismatch,Yes,Yes,Within Period,Yes,No,No,No,Normal,Medium,Serial mismatch,Invalid Claim
CLM-0559,PRD-0559,Air Conditioner,Orient,Ultron,SN12817734,2023-01-31,165000,Mega Electronics,18,2023-01-31,2024-07-24,2025-03-21,26,2025-03-11,Cooling failure,Cooling failure; synthetic claim scenario: serial mismatch.,Software/Firmware,Expired,Excluded,Missing,Available,Missing,Available,Available,Available,2,1,2024-09-27,Authorized Service Center A,Unauthorized,None,Match,Match,No,Yes,Outside Period,No,Yes,No,No,Normal,Medium,Serial mismatch,Invalid Claim
CLM-0560,PRD-0560,Air Conditioner,Orient,Ultron,SN43174817,2023-08-04,165000,TechWorld,18,2023-08-04,2025-01-25,2027-07-14,48,2027-06-28,Fan failure,Fan failure; synthetic claim scenario: duplicate claim.,Normal Wear,Expired,Excluded,Missing,Available,Missing,Available,Available,Available,2,1,2026-05-04,Authorized Service Center A,Unauthorized,Screen,Match,Mismatch,No,No,Outside Period,No,Yes,No,No,Complex,High,Duplicate claim,Invalid Claim
CLM-0561,PRD-0561,Television,LG,OLED55,SN41458567,2025-05-21,210000,City Appliances,24,2025-05-21,2027-05-11,2029-12-26,56,2029-12-12,Sound failure,Sound failure; synthetic claim scenario: serial mismatch.,Mechanical,Expired,Not Covered,Missing,Available,Available,Missing,Missing,Missing,4,3,2029-08-27,Authorized Service Center B,Authorized,Screen,Match,Mismatch,No,No,Within Period,No,Yes,No,No,Normal,High,Serial mismatch,Invalid Claim
CLM-0562,PRD-0562,Printer,HP,LaserJet M404,SN46644052,2024-01-22,72000,City Appliances,12,2024-01-22,2025-01-16,2025-12-12,23,2025-10-13,Power failure,Power failure; synthetic claim scenario: serial mismatch.,Electrical,Expired,Excluded,Missing,Available,Available,Available,Missing,Missing,3,2,2025-07-18,Independent Repair Shop,Unauthorized,Battery,Match,Mismatch,No,No,Within Period,Yes,No,No,No,Complex,Medium,Serial mismatch,Invalid Claim
CLM-0563,PRD-0563,Microwave,Samsung,MS23,SN82897088,2023-08-28,45000,Digital Hub,12,2023-08-28,2024-08-22,2025-01-19,17,2024-12-27,Turntable failure,Turntable failure; synthetic claim scenario: duplicate claim.,Electrical,Expired,Not Covered,Missing,Available,Missing,Available,Available,Available,2,0,,Authorized Service Center B,Not Applicable,None,Mismatch,Match,No,Yes,Within Period,Yes,No,No,No,Complex,High,Duplicate claim,Invalid Claim
CLM-0564,PRD-0564,Washing Machine,Dawlance,DWT-1167,SN38129989,2023-10-16,135000,City Appliances,24,2023-10-16,2025-10-05,2027-08-26,47,2027-07-06,Control panel failure,Control panel failure; synthetic claim scenario: missing mandatory proof.,Software/Firmware,Expired,Excluded,Missing,Available,Missing,Available,Missing,Available,3,1,2026-07-22,Independent Repair Shop,Unauthorized,Control Board,Match,Match,No,No,Within Period,No,No,No,No,Normal,Medium,Missing mandatory proof,Invalid Claim
CLM-0565,PRD-0565,Laptop,Dell,Inspiron 15,SN18550910,2024-01-19,85000,Smart Mart,12,2024-01-19,2025-01-13,2025-10-10,21,2025-09-20,Charging issue,Charging issue; synthetic claim scenario: excluded damage.,Software/Firmware,Expired,Not Covered,Missing,Missing,Missing,Available,Missing,Missing,5,3,2024-08-16,Independent Repair Shop,Authorized,Battery,Match,Match,Yes,Yes,Outside Period,Yes,No,No,No,Complex,High,Excluded damage,Invalid Claim
CLM-0566,PRD-0566,Microwave,Samsung,MS23,SN59479669,2023-04-22,45000,Smart Mart,12,2023-04-22,2024-04-16,2026-09-03,41,2026-07-24,Heating failure,Heating failure; synthetic claim scenario: duplicate claim.,Electrical,Expired,Excluded,Available,Available,Available,Available,Available,Missing,1,0,,Authorized Service Center A,Not Applicable,None,Mismatch,Match,No,No,Outside Period,No,No,No,Yes,Normal,Medium,Duplicate claim,Invalid Claim
CLM-0567,PRD-0567,Television,LG,OLED55,SN69825080,2023-12-01,210000,TechWorld,24,2023-12-01,2025-11-20,2028-02-08,51,2028-01-13,Power failure,Power failure; synthetic claim scenario: missing mandatory proof.,Software/Firmware,Expired,Not Covered,Available,Available,Missing,Missing,Available,Missing,3,1,2027-11-04,Authorized Service Center A,Authorized,Control Board,Match,Mismatch,Yes,No,Outside Period,Yes,No,No,No,Normal,High,Missing mandatory proof,Invalid Claim
CLM-0568,PRD-0568,Refrigerator,Haier,HRF-758,SN31197304,2024-06-22,180000,Digital Hub,24,2024-06-22,2026-06-12,2029-01-27,56,2028-12-28,Compressor issue,Compressor issue; synthetic claim scenario: duplicate claim.,Normal Wear,Expired,Excluded,Available,Available,Missing,Missing,Missing,Missing,4,3,2028-02-19,Authorized Service Center A,Authorized,Control Board,Mismatch,Match,No,No,Within Period,No,Yes,No,No,Complex,High,Duplicate claim,Invalid Claim
CLM-0569,PRD-0569,Washing Machine,Dawlance,DWT-1167,SN63240727,2024-11-13,135000,TechWorld,24,2024-11-13,2026-11-03,2027-12-28,38,2027-10-30,Motor issue,Motor issue; synthetic claim scenario: expired warranty.,Electrical,Expired,Excluded,Missing,Available,Missing,Available,Available,Missing,3,3,2027-04-12,Authorized Service Center A,Authorized,Screen,Mismatch,Match,No,Yes,Outside Period,Yes,No,No,No,Complex,Medium,Expired warranty,Invalid Claim
CLM-0570,PRD-0570,Smartphone,Samsung,Galaxy A55,SN46675298,2024-12-27,125000,Mega Electronics,12,2024-12-27,2025-12-22,2027-09-13,33,2027-08-01,Battery swelling,Battery swelling; synthetic claim scenario: excluded damage.,Software/Firmware,Expired,Excluded,Missing,Missing,Available,Available,Available,Missing,3,1,2026-12-16,Authorized Service Center B,Unauthorized,Screen,Mismatch,Match,Yes,Yes,Within Period,No,No,No,No,Normal,High,Excluded damage,Invalid Claim
CLM-0571,PRD-0571,Television,LG,OLED55,SN66597298,2023-08-10,210000,TechWorld,24,2023-08-10,2025-07-30,2025-10-28,27,2025-08-31,No display,No display; synthetic claim scenario: claim outside reporting period.,Electrical,Expired,Not Covered,Missing,Available,Available,Missing,Missing,Missing,4,0,,Independent Repair Shop,Not Applicable,None,Mismatch,Match,No,Yes,Outside Period,Yes,Yes,No,No,Normal,High,Claim outside reporting period,Invalid Claim
CLM-0572,PRD-0572,Air Conditioner,Orient,Ultron,SN12012537,2025-04-20,165000,City Appliances,18,2025-04-20,2026-10-12,2027-03-11,23,2027-02-24,Compressor issue,Compressor issue; synthetic claim scenario: excluded damage.,Normal Wear,Expired,Not Covered,Available,Available,Available,Missing,Available,Missing,2,2,2026-04-28,Independent Repair Shop,Unauthorized,Screen,Mismatch,Mismatch,No,Yes,Outside Period,No,Yes,No,No,Complex,Medium,Excluded damage,Invalid Claim
CLM-0573,PRD-0573,Laptop,Dell,Inspiron 15,SN99438746,2024-02-03,85000,City Appliances,12,2024-02-03,2025-01-28,2027-07-17,42,2027-07-02,Keyboard failure,Keyboard failure; synthetic claim scenario: excluded damage.,Electrical,Expired,Not Covered,Missing,Missing,Available,Available,Available,Missing,3,2,2026-05-21,Independent Repair Shop,Authorized,Screen,Mismatch,Match,No,Yes,Within Period,Yes,Yes,No,No,Complex,High,Excluded damage,Invalid Claim
CLM-0574,PRD-0574,Laptop,Dell,Inspiron 15,SN41952404,2024-09-15,85000,Smart Mart,12,2024-09-15,2025-09-10,2028-01-28,41,2028-01-03,Battery failure,Battery failure; synthetic claim scenario: serial mismatch.,Software/Firmware,Expired,Not Covered,Available,Available,Available,Available,Missing,Available,1,3,2026-12-07,Authorized Service Center A,Unauthorized,Screen,Mismatch,Match,No,No,Within Period,No,Yes,No,Yes,Complex,High,Serial mismatch,Invalid Claim
CLM-0575,PRD-0575,Television,LG,OLED55,SN16993664,2023-10-12,210000,Mega Electronics,24,2023-10-12,2025-10-01,2025-12-30,27,2025-11-26,Power failure,Power failure; synthetic claim scenario: duplicate claim.,Mechanical,Expired,Excluded,Missing,Available,Available,Missing,Missing,Available,3,1,2025-02-27,Authorized Service Center A,Unauthorized,Battery,Mismatch,Mismatch,No,Yes,Within Period,No,Yes,No,No,Complex,High,Duplicate claim,Invalid Claim
CLM-0576,PRD-0576,Smartphone,Samsung,Galaxy A55,SN60696383,2023-06-27,125000,Mega Electronics,12,2023-06-27,2024-06-21,2027-06-06,48,2027-04-13,Charging port failure,Charging port failure; synthetic claim scenario: serial mismatch.,Software/Firmware,Expired,Not Covered,Available,Available,Missing,Missing,Missing,Available,3,1,2027-01-02,Authorized Service Center B,Unauthorized,Motherboard,Mismatch,Mismatch,No,No,Outside Period,Yes,No,No,No,Normal,Medium,Serial mismatch,Invalid Claim
CLM-0577,PRD-0577,Printer,HP,LaserJet M404,SN28341704,2024-06-01,72000,City Appliances,12,2024-06-01,2025-05-27,2027-09-14,40,2027-07-27,Power failure,Power failure; synthetic claim scenario: serial mismatch.,Mechanical,Expired,Not Covered,Missing,Available,Missing,Missing,Available,Missing,4,1,2026-11-05,Independent Repair Shop,Unauthorized,Battery,Match,Mismatch,No,No,Within Period,Yes,No,No,No,Complex,High,Serial mismatch,Invalid Claim
CLM-0578,PRD-0578,Refrigerator,Haier,HRF-758,SN95225538,2023-01-05,180000,Digital Hub,24,2023-01-05,2024-12-25,2027-09-11,57,2027-07-26,Thermostat failure,Thermostat failure; synthetic claim scenario: expired warranty.,Normal Wear,Expired,Excluded,Missing,Missing,Missing,Missing,Missing,Missing,6,3,2027-03-08,Independent Repair Shop,Unauthorized,None,Match,Match,Yes,No,Outside Period,No,No,No,No,Complex,Medium,Expired warranty,Invalid Claim
CLM-0579,PRD-0579,Printer,HP,LaserJet M404,SN43939802,2024-03-10,72000,Digital Hub,12,2024-03-10,2025-03-05,2026-06-28,28,2026-06-12,Connectivity issue,Connectivity issue; synthetic claim scenario: claim outside reporting period.,Water/Liquid,Expired,Excluded,Available,Missing,Available,Available,Missing,Missing,3,1,2026-01-19,Authorized Service Center A,Unauthorized,Control Board,Mismatch,Match,Yes,No,Within Period,No,Yes,No,No,Complex,High,Claim outside reporting period,Invalid Claim
CLM-0580,PRD-0580,Printer,HP,LaserJet M404,SN35018189,2024-08-23,72000,Mega Electronics,12,2024-08-23,2025-08-18,2027-11-06,39,2027-09-18,Power failure,Power failure; synthetic claim scenario: duplicate claim.,Mechanical,Expired,Not Covered,Available,Missing,Available,Missing,Available,Missing,3,2,2027-10-04,Authorized Service Center A,Authorized,Motherboard,Mismatch,Match,Yes,No,Within Period,Yes,No,No,No,Normal,High,Duplicate claim,Invalid Claim
CLM-0581,PRD-0581,Television,LG,OLED55,SN88604129,2024-05-29,210000,Mega Electronics,24,2024-05-29,2026-05-19,2028-10-05,53,2028-08-29,No display,No display; synthetic claim scenario: expired warranty.,Software/Firmware,Expired,Not Covered,Available,Available,Available,Available,Available,Missing,1,3,2028-01-24,Independent Repair Shop,Unauthorized,Motherboard,Mismatch,Match,No,Yes,Within Period,No,No,No,Yes,Normal,Medium,Expired warranty,Invalid Claim
CLM-0582,PRD-0582,Smartphone,Samsung,Galaxy A55,SN54326109,2023-01-10,125000,TechWorld,12,2023-01-10,2024-01-05,2025-06-28,30,2025-05-10,Camera failure,Camera failure; synthetic claim scenario: expired warranty.,Electrical,Expired,Not Covered,Available,Available,Available,Available,Missing,Missing,2,3,2024-09-29,Authorized Service Center B,Authorized,Motherboard,Match,Mismatch,No,No,Outside Period,Yes,No,No,No,Complex,High,Expired warranty,Invalid Claim
CLM-0583,PRD-0583,Printer,HP,LaserJet M404,SN67433950,2025-01-12,72000,City Appliances,12,2025-01-12,2026-01-07,2026-10-04,21,2026-10-02,Power failure,Power failure; synthetic claim scenario: missing mandatory proof.,Normal Wear,Expired,Not Covered,Missing,Available,Missing,Missing,Missing,Missing,5,1,2026-09-03,Independent Repair Shop,Authorized,None,Mismatch,Mismatch,Yes,No,Within Period,No,No,No,No,Complex,High,Missing mandatory proof,Invalid Claim
CLM-0584,PRD-0584,Printer,HP,LaserJet M404,SN53822194,2023-10-28,72000,City Appliances,12,2023-10-28,2024-10-22,2025-11-16,25,2025-10-01,Print-head issue,Print-head issue; synthetic claim scenario: serial mismatch.,Physical,Expired,Not Covered,Available,Available,Missing,Available,Missing,Missing,3,1,2024-07-16,Authorized Service Center B,Unauthorized,Battery,Match,Match,Yes,Yes,Outside Period,No,Yes,No,No,Complex,High,Serial mismatch,Invalid Claim
CLM-0585,PRD-0585,Washing Machine,Dawlance,DWT-1167,SN89483803,2024-11-12,135000,Mega Electronics,24,2024-11-12,2026-11-02,2027-06-30,32,2027-05-18,Water leakage,Water leakage; synthetic claim scenario: unauthorized repair.,Normal Wear,Expired,Not Covered,Missing,Available,Missing,Available,Available,Missing,3,3,2026-02-19,Independent Repair Shop,Authorized,None,Match,Match,Yes,No,Outside Period,Yes,Yes,No,No,Normal,High,Unauthorized repair,Invalid Claim
CLM-0586,PRD-0586,Air Conditioner,Orient,Ultron,SN71174364,2023-05-11,165000,Mega Electronics,18,2023-05-11,2024-11-01,2026-07-24,39,2026-06-29,Water leakage,Water leakage; synthetic claim scenario: missing mandatory proof.,Water/Liquid,Expired,Not Covered,Missing,Available,Available,Missing,Missing,Missing,4,2,2025-05-12,Independent Repair Shop,Unauthorized,Screen,Mismatch,Match,No,Yes,Within Period,Yes,Yes,No,No,Complex,High,Missing mandatory proof,Invalid Claim
CLM-0587,PRD-0587,Television,LG,OLED55,SN12894515,2025-02-03,210000,Smart Mart,24,2025-02-03,2027-01-24,2027-04-24,27,2027-03-16,Power failure,Power failure; synthetic claim scenario: claim outside reporting period.,Software/Firmware,Expired,Excluded,Missing,Available,Missing,Missing,Available,Missing,4,2,2026-03-30,Authorized Service Center B,Unauthorized,Screen,Match,Match,Yes,Yes,Outside Period,No,No,No,No,Complex,Medium,Claim outside reporting period,Invalid Claim
CLM-0588,PRD-0588,Printer,HP,LaserJet M404,SN38154362,2024-11-25,72000,Mega Electronics,12,2024-11-25,2025-11-20,2027-10-11,35,2027-08-23,Print-head issue,Print-head issue; synthetic claim scenario: unauthorized repair.,Normal Wear,Expired,Excluded,Missing,Available,Missing,Missing,Available,Missing,4,0,,Authorized Service Center A,Not Applicable,None,Match,Match,No,No,Outside Period,No,No,No,No,Complex,Medium,Unauthorized repair,Invalid Claim
CLM-0589,PRD-0589,Refrigerator,Haier,HRF-758,SN75582257,2025-01-22,180000,Digital Hub,24,2025-01-22,2027-01-12,2027-02-11,25,2027-01-18,Thermostat failure,Thermostat failure; synthetic claim scenario: claim outside reporting period.,Normal Wear,Expired,Not Covered,Available,Missing,Missing,Available,Available,Available,2,2,2026-05-15,Authorized Service Center A,Unauthorized,Control Board,Mismatch,Mismatch,No,Yes,Within Period,No,Yes,No,No,Normal,High,Claim outside reporting period,Invalid Claim
CLM-0590,PRD-0590,Television,LG,OLED55,SN74987079,2024-10-30,210000,City Appliances,24,2024-10-30,2026-10-20,2028-11-08,49,2028-09-19,Sound failure,Sound failure; synthetic claim scenario: claim outside reporting period.,Physical,Expired,Not Covered,Missing,Missing,Missing,Missing,Missing,Available,5,0,,Authorized Service Center A,Not Applicable,None,Mismatch,Match,No,Yes,Outside Period,Yes,No,No,No,Normal,High,Claim outside reporting period,Invalid Claim
CLM-0591,PRD-0591,Television,LG,OLED55,SN85496963,2023-04-12,210000,Digital Hub,24,2023-04-12,2025-04-01,2025-08-29,29,2025-07-14,No display,No display; synthetic claim scenario: duplicate claim.,Electrical,Expired,Not Covered,Missing,Available,Missing,Missing,Available,Available,3,1,2024-08-27,Authorized Service Center A,Unauthorized,None,Mismatch,Match,No,No,Outside Period,No,Yes,No,No,Normal,High,Duplicate claim,Invalid Claim
CLM-0592,PRD-0592,Smartphone,Samsung,Galaxy A55,SN38885391,2024-06-02,125000,Mega Electronics,12,2024-06-02,2025-05-28,2027-05-18,36,2027-04-13,Camera failure,Camera failure; synthetic claim scenario: duplicate claim.,Water/Liquid,Expired,Not Covered,Missing,Available,Available,Missing,Available,Missing,3,3,2027-02-06,Independent Repair Shop,Authorized,Control Board,Match,Mismatch,Yes,Yes,Outside Period,No,Yes,No,No,Normal,High,Duplicate claim,Invalid Claim
CLM-0593,PRD-0593,Refrigerator,Haier,HRF-758,SN68200448,2024-08-28,180000,City Appliances,24,2024-08-28,2026-08-18,2028-02-09,42,2028-01-31,Door seal failure,Door seal failure; synthetic claim scenario: duplicate claim.,Electrical,Expired,Excluded,Available,Missing,Missing,Missing,Available,Missing,4,3,2027-11-29,Authorized Service Center B,Authorized,Control Board,Mismatch,Match,Yes,No,Outside Period,Yes,Yes,No,No,Complex,High,Duplicate claim,Invalid Claim
CLM-0594,PRD-0594,Refrigerator,Haier,HRF-758,SN22823236,2023-03-21,180000,Smart Mart,24,2023-03-21,2025-03-10,2025-11-05,32,2025-10-01,Thermostat failure,Thermostat failure; synthetic claim scenario: duplicate claim.,Physical,Expired,Not Covered,Missing,Available,Missing,Available,Missing,Missing,4,2,2025-07-24,Authorized Service Center A,Authorized,Control Board,Mismatch,Match,No,Yes,Within Period,No,Yes,No,No,Normal,Medium,Duplicate claim,Invalid Claim
CLM-0595,PRD-0595,Washing Machine,Dawlance,DWT-1167,SN71443076,2024-07-18,135000,Mega Electronics,24,2024-07-18,2026-07-08,2027-02-03,31,2026-12-07,Control panel failure,Control panel failure; synthetic claim scenario: duplicate claim.,Software/Firmware,Expired,Not Covered,Available,Missing,Missing,Available,Missing,Missing,4,3,2026-03-07,Authorized Service Center A,Authorized,Screen,Mismatch,Match,Yes,Yes,Within Period,Yes,Yes,No,No,Complex,High,Duplicate claim,Invalid Claim
CLM-0596,PRD-0596,Microwave,Samsung,MS23,SN74378331,2024-05-29,45000,City Appliances,12,2024-05-29,2025-05-24,2026-11-15,30,2026-10-18,Turntable failure,Turntable failure; synthetic claim scenario: duplicate claim.,Water/Liquid,Expired,Not Covered,Missing,Available,Missing,Missing,Missing,Available,4,0,,Authorized Service Center A,Not Applicable,None,Mismatch,Match,Yes,Yes,Outside Period,Yes,No,No,No,Normal,Medium,Duplicate claim,Invalid Claim
CLM-0597,PRD-0597,Smartphone,Samsung,Galaxy A55,SN43522920,2024-02-20,125000,Smart Mart,12,2024-02-20,2025-02-14,2026-03-11,25,2026-01-11,Camera failure,Camera failure; synthetic claim scenario: expired warranty.,Electrical,Expired,Not Covered,Missing,Missing,Available,Available,Missing,Available,3,1,2025-11-12,Authorized Service Center A,Authorized,Screen,Mismatch,Mismatch,Yes,No,Within Period,Yes,Yes,No,No,Complex,High,Expired warranty,Invalid Claim
CLM-0598,PRD-0598,Washing Machine,Dawlance,DWT-1167,SN57584523,2024-05-09,135000,TechWorld,24,2024-05-09,2026-04-29,2027-09-21,41,2027-09-07,Control panel failure,Control panel failure; synthetic claim scenario: duplicate claim.,Electrical,Expired,Not Covered,Missing,Available,Missing,Available,Missing,Missing,4,0,,Authorized Service Center B,Not Applicable,None,Mismatch,Mismatch,No,No,Within Period,No,Yes,No,No,Complex,High,Duplicate claim,Invalid Claim
CLM-0599,PRD-0599,Printer,HP,LaserJet M404,SN57477880,2024-05-18,72000,City Appliances,12,2024-05-18,2025-05-13,2025-11-09,18,2025-10-06,Print-head issue,Print-head issue; synthetic claim scenario: excluded damage.,Electrical,Expired,Not Covered,Missing,Available,Missing,Available,Available,Missing,3,1,2025-02-12,Authorized Service Center B,Authorized,Screen,Match,Mismatch,No,Yes,Within Period,No,No,No,No,Complex,High,Excluded damage,Invalid Claim
CLM-0600,PRD-0600,Refrigerator,Haier,HRF-758,SN12839001,2023-04-24,180000,Mega Electronics,24,2023-04-24,2025-04-13,2026-11-04,43,2026-11-01,Cooling failure,Cooling failure; synthetic claim scenario: excluded damage.,Mechanical,Expired,Not Covered,Missing,Missing,Missing,Available,Available,Available,3,3,2025-10-30,Authorized Service Center B,Unauthorized,Screen,Match,Mismatch,No,Yes,Within Period,Yes,No,No,No,Normal,High,Excluded damage,Invalid Claim
CLM-0601,PRD-0601,Laptop,Dell,Inspiron 15,SN23833135,2025-02-24,85000,Smart Mart,12,2025-02-24,2026-02-19,2027-06-14,28,2027-06-10,Charging issue,Charging issue; synthetic claim scenario: claim outside reporting period.,Water/Liquid,Expired,Excluded,Missing,Available,Missing,Missing,Missing,Missing,5,3,2027-04-03,Authorized Service Center B,Unauthorized,Battery,Mismatch,Match,Yes,No,Outside Period,Yes,Yes,No,No,Complex,High,Claim outside reporting period,Invalid Claim
CLM-0602,PRD-0602,Refrigerator,Haier,HRF-758,SN18234220,2025-05-25,180000,Smart Mart,24,2025-05-25,2027-05-15,2028-03-10,34,2028-02-24,Thermostat failure,Thermostat failure; synthetic claim scenario: serial mismatch.,Software/Firmware,Expired,Not Covered,Available,Missing,Available,Missing,Available,Available,2,3,2028-01-31,Independent Repair Shop,Unauthorized,None,Mismatch,Match,No,No,Within Period,No,Yes,No,No,Complex,Medium,Serial mismatch,Invalid Claim
CLM-0603,PRD-0603,Washing Machine,Dawlance,DWT-1167,SN58799048,2023-04-23,135000,Digital Hub,24,2023-04-23,2025-04-12,2027-04-02,48,2027-03-15,Control panel failure,Control panel failure; synthetic claim scenario: duplicate claim.,Physical,Expired,Excluded,Missing,Available,Missing,Available,Available,Available,2,0,,Authorized Service Center A,Not Applicable,None,Match,Match,No,No,Within Period,No,No,No,No,Normal,Medium,Duplicate claim,Invalid Claim
CLM-0604,PRD-0604,Smartphone,Samsung,Galaxy A55,SN93082165,2023-04-10,125000,Digital Hub,12,2023-04-10,2024-04-04,2024-05-04,13,2024-03-21,Speaker failure,Speaker failure; synthetic claim scenario: claim outside reporting period.,Physical,Expired,Not Covered,Missing,Missing,Missing,Missing,Available,Missing,5,1,2023-06-10,Authorized Service Center B,Unauthorized,Motherboard,Mismatch,Match,Yes,Yes,Outside Period,No,No,No,No,Normal,High,Claim outside reporting period,Invalid Claim
CLM-0605,PRD-0605,Refrigerator,Haier,HRF-758,SN35526992,2024-06-30,180000,City Appliances,24,2024-06-30,2026-06-20,2027-04-16,34,2027-04-13,Cooling failure,Cooling failure; synthetic claim scenario: claim outside reporting period.,Software/Firmware,Expired,Not Covered,Available,Missing,Missing,Missing,Missing,Missing,5,0,,Authorized Service Center B,Not Applicable,None,Mismatch,Mismatch,No,Yes,Outside Period,Yes,Yes,No,No,Complex,High,Claim outside reporting period,Invalid Claim
CLM-0606,PRD-0606,Smartphone,Samsung,Galaxy A55,SN81613988,2023-06-19,125000,Mega Electronics,12,2023-06-19,2024-06-13,2027-02-28,45,2027-02-03,Battery swelling,Battery swelling; synthetic claim scenario: unauthorized repair.,Physical,Expired,Excluded,Missing,Missing,Available,Available,Available,Available,2,1,2026-04-01,Independent Repair Shop,Unauthorized,None,Match,Mismatch,No,Yes,Within Period,Yes,Yes,No,No,Normal,High,Unauthorized repair,Invalid Claim
CLM-0607,PRD-0607,Television,LG,OLED55,SN44358021,2023-10-12,210000,TechWorld,24,2023-10-12,2025-10-01,2027-03-25,42,2027-01-28,Power failure,Power failure; synthetic claim scenario: excluded damage.,Water/Liquid,Expired,Not Covered,Available,Available,Available,Available,Missing,Missing,2,2,2027-01-12,Independent Repair Shop,Authorized,Control Board,Mismatch,Mismatch,No,No,Outside Period,No,No,No,No,Normal,Medium,Excluded damage,Invalid Claim
CLM-0608,PRD-0608,Smartphone,Samsung,Galaxy A55,SN35348349,2025-01-09,125000,Smart Mart,12,2025-01-09,2026-01-04,2028-01-24,37,2027-12-13,Screen failure,Screen failure; synthetic claim scenario: claim outside reporting period.,Software/Firmware,Expired,Excluded,Available,Missing,Available,Missing,Missing,Available,3,3,2027-10-07,Authorized Service Center B,Unauthorized,Battery,Match,Mismatch,Yes,No,Outside Period,Yes,Yes,No,No,Complex,High,Claim outside reporting period,Invalid Claim
CLM-0609,PRD-0609,Washing Machine,Dawlance,DWT-1167,SN27740771,2023-01-22,135000,Mega Electronics,24,2023-01-22,2025-01-11,2025-12-07,35,2025-10-11,Drainage failure,Drainage failure; synthetic claim scenario: duplicate claim.,Electrical,Expired,Not Covered,Missing,Available,Available,Available,Available,Missing,2,1,2025-03-20,Independent Repair Shop,Authorized,Screen,Mismatch,Match,Yes,Yes,Within Period,Yes,Yes,No,No,Normal,High,Duplicate claim,Invalid Claim
CLM-0610,PRD-0610,Television,LG,OLED55,SN83100625,2024-10-04,210000,Digital Hub,24,2024-10-04,2026-09-24,2026-10-24,25,2026-09-03,No display,No display; synthetic claim scenario: serial mismatch.,Electrical,Expired,Not Covered,Available,Missing,Available,Available,Available,Missing,2,3,2025-08-03,Authorized Service Center A,Authorized,Control Board,Match,Mismatch,Yes,Yes,Outside Period,Yes,Yes,No,No,Normal,High,Serial mismatch,Invalid Claim
CLM-0611,PRD-0611,Printer,HP,LaserJet M404,SN58384619,2023-05-26,72000,TechWorld,12,2023-05-26,2024-05-20,2025-08-13,27,2025-08-11,Paper feed failure,Paper feed failure; synthetic claim scenario: expired warranty.,Electrical,Expired,Not Covered,Missing,Missing,Available,Missing,Missing,Available,4,3,2024-07-28,Independent Repair Shop,Unauthorized,Control Board,Match,Match,Yes,Yes,Outside Period,Yes,No,No,No,Normal,Medium,Expired warranty,Invalid Claim
CLM-0612,PRD-0612,Television,LG,OLED55,SN19034683,2023-07-02,210000,TechWorld,24,2023-07-02,2025-06-21,2028-04-06,58,2028-03-15,Sound failure,Sound failure; synthetic claim scenario: unauthorized repair.,Water/Liquid,Expired,Not Covered,Missing,Available,Missing,Missing,Missing,Available,4,2,2026-11-24,Authorized Service Center B,Authorized,Motherboard,Match,Match,Yes,Yes,Outside Period,Yes,Yes,No,No,Complex,Medium,Unauthorized repair,Invalid Claim
CLM-0613,PRD-0613,Washing Machine,Dawlance,DWT-1167,SN80725487,2023-05-29,135000,Smart Mart,24,2023-05-29,2025-05-18,2027-02-07,45,2027-01-29,Control panel failure,Control panel failure; synthetic claim scenario: expired warranty.,Normal Wear,Expired,Not Covered,Missing,Missing,Missing,Missing,Missing,Missing,6,3,2026-03-06,Independent Repair Shop,Authorized,Battery,Mismatch,Match,No,No,Within Period,Yes,Yes,No,No,Complex,High,Expired warranty,Invalid Claim
CLM-0614,PRD-0614,Smartphone,Samsung,Galaxy A55,SN60661928,2023-08-29,125000,TechWorld,12,2023-08-29,2024-08-23,2024-09-22,13,2024-09-08,Screen failure,Screen failure; synthetic claim scenario: duplicate claim.,Normal Wear,Expired,Not Covered,Missing,Missing,Available,Available,Available,Missing,3,2,2023-06-16,Authorized Service Center A,Authorized,Motherboard,Match,Match,No,Yes,Outside Period,No,Yes,No,No,Normal,High,Duplicate claim,Invalid Claim
CLM-0615,PRD-0615,Air Conditioner,Orient,Ultron,SN55276604,2023-02-25,165000,City Appliances,18,2023-02-25,2024-08-18,2025-03-16,25,2025-02-01,Water leakage,Water leakage; synthetic claim scenario: claim outside reporting period.,Normal Wear,Expired,Not Covered,Missing,Available,Available,Available,Missing,Available,2,0,,Authorized Service Center A,Not Applicable,None,Mismatch,Match,No,Yes,Outside Period,Yes,Yes,No,No,Complex,Medium,Claim outside reporting period,Invalid Claim
CLM-0616,PRD-0616,Laptop,Dell,Inspiron 15,SN17515766,2023-10-21,85000,Mega Electronics,12,2023-10-21,2024-10-15,2025-08-11,22,2025-08-07,Motherboard failure,Motherboard failure; synthetic claim scenario: expired warranty.,Software/Firmware,Expired,Not Covered,Available,Available,Available,Missing,Missing,Missing,3,2,2024-03-29,Independent Repair Shop,Authorized,Battery,Mismatch,Mismatch,Yes,No,Outside Period,Yes,Yes,No,No,Normal,Medium,Expired warranty,Invalid Claim
CLM-0617,PRD-0617,Smartphone,Samsung,Galaxy A55,SN90142849,2025-04-16,125000,TechWorld,12,2025-04-16,2026-04-11,2028-09-27,42,2028-08-27,Screen failure,Screen failure; synthetic claim scenario: claim outside reporting period.,Physical,Expired,Excluded,Missing,Missing,Available,Available,Missing,Missing,4,1,2028-04-12,Authorized Service Center A,Unauthorized,Battery,Mismatch,Mismatch,No,Yes,Outside Period,Yes,Yes,No,No,Normal,High,Claim outside reporting period,Invalid Claim
CLM-0618,PRD-0618,Refrigerator,Haier,HRF-758,SN77401071,2024-10-15,180000,Mega Electronics,24,2024-10-15,2026-10-05,2028-01-28,40,2028-01-10,Cooling failure,Cooling failure; synthetic claim scenario: expired warranty.,Electrical,Expired,Not Covered,Available,Missing,Available,Available,Missing,Available,2,2,2027-12-25,Authorized Service Center B,Authorized,Control Board,Match,Match,No,No,Within Period,No,Yes,No,No,Complex,Medium,Expired warranty,Invalid Claim
CLM-0619,PRD-0619,Printer,HP,LaserJet M404,SN38027431,2024-05-03,72000,Smart Mart,12,2024-05-03,2025-04-28,2025-07-27,15,2025-07-08,Print-head issue,Print-head issue; synthetic claim scenario: serial mismatch.,Water/Liquid,Expired,Not Covered,Available,Missing,Available,Available,Available,Available,1,1,2024-05-30,Independent Repair Shop,Unauthorized,None,Match,Mismatch,Yes,No,Within Period,Yes,No,No,Yes,Normal,Medium,Serial mismatch,Invalid Claim
CLM-0620,PRD-0620,Television,LG,OLED55,SN44363268,2024-08-03,210000,City Appliances,24,2024-08-03,2026-07-24,2029-03-10,56,2029-03-03,Sound failure,Sound failure; synthetic claim scenario: claim outside reporting period.,Normal Wear,Expired,Not Covered,Available,Missing,Available,Missing,Available,Missing,3,2,2028-11-14,Authorized Service Center B,Unauthorized,Battery,Mismatch,Mismatch,No,No,Outside Period,No,Yes,No,No,Complex,Medium,Claim outside reporting period,Invalid Claim
CLM-0621,PRD-0621,Smartphone,Samsung,Galaxy A55,SN31234023,2024-08-05,125000,Smart Mart,12,2024-08-05,2025-07-31,2025-10-29,15,2025-10-05,Charging port failure,Charging port failure; synthetic claim scenario: unauthorized repair.,Software/Firmware,Expired,Excluded,Missing,Missing,Available,Missing,Missing,Missing,5,2,2025-08-18,Independent Repair Shop,Authorized,None,Match,Mismatch,Yes,Yes,Outside Period,No,Yes,No,No,Normal,Medium,Unauthorized repair,Invalid Claim
CLM-0622,PRD-0622,Refrigerator,Haier,HRF-758,SN25344634,2024-02-02,180000,Digital Hub,24,2024-02-02,2026-01-22,2028-07-10,54,2028-05-28,Thermostat failure,Thermostat failure; synthetic claim scenario: missing mandatory proof.,Software/Firmware,Expired,Not Covered,Missing,Missing,Missing,Missing,Available,Available,4,1,2027-06-02,Authorized Service Center A,Authorized,None,Match,Match,No,No,Outside Period,Yes,No,No,No,Complex,High,Missing mandatory proof,Invalid Claim
CLM-0623,PRD-0623,Television,LG,OLED55,SN20966811,2024-04-26,210000,Digital Hub,24,2024-04-26,2026-04-16,2027-06-10,38,2027-05-20,Sound failure,Sound failure; synthetic claim scenario: excluded damage.,Normal Wear,Expired,Not Covered,Missing,Available,Missing,Missing,Missing,Available,4,0,,Authorized Service Center A,Not Applicable,None,Mismatch,Mismatch,No,No,Outside Period,No,Yes,No,No,Normal,Medium,Excluded damage,Invalid Claim
CLM-0624,PRD-0624,Microwave,Samsung,MS23,SN53450650,2025-06-11,45000,Digital Hub,12,2025-06-11,2026-06-06,2029-03-22,46,2029-03-08,Turntable failure,Turntable failure; synthetic claim scenario: unauthorized repair.,Electrical,Expired,Excluded,Available,Available,Available,Missing,Missing,Missing,3,1,2028-11-11,Authorized Service Center B,Authorized,Battery,Match,Mismatch,Yes,No,Within Period,Yes,Yes,No,No,Normal,High,Unauthorized repair,Invalid Claim
CLM-0625,PRD-0625,Microwave,Samsung,MS23,SN58827665,2023-06-01,45000,TechWorld,12,2023-06-01,2024-05-26,2026-02-15,33,2026-02-07,Door switch failure,Door switch failure; synthetic claim scenario: unauthorized repair.,Physical,Expired,Excluded,Missing,Available,Missing,Available,Missing,Available,3,0,,Authorized Service Center A,Not Applicable,None,Mismatch,Mismatch,Yes,No,Outside Period,Yes,Yes,No,No,Normal,High,Unauthorized repair,Invalid Claim
CLM-0626,PRD-0626,Washing Machine,Dawlance,DWT-1167,SN21760181,2024-05-29,135000,TechWorld,24,2024-05-29,2026-05-19,2027-01-14,32,2026-11-30,Drainage failure,Drainage failure; synthetic claim scenario: missing mandatory proof.,Electrical,Expired,Excluded,Missing,Missing,Missing,Missing,Missing,Missing,6,2,2026-10-18,Authorized Service Center A,Authorized,None,Match,Mismatch,Yes,Yes,Within Period,Yes,No,No,No,Complex,Medium,Missing mandatory proof,Invalid Claim
CLM-0627,PRD-0627,Printer,HP,LaserJet M404,SN98406780,2023-04-17,72000,Digital Hub,12,2023-04-17,2024-04-11,2027-02-25,47,2027-02-18,Power failure,Power failure; synthetic claim scenario: unauthorized repair.,Physical,Expired,Excluded,Available,Missing,Missing,Available,Available,Missing,3,3,2026-11-29,Authorized Service Center A,Authorized,Motherboard,Mismatch,Mismatch,No,No,Within Period,No,No,No,No,Normal,Medium,Unauthorized repair,Invalid Claim
CLM-0628,PRD-0628,Refrigerator,Haier,HRF-758,SN41000202,2023-01-05,180000,TechWorld,24,2023-01-05,2024-12-25,2025-03-25,27,2025-03-24,Thermostat failure,Thermostat failure; synthetic claim scenario: unauthorized repair.,Normal Wear,Expired,Not Covered,Available,Missing,Missing,Missing,Available,Missing,4,1,2024-05-15,Authorized Service Center B,Unauthorized,Battery,Match,Match,No,Yes,Within Period,No,No,No,No,Complex,High,Unauthorized repair,Invalid Claim
CLM-0629,PRD-0629,Smartphone,Samsung,Galaxy A55,SN49852264,2024-10-08,125000,Mega Electronics,12,2024-10-08,2025-10-03,2027-11-22,38,2027-09-29,Screen failure,Screen failure; synthetic claim scenario: serial mismatch.,Water/Liquid,Expired,Excluded,Available,Missing,Available,Available,Available,Available,1,3,2027-10-18,Independent Repair Shop,Unauthorized,Battery,Mismatch,Match,No,Yes,Outside Period,Yes,No,No,Yes,Normal,High,Serial mismatch,Invalid Claim
CLM-0630,PRD-0630,Printer,HP,LaserJet M404,SN75905864,2025-02-27,72000,TechWorld,12,2025-02-27,2026-02-22,2026-06-22,16,2026-06-04,Paper feed failure,Paper feed failure; synthetic claim scenario: duplicate claim.,Software/Firmware,Expired,Not Covered,Available,Available,Available,Available,Missing,Available,1,0,,Authorized Service Center A,Not Applicable,None,Match,Mismatch,Yes,Yes,Outside Period,Yes,No,No,Yes,Normal,Medium,Duplicate claim,Invalid Claim
CLM-0631,PRD-0631,Smartphone,Samsung,Galaxy A55,SN91350811,2024-05-13,125000,TechWorld,12,2024-05-13,2025-05-08,2025-10-05,17,2025-09-21,Screen failure,Screen failure; synthetic claim scenario: claim outside reporting period.,Water/Liquid,Expired,Excluded,Missing,Missing,Missing,Available,Available,Missing,4,0,,Authorized Service Center A,Not Applicable,None,Mismatch,Match,No,No,Within Period,No,Yes,No,No,Complex,High,Claim outside reporting period,Invalid Claim
CLM-0632,PRD-0632,Laptop,Dell,Inspiron 15,SN68527249,2024-06-14,85000,Smart Mart,12,2024-06-14,2025-06-09,2026-04-05,22,2026-03-22,Charging issue,Charging issue; synthetic claim scenario: serial mismatch.,Software/Firmware,Expired,Excluded,Available,Available,Available,Missing,Available,Available,1,0,,Independent Repair Shop,Not Applicable,None,Mismatch,Mismatch,No,No,Outside Period,No,No,No,Yes,Complex,Medium,Serial mismatch,Invalid Claim
CLM-0633,PRD-0633,Refrigerator,Haier,HRF-758,SN32447787,2023-09-14,180000,TechWorld,24,2023-09-14,2025-09-03,2026-09-28,37,2026-08-15,Thermostat failure,Thermostat failure; synthetic claim scenario: excluded damage.,Water/Liquid,Expired,Excluded,Missing,Available,Missing,Available,Available,Missing,3,3,2025-06-03,Authorized Service Center B,Authorized,Screen,Match,Mismatch,Yes,No,Within Period,No,No,No,No,Complex,High,Excluded damage,Invalid Claim
CLM-0634,PRD-0634,Printer,HP,LaserJet M404,SN72461793,2023-10-28,72000,Smart Mart,12,2023-10-28,2024-10-22,2027-08-08,46,2027-07-16,Print-head issue,Print-head issue; synthetic claim scenario: serial mismatch.,Physical,Expired,Excluded,Available,Available,Available,Missing,Missing,Available,2,2,2027-03-06,Authorized Service Center A,Unauthorized,Battery,Match,Mismatch,Yes,No,Outside Period,No,No,No,No,Normal,Medium,Serial mismatch,Invalid Claim
CLM-0635,PRD-0635,Smartphone,Samsung,Galaxy A55,SN53872387,2024-01-30,125000,Smart Mart,12,2024-01-30,2025-01-24,2026-03-20,26,2026-02-14,Speaker failure,Speaker failure; synthetic claim scenario: duplicate claim.,Software/Firmware,Expired,Not Covered,Available,Missing,Available,Missing,Missing,Missing,4,2,2025-11-09,Authorized Service Center A,Unauthorized,Battery,Match,Mismatch,Yes,No,Within Period,No,Yes,No,No,Complex,High,Duplicate claim,Invalid Claim
CLM-0636,PRD-0636,Laptop,Dell,Inspiron 15,SN52033591,2023-10-19,85000,City Appliances,12,2023-10-19,2024-10-13,2024-11-12,13,2024-09-14,Motherboard failure,Motherboard failure; synthetic claim scenario: expired warranty.,Water/Liquid,Expired,Excluded,Missing,Available,Missing,Available,Available,Missing,3,0,,Authorized Service Center A,Not Applicable,None,Match,Match,No,No,Within Period,Yes,No,No,No,Complex,High,Expired warranty,Invalid Claim
CLM-0637,PRD-0637,Laptop,Dell,Inspiron 15,SN16442905,2024-02-07,85000,Digital Hub,12,2024-02-07,2025-02-01,2027-07-21,42,2027-06-19,Battery failure,Battery failure; synthetic claim scenario: duplicate claim.,Electrical,Expired,Not Covered,Missing,Available,Available,Available,Available,Available,1,1,2027-04-29,Authorized Service Center B,Authorized,Screen,Mismatch,Match,Yes,Yes,Within Period,No,Yes,No,Yes,Complex,High,Duplicate claim,Invalid Claim
CLM-0638,PRD-0638,Air Conditioner,Orient,Ultron,SN21112459,2024-12-05,165000,Digital Hub,18,2024-12-05,2026-05-29,2028-06-17,43,2028-05-30,Fan failure,Fan failure; synthetic claim scenario: serial mismatch.,Water/Liquid,Expired,Not Covered,Available,Missing,Available,Available,Missing,Available,2,3,2027-06-27,Authorized Service Center B,Unauthorized,Battery,Mismatch,Mismatch,No,No,Within Period,Yes,Yes,No,No,Normal,Medium,Serial mismatch,Invalid Claim
CLM-0639,PRD-0639,Refrigerator,Haier,HRF-758,SN93279154,2024-12-12,180000,Smart Mart,24,2024-12-12,2026-12-02,2027-05-01,29,2027-03-30,Thermostat failure,Thermostat failure; synthetic claim scenario: expired warranty.,Mechanical,Expired,Not Covered,Available,Available,Available,Missing,Missing,Available,2,3,2027-02-07,Authorized Service Center B,Unauthorized,Motherboard,Match,Mismatch,No,Yes,Outside Period,No,Yes,No,No,Complex,Medium,Expired warranty,Invalid Claim
CLM-0640,PRD-0640,Refrigerator,Haier,HRF-758,SN67911411,2023-03-12,180000,Mega Electronics,24,2023-03-12,2025-03-01,2027-06-19,52,2027-06-08,Door seal failure,Door seal failure; synthetic claim scenario: duplicate claim.,Mechanical,Expired,Excluded,Available,Available,Missing,Available,Available,Available,1,0,,Authorized Service Center B,Not Applicable,None,Mismatch,Mismatch,Yes,No,Within Period,Yes,No,No,Yes,Normal,High,Duplicate claim,Invalid Claim
CLM-0641,PRD-0641,Printer,HP,LaserJet M404,SN25460259,2024-05-29,72000,TechWorld,12,2024-05-29,2025-05-24,2028-02-08,45,2028-01-17,Print-head issue,Print-head issue; synthetic claim scenario: unauthorized repair.,Electrical,Expired,Not Covered,Missing,Missing,Missing,Available,Available,Missing,4,3,2027-10-02,Authorized Service Center B,Unauthorized,Control Board,Match,Match,No,No,Within Period,No,Yes,No,No,Normal,High,Unauthorized repair,Invalid Claim
CLM-0642,PRD-0642,Washing Machine,Dawlance,DWT-1167,SN32848229,2023-09-02,135000,Digital Hub,24,2023-09-02,2025-08-22,2028-07-07,59,2028-06-30,Motor issue,Motor issue; synthetic claim scenario: expired warranty.,Normal Wear,Expired,Excluded,Available,Missing,Missing,Missing,Available,Available,3,2,2027-09-28,Authorized Service Center A,Unauthorized,None,Mismatch,Mismatch,No,No,Outside Period,No,Yes,No,No,Complex,Medium,Expired warranty,Invalid Claim
CLM-0643,PRD-0643,Television,LG,OLED55,SN86137251,2023-07-11,210000,Digital Hub,24,2023-07-11,2025-06-30,2027-12-17,54,2027-12-07,No display,No display; synthetic claim scenario: duplicate claim.,Mechanical,Expired,Not Covered,Missing,Missing,Missing,Available,Available,Missing,4,0,,Authorized Service Center A,Not Applicable,None,Mismatch,Mismatch,No,Yes,Within Period,No,No,No,No,Normal,High,Duplicate claim,Invalid Claim
CLM-0644,PRD-0644,Television,LG,OLED55,SN98498728,2025-02-12,210000,Mega Electronics,24,2025-02-12,2027-02-02,2027-08-31,31,2027-08-24,Power failure,Power failure; synthetic claim scenario: excluded damage.,Physical,Expired,Excluded,Missing,Missing,Missing,Missing,Missing,Missing,6,2,2027-01-27,Authorized Service Center B,Unauthorized,Motherboard,Match,Mismatch,No,No,Outside Period,Yes,Yes,No,No,Normal,Medium,Excluded damage,Invalid Claim
CLM-0645,PRD-0645,Laptop,Dell,Inspiron 15,SN71072780,2023-09-08,85000,Smart Mart,12,2023-09-08,2024-09-02,2026-12-21,40,2026-11-27,Charging issue,Charging issue; synthetic claim scenario: serial mismatch.,Physical,Expired,Not Covered,Available,Available,Missing,Available,Missing,Missing,3,1,2026-07-09,Independent Repair Shop,Authorized,Screen,Match,Mismatch,No,No,Within Period,No,Yes,No,No,Complex,High,Serial mismatch,Invalid Claim
CLM-0646,PRD-0646,Smartphone,Samsung,Galaxy A55,SN16697739,2023-01-09,125000,Digital Hub,12,2023-01-09,2024-01-04,2024-10-30,22,2024-09-30,Battery swelling,Battery swelling; synthetic claim scenario: unauthorized repair.,Mechanical,Expired,Not Covered,Missing,Available,Missing,Missing,Missing,Available,4,2,2024-09-23,Authorized Service Center B,Unauthorized,Screen,Mismatch,Mismatch,Yes,Yes,Within Period,Yes,Yes,No,No,Complex,Medium,Unauthorized repair,Invalid Claim
CLM-0647,PRD-0647,Washing Machine,Dawlance,DWT-1167,SN85686398,2025-03-15,135000,City Appliances,24,2025-03-15,2027-03-05,2029-11-19,57,2029-10-07,Motor issue,Motor issue; synthetic claim scenario: missing mandatory proof.,Normal Wear,Expired,Not Covered,Available,Missing,Available,Available,Missing,Available,2,2,2029-06-30,Authorized Service Center A,Authorized,Screen,Match,Match,No,No,Within Period,No,No,No,No,Complex,Medium,Missing mandatory proof,Invalid Claim
CLM-0648,PRD-0648,Television,LG,OLED55,SN66439314,2024-11-30,210000,City Appliances,24,2024-11-30,2026-11-20,2027-12-15,37,2027-11-28,Sound failure,Sound failure; synthetic claim scenario: missing mandatory proof.,Software/Firmware,Expired,Not Covered,Missing,Available,Missing,Missing,Available,Missing,4,3,2027-02-09,Authorized Service Center A,Authorized,None,Match,Match,Yes,No,Within Period,Yes,No,No,No,Complex,Medium,Missing mandatory proof,Invalid Claim
CLM-0649,PRD-0649,Laptop,Dell,Inspiron 15,SN85892528,2025-02-24,85000,City Appliances,12,2025-02-24,2026-02-19,2026-08-18,18,2026-06-30,Keyboard failure,Keyboard failure; synthetic claim scenario: unauthorized repair.,Normal Wear,Expired,Not Covered,Missing,Available,Missing,Available,Missing,Available,3,3,2026-05-16,Authorized Service Center B,Unauthorized,Screen,Match,Mismatch,Yes,Yes,Outside Period,Yes,Yes,No,No,Complex,High,Unauthorized repair,Invalid Claim
CLM-0650,PRD-0650,Laptop,Dell,Inspiron 15,SN23905899,2023-05-05,85000,City Appliances,12,2023-05-05,2024-04-29,2027-01-14,45,2026-11-27,Screen flickering,Screen flickering; synthetic claim scenario: claim outside reporting period.,Electrical,Expired,Not Covered,Available,Available,Missing,Available,Available,Available,1,2,2026-01-28,Authorized Service Center B,Unauthorized,Control Board,Match,Match,Yes,Yes,Outside Period,No,Yes,No,Yes,Normal,High,Claim outside reporting period,Invalid Claim
CLM-0651,PRD-0651,Microwave,Samsung,MS23,SN89022539,2024-02-05,45000,City Appliances,12,2024-02-05,2025-01-30,2025-09-27,20,2025-09-07,Heating failure,Heating failure; synthetic claim scenario: expired warranty.,Physical,Expired,Excluded,Missing,Available,Available,Missing,Missing,Available,3,3,2025-06-15,Independent Repair Shop,Unauthorized,Screen,Mismatch,Match,Yes,Yes,Outside Period,Yes,No,No,No,Complex,Medium,Expired warranty,Invalid Claim
CLM-0652,PRD-0652,Printer,HP,LaserJet M404,SN58016078,2024-01-31,72000,Smart Mart,12,2024-01-31,2025-01-25,2025-08-23,19,2025-07-24,Print-head issue,Print-head issue; synthetic claim scenario: claim outside reporting period.,Water/Liquid,Expired,Excluded,Missing,Available,Available,Missing,Missing,Available,3,3,2025-07-19,Independent Repair Shop,Authorized,Battery,Mismatch,Mismatch,Yes,No,Outside Period,Yes,No,No,No,Complex,High,Claim outside reporting period,Invalid Claim
CLM-0653,PRD-0653,Air Conditioner,Orient,Ultron,SN88449352,2024-12-24,165000,Smart Mart,18,2024-12-24,2026-06-17,2028-07-06,43,2028-06-03,Fan failure,Fan failure; synthetic claim scenario: serial mismatch.,Software/Firmware,Expired,Not Covered,Available,Available,Missing,Missing,Missing,Available,3,2,2027-05-02,Independent Repair Shop,Authorized,None,Match,Match,No,No,Within Period,No,No,No,No,Normal,Medium,Serial mismatch,Invalid Claim
CLM-0654,PRD-0654,Laptop,Dell,Inspiron 15,SN91407521,2023-01-31,85000,TechWorld,12,2023-01-31,2024-01-26,2024-12-21,23,2024-12-06,Keyboard failure,Keyboard failure; synthetic claim scenario: missing mandatory proof.,Mechanical,Expired,Not Covered,Available,Missing,Missing,Missing,Available,Available,3,0,,Authorized Service Center A,Not Applicable,None,Match,Mismatch,Yes,Yes,Within Period,No,Yes,No,No,Normal,Medium,Missing mandatory proof,Invalid Claim
CLM-0655,PRD-0655,Air Conditioner,Orient,Ultron,SN64764506,2023-04-21,165000,Smart Mart,18,2023-04-21,2024-10-12,2027-03-01,47,2027-02-04,Fan failure,Fan failure; synthetic claim scenario: claim outside reporting period.,Water/Liquid,Expired,Not Covered,Available,Available,Missing,Missing,Missing,Missing,4,1,2026-10-19,Independent Repair Shop,Unauthorized,None,Match,Match,Yes,Yes,Outside Period,No,Yes,No,No,Normal,High,Claim outside reporting period,Invalid Claim
CLM-0656,PRD-0656,Air Conditioner,Orient,Ultron,SN13025600,2023-07-09,165000,Mega Electronics,18,2023-07-09,2024-12-30,2027-10-16,52,2027-09-14,Fan failure,Fan failure; synthetic claim scenario: claim outside reporting period.,Physical,Expired,Not Covered,Available,Missing,Missing,Missing,Available,Available,3,3,2027-02-10,Independent Repair Shop,Authorized,Screen,Mismatch,Match,Yes,No,Outside Period,No,No,No,No,Normal,High,Claim outside reporting period,Invalid Claim
CLM-0657,PRD-0657,Printer,HP,LaserJet M404,SN28695003,2024-12-21,72000,Mega Electronics,12,2024-12-21,2025-12-16,2026-05-15,17,2026-03-20,Paper feed failure,Paper feed failure; synthetic claim scenario: duplicate claim.,Water/Liquid,Expired,Not Covered,Missing,Available,Available,Missing,Missing,Available,3,0,,Independent Repair Shop,Not Applicable,None,Match,Mismatch,Yes,Yes,Within Period,Yes,No,No,No,Normal,Medium,Duplicate claim,Invalid Claim
CLM-0658,PRD-0658,Air Conditioner,Orient,Ultron,SN17429830,2025-02-14,165000,TechWorld,18,2025-02-14,2026-08-08,2026-12-06,22,2026-11-20,Cooling failure,Cooling failure; synthetic claim scenario: claim outside reporting period.,Mechanical,Expired,Excluded,Available,Available,Missing,Available,Missing,Available,2,3,2026-09-01,Authorized Service Center B,Unauthorized,Control Board,Mismatch,Match,No,Yes,Within Period,Yes,No,No,No,Complex,High,Claim outside reporting period,Invalid Claim
CLM-0659,PRD-0659,Printer,HP,LaserJet M404,SN40484320,2024-11-29,72000,City Appliances,12,2024-11-29,2025-11-24,2026-01-23,14,2025-12-18,Paper feed failure,Paper feed failure; synthetic claim scenario: claim outside reporting period.,Normal Wear,Expired,Excluded,Available,Missing,Missing,Available,Missing,Missing,4,1,2025-10-26,Authorized Service Center B,Unauthorized,Control Board,Match,Mismatch,Yes,No,Within Period,No,Yes,No,No,Normal,High,Claim outside reporting period,Invalid Claim
CLM-0660,PRD-0660,Laptop,Dell,Inspiron 15,SN82966957,2025-04-01,85000,Mega Electronics,12,2025-04-01,2026-03-27,2027-07-20,28,2027-05-28,Keyboard failure,Keyboard failure; synthetic claim scenario: expired warranty.,Software/Firmware,Expired,Not Covered,Available,Available,Available,Missing,Available,Missing,2,0,,Authorized Service Center B,Not Applicable,None,Match,Match,No,Yes,Within Period,Yes,Yes,No,No,Normal,High,Expired warranty,Invalid Claim
CLM-0661,PRD-0661,Air Conditioner,Orient,Ultron,SN59981337,2025-05-29,165000,Mega Electronics,18,2025-05-29,2026-11-20,2029-04-08,47,2029-02-21,Cooling failure,Cooling failure; synthetic claim scenario: excluded damage.,Electrical,Expired,Excluded,Missing,Missing,Available,Missing,Missing,Available,4,0,,Authorized Service Center B,Not Applicable,None,Match,Mismatch,No,Yes,Outside Period,No,Yes,No,No,Complex,High,Excluded damage,Invalid Claim
CLM-0662,PRD-0662,Refrigerator,Haier,HRF-758,SN60912405,2024-12-16,180000,Mega Electronics,24,2024-12-16,2026-12-06,2029-05-24,54,2029-05-16,Compressor issue,Compressor issue; synthetic claim scenario: unauthorized repair.,Normal Wear,Expired,Not Covered,Missing,Available,Missing,Missing,Missing,Missing,5,0,,Authorized Service Center A,Not Applicable,None,Match,Mismatch,No,Yes,Within Period,Yes,No,No,No,Normal,High,Unauthorized repair,Invalid Claim
CLM-0663,PRD-0663,Printer,HP,LaserJet M404,SN27699655,2024-06-29,72000,TechWorld,12,2024-06-29,2025-06-24,2027-02-14,32,2027-02-11,Print-head issue,Print-head issue; synthetic claim scenario: expired warranty.,Physical,Expired,Excluded,Available,Missing,Missing,Available,Available,Missing,3,3,2025-10-29,Authorized Service Center B,Unauthorized,Screen,Mismatch,Mismatch,No,No,Within Period,Yes,Yes,No,No,Complex,Medium,Expired warranty,Invalid Claim
CLM-0664,PRD-0664,Smartphone,Samsung,Galaxy A55,SN14966560,2023-09-13,125000,Digital Hub,12,2023-09-13,2024-09-07,2027-07-24,47,2027-07-05,Charging port failure,Charging port failure; synthetic claim scenario: missing mandatory proof.,Software/Firmware,Expired,Excluded,Missing,Available,Missing,Missing,Missing,Missing,5,0,,Authorized Service Center A,Not Applicable,None,Match,Mismatch,No,Yes,Within Period,Yes,Yes,No,No,Complex,High,Missing mandatory proof,Invalid Claim
CLM-0665,PRD-0665,Refrigerator,Haier,HRF-758,SN18162164,2024-02-23,180000,Digital Hub,24,2024-02-23,2026-02-12,2026-08-11,30,2026-07-24,Compressor issue,Compressor issue; synthetic claim scenario: expired warranty.,Physical,Expired,Excluded,Available,Missing,Available,Missing,Missing,Missing,4,3,2026-05-08,Authorized Service Center A,Unauthorized,None,Mismatch,Match,Yes,Yes,Outside Period,No,No,No,No,Complex,High,Expired warranty,Invalid Claim
CLM-0666,PRD-0666,Air Conditioner,Orient,Ultron,SN97507034,2024-07-07,165000,Digital Hub,18,2024-07-07,2025-12-29,2026-03-29,21,2026-02-18,Water leakage,Water leakage; synthetic claim scenario: claim outside reporting period.,Software/Firmware,Expired,Not Covered,Missing,Available,Available,Missing,Available,Available,2,1,2025-11-15,Authorized Service Center B,Authorized,Screen,Match,Match,No,No,Outside Period,No,No,No,No,Complex,Medium,Claim outside reporting period,Invalid Claim
CLM-0667,PRD-0667,Laptop,Dell,Inspiron 15,SN79838315,2023-06-14,85000,City Appliances,12,2023-06-14,2024-06-08,2024-09-06,15,2024-08-18,Motherboard failure,Motherboard failure; synthetic claim scenario: duplicate claim.,Physical,Expired,Not Covered,Available,Available,Available,Missing,Missing,Available,2,3,2023-06-09,Independent Repair Shop,Unauthorized,Screen,Mismatch,Mismatch,Yes,Yes,Outside Period,Yes,Yes,No,No,Normal,Medium,Duplicate claim,Invalid Claim
CLM-0668,PRD-0668,Refrigerator,Haier,HRF-758,SN70259467,2025-05-06,180000,City Appliances,24,2025-05-06,2027-04-26,2028-11-16,43,2028-09-18,Compressor issue,Compressor issue; synthetic claim scenario: serial mismatch.,Mechanical,Expired,Not Covered,Missing,Available,Missing,Available,Missing,Missing,4,0,,Independent Repair Shop,Not Applicable,None,Mismatch,Mismatch,No,No,Outside Period,Yes,Yes,No,No,Complex,Medium,Serial mismatch,Invalid Claim
CLM-0669,PRD-0669,Television,LG,OLED55,SN73063577,2024-07-04,210000,TechWorld,24,2024-07-04,2026-06-24,2028-09-11,51,2028-07-29,Remote receiver failure,Remote receiver failure; synthetic claim scenario: excluded damage.,Mechanical,Expired,Not Covered,Missing,Missing,Missing,Missing,Available,Available,4,3,2028-01-10,Independent Repair Shop,Unauthorized,None,Match,Match,Yes,No,Outside Period,No,Yes,No,No,Complex,Medium,Excluded damage,Invalid Claim
CLM-0670,PRD-0670,Printer,HP,LaserJet M404,SN28066449,2023-01-25,72000,Mega Electronics,12,2023-01-25,2024-01-20,2024-12-15,23,2024-12-10,Connectivity issue,Connectivity issue; synthetic claim scenario: claim outside reporting period.,Normal Wear,Expired,Not Covered,Missing,Missing,Missing,Available,Missing,Available,4,2,2024-09-16,Authorized Service Center B,Authorized,Control Board,Mismatch,Match,Yes,No,Within Period,Yes,No,No,No,Complex,Medium,Claim outside reporting period,Invalid Claim
CLM-0671,PRD-0671,Smartphone,Samsung,Galaxy A55,SN67785785,2023-06-05,125000,Smart Mart,12,2023-06-05,2024-05-30,2026-05-20,36,2026-04-06,Screen failure,Screen failure; synthetic claim scenario: expired warranty.,Physical,Expired,Excluded,Missing,Missing,Missing,Available,Missing,Available,4,1,2025-11-19,Authorized Service Center B,Authorized,Control Board,Mismatch,Mismatch,No,No,Within Period,Yes,Yes,No,No,Normal,High,Expired warranty,Invalid Claim
CLM-0672,PRD-0672,Air Conditioner,Orient,Ultron,SN75547360,2023-04-12,165000,TechWorld,18,2023-04-12,2024-10-03,2026-04-26,37,2026-04-15,Cooling failure,Cooling failure; synthetic claim scenario: duplicate claim.,Physical,Expired,Not Covered,Missing,Missing,Missing,Missing,Available,Available,4,2,2024-12-13,Authorized Service Center B,Unauthorized,Battery,Mismatch,Mismatch,Yes,Yes,Outside Period,No,Yes,No,No,Normal,High,Duplicate claim,Invalid Claim
CLM-0673,PRD-0673,Washing Machine,Dawlance,DWT-1167,SN70862915,2024-08-07,135000,Smart Mart,24,2024-08-07,2026-07-28,2028-12-14,53,2028-11-10,Water leakage,Water leakage; synthetic claim scenario: unauthorized repair.,Normal Wear,Expired,Not Covered,Missing,Missing,Available,Available,Missing,Missing,4,3,2028-07-03,Authorized Service Center A,Unauthorized,None,Match,Match,No,Yes,Outside Period,No,No,No,No,Normal,Medium,Unauthorized repair,Invalid Claim
CLM-0674,PRD-0674,Air Conditioner,Orient,Ultron,SN10429189,2023-02-09,165000,City Appliances,18,2023-02-09,2024-08-02,2025-02-28,25,2024-12-30,Compressor issue,Compressor issue; synthetic claim scenario: unauthorized repair.,Electrical,Expired,Excluded,Available,Available,Available,Available,Available,Missing,1,1,2024-02-20,Authorized Service Center A,Authorized,Motherboard,Match,Match,No,Yes,Within Period,Yes,Yes,No,Yes,Normal,High,Unauthorized repair,Invalid Claim
CLM-0675,PRD-0675,Refrigerator,Haier,HRF-758,SN70018532,2024-12-28,180000,Digital Hub,24,2024-12-28,2026-12-18,2027-03-18,27,2027-02-19,Thermostat failure,Thermostat failure; synthetic claim scenario: excluded damage.,Mechanical,Expired,Excluded,Missing,Available,Missing,Missing,Available,Missing,4,1,2025-11-25,Authorized Service Center B,Authorized,Motherboard,Match,Mismatch,No,No,Within Period,No,Yes,No,No,Normal,Medium,Excluded damage,Invalid Claim
CLM-0676,PRD-0676,Smartphone,Samsung,Galaxy A55,SN63509858,2023-06-30,125000,Digital Hub,12,2023-06-30,2024-06-24,2026-03-16,33,2026-02-01,Charging port failure,Charging port failure; synthetic claim scenario: unauthorized repair.,Electrical,Expired,Not Covered,Missing,Missing,Available,Missing,Missing,Missing,5,1,2026-01-31,Authorized Service Center B,Authorized,Screen,Mismatch,Mismatch,Yes,No,Within Period,Yes,No,No,No,Complex,Medium,Unauthorized repair,Invalid Claim
CLM-0677,PRD-0677,Microwave,Samsung,MS23,SN79611890,2025-01-15,45000,Mega Electronics,12,2025-01-15,2026-01-10,2027-11-01,34,2027-09-21,Heating failure,Heating failure; synthetic claim scenario: excluded damage.,Physical,Expired,Not Covered,Missing,Missing,Missing,Available,Available,Available,3,0,,Independent Repair Shop,Not Applicable,None,Match,Match,Yes,Yes,Within Period,No,No,No,No,Complex,High,Excluded damage,Invalid Claim
CLM-0678,PRD-0678,Refrigerator,Haier,HRF-758,SN14533608,2023-06-10,180000,Digital Hub,24,2023-06-10,2025-05-30,2028-04-14,59,2028-03-19,Compressor issue,Compressor issue; synthetic claim scenario: missing mandatory proof.,Normal Wear,Expired,Not Covered,Missing,Available,Missing,Missing,Missing,Available,4,1,2028-03-09,Authorized Service Center A,Unauthorized,None,Mismatch,Mismatch,No,Yes,Outside Period,Yes,No,No,No,Normal,High,Missing mandatory proof,Invalid Claim
CLM-0679,PRD-0679,Printer,HP,LaserJet M404,SN45469712,2024-11-02,72000,Smart Mart,12,2024-11-02,2025-10-28,2026-07-25,21,2026-06-02,Paper feed failure,Paper feed failure; synthetic claim scenario: unauthorized repair.,Software/Firmware,Expired,Excluded,Available,Available,Available,Missing,Available,Available,1,1,2026-05-08,Independent Repair Shop,Authorized,Motherboard,Mismatch,Mismatch,No,No,Outside Period,Yes,No,No,Yes,Complex,High,Unauthorized repair,Invalid Claim
CLM-0680,PRD-0680,Washing Machine,Dawlance,DWT-1167,SN54618734,2024-03-15,135000,Mega Electronics,24,2024-03-15,2026-03-05,2027-05-29,39,2027-05-02,Water leakage,Water leakage; synthetic claim scenario: expired warranty.,Normal Wear,Expired,Excluded,Missing,Missing,Available,Missing,Available,Missing,4,3,2026-10-21,Independent Repair Shop,Unauthorized,None,Match,Match,Yes,No,Outside Period,Yes,No,No,No,Complex,High,Expired warranty,Invalid Claim
CLM-0681,PRD-0681,Smartphone,Samsung,Galaxy A55,SN38081593,2024-07-28,125000,Smart Mart,12,2024-07-28,2025-07-23,2026-09-16,26,2026-07-22,Camera failure,Camera failure; synthetic claim scenario: excluded damage.,Software/Firmware,Expired,Excluded,Available,Available,Available,Missing,Missing,Available,2,0,,Authorized Service Center B,Not Applicable,None,Match,Mismatch,No,No,Outside Period,No,No,No,No,Complex,High,Excluded damage,Invalid Claim
CLM-0682,PRD-0682,Microwave,Samsung,MS23,SN28772414,2023-11-17,45000,Smart Mart,12,2023-11-17,2024-11-11,2026-03-06,28,2026-02-13,Control panel issue,Control panel issue; synthetic claim scenario: claim outside reporting period.,Software/Firmware,Expired,Excluded,Missing,Available,Available,Missing,Available,Missing,3,1,2025-01-13,Authorized Service Center A,Unauthorized,Motherboard,Mismatch,Match,Yes,No,Outside Period,No,No,No,No,Complex,High,Claim outside reporting period,Invalid Claim
CLM-0683,PRD-0683,Laptop,Dell,Inspiron 15,SN34055277,2023-10-31,85000,Mega Electronics,12,2023-10-31,2024-10-25,2027-02-12,40,2027-01-24,Charging issue,Charging issue; synthetic claim scenario: expired warranty.,Software/Firmware,Expired,Excluded,Missing,Missing,Available,Available,Missing,Available,3,2,2026-04-23,Independent Repair Shop,Authorized,None,Match,Mismatch,Yes,No,Outside Period,No,No,No,No,Normal,Medium,Expired warranty,Invalid Claim
CLM-0684,PRD-0684,Laptop,Dell,Inspiron 15,SN64125762,2023-11-16,85000,Digital Hub,12,2023-11-16,2024-11-10,2025-12-05,25,2025-11-22,Motherboard failure,Motherboard failure; synthetic claim scenario: claim outside reporting period.,Water/Liquid,Expired,Not Covered,Missing,Missing,Available,Available,Missing,Available,3,0,,Authorized Service Center B,Not Applicable,None,Mismatch,Mismatch,Yes,Yes,Within Period,Yes,No,No,No,Complex,Medium,Claim outside reporting period,Invalid Claim
CLM-0685,PRD-0685,Refrigerator,Haier,HRF-758,SN73815697,2023-03-21,180000,TechWorld,24,2023-03-21,2025-03-10,2026-01-04,34,2025-12-28,Compressor issue,Compressor issue; synthetic claim scenario: serial mismatch.,Physical,Expired,Not Covered,Missing,Available,Missing,Available,Available,Missing,3,2,2025-02-14,Independent Repair Shop,Authorized,None,Match,Match,Yes,Yes,Outside Period,No,Yes,No,No,Normal,High,Serial mismatch,Invalid Claim
CLM-0686,PRD-0686,Laptop,Dell,Inspiron 15,SN43626780,2023-05-21,85000,TechWorld,12,2023-05-21,2024-05-15,2026-10-02,41,2026-09-04,Charging issue,Charging issue; synthetic claim scenario: serial mismatch.,Water/Liquid,Expired,Excluded,Missing,Missing,Available,Available,Missing,Missing,4,3,2025-09-06,Authorized Service Center B,Authorized,Motherboard,Match,Mismatch,Yes,Yes,Outside Period,Yes,Yes,No,No,Complex,Medium,Serial mismatch,Invalid Claim
CLM-0687,PRD-0687,Air Conditioner,Orient,Ultron,SN91439883,2023-07-02,165000,Digital Hub,18,2023-07-02,2024-12-23,2026-12-13,42,2026-10-19,Cooling failure,Cooling failure; synthetic claim scenario: expired warranty.,Electrical,Expired,Excluded,Missing,Missing,Available,Available,Missing,Missing,4,1,2025-10-27,Authorized Service Center A,Unauthorized,Screen,Match,Mismatch,Yes,Yes,Within Period,Yes,Yes,No,No,Complex,Medium,Expired warranty,Invalid Claim
CLM-0688,PRD-0688,Microwave,Samsung,MS23,SN95560869,2024-02-12,45000,TechWorld,12,2024-02-12,2025-02-06,2026-07-01,29,2026-06-13,Control panel issue,Control panel issue; synthetic claim scenario: expired warranty.,Physical,Expired,Not Covered,Available,Missing,Missing,Missing,Available,Missing,4,0,,Authorized Service Center A,Not Applicable,None,Match,Match,Yes,Yes,Outside Period,No,No,No,No,Normal,High,Expired warranty,Invalid Claim
CLM-0689,PRD-0689,Smartphone,Samsung,Galaxy A55,SN36666834,2025-05-28,125000,Smart Mart,12,2025-05-28,2026-05-23,2027-11-14,30,2027-09-20,Speaker failure,Speaker failure; synthetic claim scenario: serial mismatch.,Software/Firmware,Expired,Not Covered,Available,Missing,Missing,Available,Missing,Available,3,3,2027-03-16,Independent Repair Shop,Unauthorized,Battery,Mismatch,Match,Yes,No,Outside Period,No,No,No,No,Normal,Medium,Serial mismatch,Invalid Claim
CLM-0690,PRD-0690,Laptop,Dell,Inspiron 15,SN43115824,2023-11-15,85000,Digital Hub,12,2023-11-15,2024-11-09,2027-10-25,48,2027-10-02,Battery failure,Battery failure; synthetic claim scenario: duplicate claim.,Normal Wear,Expired,Not Covered,Missing,Missing,Available,Missing,Available,Available,3,0,,Authorized Service Center A,Not Applicable,None,Mismatch,Match,No,Yes,Outside Period,No,Yes,No,No,Complex,Medium,Duplicate claim,Invalid Claim
CLM-0691,PRD-0691,Refrigerator,Haier,HRF-758,SN56823088,2025-02-04,180000,Smart Mart,24,2025-02-04,2027-01-25,2027-10-22,33,2027-10-02,Door seal failure,Door seal failure; synthetic claim scenario: missing mandatory proof.,Software/Firmware,Expired,Not Covered,Missing,Missing,Available,Missing,Available,Missing,4,3,2027-05-30,Authorized Service Center A,Authorized,Battery,Mismatch,Match,No,No,Within Period,Yes,Yes,No,No,Complex,Medium,Missing mandatory proof,Invalid Claim
CLM-0692,PRD-0692,Laptop,Dell,Inspiron 15,SN72712813,2025-05-04,85000,Smart Mart,12,2025-05-04,2026-04-29,2028-05-18,37,2028-05-08,Screen flickering,Screen flickering; synthetic claim scenario: serial mismatch.,Physical,Expired,Not Covered,Missing,Missing,Missing,Available,Missing,Missing,5,0,,Independent Repair Shop,Not Applicable,None,Mismatch,Mismatch,Yes,No,Within Period,No,Yes,No,No,Normal,Medium,Serial mismatch,Invalid Claim
CLM-0693,PRD-0693,Air Conditioner,Orient,Ultron,SN73561767,2024-07-31,165000,Mega Electronics,18,2024-07-31,2026-01-22,2026-04-22,21,2026-04-01,Water leakage,Water leakage; synthetic claim scenario: unauthorized repair.,Physical,Expired,Not Covered,Missing,Available,Available,Missing,Missing,Missing,4,2,2025-04-26,Authorized Service Center A,Unauthorized,Screen,Match,Mismatch,Yes,No,Outside Period,No,No,No,No,Complex,Medium,Unauthorized repair,Invalid Claim
CLM-0694,PRD-0694,Air Conditioner,Orient,Ultron,SN56453084,2024-05-09,165000,City Appliances,18,2024-05-09,2025-10-31,2027-12-20,44,2027-11-30,Compressor issue,Compressor issue; synthetic claim scenario: claim outside reporting period.,Software/Firmware,Expired,Not Covered,Available,Available,Missing,Missing,Missing,Missing,4,0,,Authorized Service Center A,Not Applicable,None,Mismatch,Mismatch,Yes,Yes,Outside Period,Yes,Yes,No,No,Normal,Medium,Claim outside reporting period,Invalid Claim
CLM-0695,PRD-0695,Television,LG,OLED55,SN73391831,2024-04-16,210000,City Appliances,24,2024-04-16,2026-04-06,2027-01-31,34,2027-01-18,Power failure,Power failure; synthetic claim scenario: expired warranty.,Software/Firmware,Expired,Not Covered,Missing,Missing,Available,Available,Available,Available,2,3,2026-11-16,Independent Repair Shop,Unauthorized,Battery,Mismatch,Mismatch,Yes,No,Outside Period,Yes,Yes,No,No,Complex,Medium,Expired warranty,Invalid Claim
CLM-0696,PRD-0696,Smartphone,Samsung,Galaxy A55,SN28532770,2024-02-01,125000,City Appliances,12,2024-02-01,2025-01-26,2026-10-18,33,2026-08-30,Screen failure,Screen failure; synthetic claim scenario: excluded damage.,Mechanical,Expired,Not Covered,Missing,Missing,Missing,Missing,Missing,Available,5,2,2026-01-11,Independent Repair Shop,Unauthorized,None,Mismatch,Match,Yes,No,Within Period,Yes,Yes,No,No,Complex,High,Excluded damage,Invalid Claim
CLM-0697,PRD-0697,Refrigerator,Haier,HRF-758,SN31593455,2023-11-06,180000,Digital Hub,24,2023-11-06,2025-10-26,2026-04-24,30,2026-04-02,Cooling failure,Cooling failure; synthetic claim scenario: unauthorized repair.,Mechanical,Expired,Excluded,Available,Missing,Available,Missing,Missing,Missing,4,3,2026-03-08,Authorized Service Center B,Authorized,Control Board,Mismatch,Match,No,Yes,Within Period,No,No,No,No,Normal,Medium,Unauthorized repair,Invalid Claim
CLM-0698,PRD-0698,Printer,HP,LaserJet M404,SN89208997,2024-12-03,72000,Digital Hub,12,2024-12-03,2025-11-28,2025-12-28,13,2025-11-26,Power failure,Power failure; synthetic claim scenario: unauthorized repair.,Mechanical,Expired,Excluded,Missing,Available,Missing,Missing,Missing,Available,4,3,2025-03-16,Authorized Service Center B,Authorized,Control Board,Match,Mismatch,Yes,Yes,Within Period,Yes,Yes,No,No,Normal,High,Unauthorized repair,Invalid Claim
CLM-0699,PRD-0699,Microwave,Samsung,MS23,SN95360153,2024-03-21,45000,TechWorld,12,2024-03-21,2025-03-16,2027-09-02,42,2027-08-14,Door switch failure,Door switch failure; synthetic claim scenario: expired warranty.,Water/Liquid,Expired,Not Covered,Available,Missing,Missing,Missing,Available,Missing,4,2,2026-12-29,Authorized Service Center B,Authorized,None,Mismatch,Mismatch,Yes,No,Within Period,Yes,Yes,No,No,Complex,Medium,Expired warranty,Invalid Claim
CLM-0700,PRD-0700,Air Conditioner,Orient,Ultron,SN61259494,2025-01-19,165000,Smart Mart,18,2025-01-19,2026-07-13,2029-05-28,53,2029-04-10,Cooling failure,Cooling failure; synthetic claim scenario: expired warranty.,Normal Wear,Expired,Excluded,Available,Available,Available,Available,Available,Available,0,3,2028-09-20,Authorized Service Center B,Authorized,None,Match,Match,No,Yes,Outside Period,Yes,No,Yes,Yes,Normal,High,Expired warranty,Invalid Claim
CLM-0701,PRD-0701,Air Conditioner,Orient,Ultron,SN91151067,2024-10-14,165000,City Appliances,18,2024-10-14,2026-04-07,2027-11-28,38,2027-10-31,Cooling failure,Cooling failure; synthetic claim scenario: claim outside reporting period.,Mechanical,Expired,Excluded,Available,Available,Missing,Available,Missing,Available,2,1,2027-01-10,Authorized Service Center B,Authorized,Screen,Mismatch,Match,No,No,Outside Period,Yes,No,No,No,Normal,Medium,Claim outside reporting period,Invalid Claim
CLM-0702,PRD-0702,Washing Machine,Dawlance,DWT-1167,SN55714018,2023-01-06,135000,Digital Hub,24,2023-01-06,2024-12-26,2026-02-19,38,2026-02-17,Water leakage,Water leakage; synthetic claim scenario: unauthorized repair.,Physical,Expired,Excluded,Available,Missing,Missing,Missing,Missing,Available,4,1,2025-09-27,Authorized Service Center A,Authorized,Motherboard,Mismatch,Match,No,No,Within Period,Yes,No,No,No,Complex,High,Unauthorized repair,Invalid Claim
CLM-0703,PRD-0703,Television,LG,OLED55,SN67919082,2024-04-18,210000,City Appliances,24,2024-04-18,2026-04-08,2028-11-23,56,2028-11-09,Remote receiver failure,Remote receiver failure; synthetic claim scenario: missing mandatory proof.,Electrical,Expired,Not Covered,Missing,Missing,Missing,Available,Available,Missing,4,2,2028-09-12,Authorized Service Center A,Authorized,Screen,Match,Mismatch,No,No,Within Period,No,Yes,No,No,Normal,Medium,Missing mandatory proof,Invalid Claim
CLM-0704,PRD-0704,Microwave,Samsung,MS23,SN40212304,2023-08-29,45000,City Appliances,12,2023-08-29,2024-08-23,2027-07-09,47,2027-06-30,Control panel issue,Control panel issue; synthetic claim scenario: unauthorized repair.,Software/Firmware,Expired,Excluded,Available,Available,Missing,Available,Available,Available,1,2,2027-03-10,Authorized Service Center A,Authorized,Motherboard,Match,Mismatch,Yes,No,Within Period,Yes,No,No,Yes,Normal,Medium,Unauthorized repair,Invalid Claim
CLM-0705,PRD-0705,Washing Machine,Dawlance,DWT-1167,SN53623487,2025-04-25,135000,Smart Mart,24,2025-04-25,2027-04-15,2028-03-10,35,2028-01-10,Drainage failure,Drainage failure; synthetic claim scenario: unauthorized repair.,Mechanical,Expired,Not Covered,Missing,Missing,Available,Missing,Missing,Available,4,0,,Authorized Service Center B,Not Applicable,None,Match,Mismatch,No,Yes,Outside Period,No,Yes,No,No,Normal,Medium,Unauthorized repair,Invalid Claim
CLM-0706,PRD-0706,Television,LG,OLED55,SN42889647,2024-08-05,210000,Smart Mart,24,2024-08-05,2026-07-26,2029-02-10,55,2028-12-28,Sound failure,Sound failure; synthetic claim scenario: claim outside reporting period.,Software/Firmware,Expired,Not Covered,Missing,Available,Missing,Available,Available,Missing,3,2,2028-01-07,Authorized Service Center A,Unauthorized,Battery,Match,Match,No,Yes,Within Period,No,Yes,No,No,Normal,Medium,Claim outside reporting period,Invalid Claim
CLM-0707,PRD-0707,Television,LG,OLED55,SN63471904,2024-04-17,210000,TechWorld,24,2024-04-17,2026-04-07,2026-12-03,32,2026-10-12,Panel issue,Panel issue; synthetic claim scenario: serial mismatch.,Physical,Expired,Excluded,Available,Available,Missing,Available,Available,Available,1,3,2025-08-17,Independent Repair Shop,Authorized,Motherboard,Match,Match,No,No,Outside Period,No,No,No,Yes,Complex,High,Serial mismatch,Invalid Claim
CLM-0708,PRD-0708,Microwave,Samsung,MS23,SN49633430,2024-03-14,45000,City Appliances,12,2024-03-14,2025-03-09,2025-11-04,20,2025-10-28,Door switch failure,Door switch failure; synthetic claim scenario: missing mandatory proof.,Physical,Expired,Not Covered,Missing,Available,Available,Missing,Missing,Missing,4,1,2024-06-25,Authorized Service Center A,Authorized,Motherboard,Mismatch,Mismatch,Yes,No,Outside Period,Yes,No,No,No,Normal,Medium,Missing mandatory proof,Invalid Claim
CLM-0709,PRD-0709,Washing Machine,Dawlance,DWT-1167,SN95464793,2024-08-04,135000,Mega Electronics,24,2024-08-04,2026-07-25,2026-10-23,27,2026-09-04,Water leakage,Water leakage; synthetic claim scenario: duplicate claim.,Electrical,Expired,Not Covered,Available,Missing,Available,Available,Missing,Missing,3,2,2026-04-19,Independent Repair Shop,Unauthorized,Battery,Match,Mismatch,No,No,Outside Period,No,Yes,No,No,Complex,Medium,Duplicate claim,Invalid Claim
CLM-0710,PRD-0710,Washing Machine,Dawlance,DWT-1167,SN40106377,2023-06-01,135000,Mega Electronics,24,2023-06-01,2025-05-21,2025-06-20,25,2025-06-03,Motor issue,Motor issue; synthetic claim scenario: serial mismatch.,Physical,Expired,Excluded,Missing,Missing,Available,Missing,Available,Missing,4,2,2024-11-09,Authorized Service Center B,Unauthorized,Control Board,Match,Match,No,No,Outside Period,No,No,No,No,Normal,Medium,Serial mismatch,Invalid Claim
CLM-0711,PRD-0711,Smartphone,Samsung,Galaxy A55,SN40647266,2024-10-27,125000,City Appliances,12,2024-10-27,2025-10-22,2027-09-12,35,2027-08-11,Screen failure,Screen failure; synthetic claim scenario: excluded damage.,Mechanical,Expired,Excluded,Available,Available,Available,Missing,Available,Missing,2,0,,Authorized Service Center B,Not Applicable,None,Mismatch,Mismatch,Yes,Yes,Within Period,No,Yes,No,No,Complex,High,Excluded damage,Invalid Claim
CLM-0712,PRD-0712,Laptop,Dell,Inspiron 15,SN73892444,2024-09-15,85000,Mega Electronics,12,2024-09-15,2025-09-10,2028-08-25,48,2028-08-07,Battery failure,Battery failure; synthetic claim scenario: duplicate claim.,Electrical,Expired,Not Covered,Available,Available,Available,Missing,Available,Available,1,1,2028-03-24,Independent Repair Shop,Authorized,Control Board,Match,Match,Yes,No,Outside Period,No,No,No,Yes,Normal,Medium,Duplicate claim,Invalid Claim
CLM-0713,PRD-0713,Refrigerator,Haier,HRF-758,SN85331621,2024-09-04,180000,Smart Mart,24,2024-09-04,2026-08-25,2028-04-16,44,2028-03-10,Door seal failure,Door seal failure; synthetic claim scenario: unauthorized repair.,Physical,Expired,Not Covered,Missing,Available,Missing,Available,Missing,Available,3,2,2027-02-25,Authorized Service Center B,Authorized,Motherboard,Match,Match,No,No,Within Period,Yes,No,No,No,Normal,Medium,Unauthorized repair,Invalid Claim
CLM-0714,PRD-0714,Smartphone,Samsung,Galaxy A55,SN50273561,2025-02-13,125000,Smart Mart,12,2025-02-13,2026-02-08,2028-09-25,44,2028-09-24,Battery swelling,Battery swelling; synthetic claim scenario: excluded damage.,Mechanical,Expired,Excluded,Missing,Missing,Available,Available,Available,Missing,3,2,2028-07-09,Authorized Service Center B,Authorized,Control Board,Mismatch,Match,Yes,Yes,Outside Period,Yes,No,No,No,Complex,Medium,Excluded damage,Invalid Claim
CLM-0715,PRD-0715,Television,LG,OLED55,SN85603021,2023-11-28,210000,City Appliances,24,2023-11-28,2025-11-17,2026-12-12,37,2026-10-23,Sound failure,Sound failure; synthetic claim scenario: excluded damage.,Software/Firmware,Expired,Excluded,Available,Available,Available,Missing,Missing,Missing,3,2,2026-07-18,Authorized Service Center B,Authorized,None,Match,Mismatch,Yes,No,Within Period,Yes,No,No,No,Complex,Medium,Excluded damage,Invalid Claim
CLM-0716,PRD-0716,Printer,HP,LaserJet M404,SN42633405,2023-02-26,72000,Mega Electronics,12,2023-02-26,2024-02-21,2026-01-11,35,2025-11-30,Paper feed failure,Paper feed failure; synthetic claim scenario: unauthorized repair.,Physical,Expired,Not Covered,Missing,Missing,Available,Available,Available,Missing,3,2,2024-10-12,Authorized Service Center B,Unauthorized,Motherboard,Match,Mismatch,No,No,Outside Period,No,No,No,No,Complex,High,Unauthorized repair,Invalid Claim
CLM-0717,PRD-0717,Microwave,Samsung,MS23,SN89162732,2023-02-17,45000,Digital Hub,12,2023-02-17,2024-02-12,2026-03-03,37,2026-01-17,Turntable failure,Turntable failure; synthetic claim scenario: missing mandatory proof.,Water/Liquid,Expired,Excluded,Available,Missing,Missing,Available,Available,Available,2,2,2025-09-13,Independent Repair Shop,Authorized,Battery,Match,Mismatch,Yes,No,Outside Period,No,No,No,No,Complex,High,Missing mandatory proof,Invalid Claim
CLM-0718,PRD-0718,Smartphone,Samsung,Galaxy A55,SN13105571,2024-03-24,125000,Mega Electronics,12,2024-03-24,2025-03-19,2026-12-09,33,2026-11-02,Speaker failure,Speaker failure; synthetic claim scenario: excluded damage.,Electrical,Expired,Excluded,Missing,Available,Available,Available,Missing,Missing,3,3,2025-10-23,Authorized Service Center A,Unauthorized,Motherboard,Match,Mismatch,Yes,No,Within Period,Yes,Yes,No,No,Complex,Medium,Excluded damage,Invalid Claim
CLM-0719,PRD-0719,Printer,HP,LaserJet M404,SN47160179,2024-02-10,72000,City Appliances,12,2024-02-10,2025-02-04,2027-09-22,44,2027-08-01,Connectivity issue,Connectivity issue; synthetic claim scenario: missing mandatory proof.,Software/Firmware,Expired,Not Covered,Available,Missing,Available,Missing,Available,Missing,3,3,2027-04-01,Independent Repair Shop,Authorized,Battery,Mismatch,Match,Yes,Yes,Outside Period,No,No,No,No,Normal,High,Missing mandatory proof,Invalid Claim
CLM-0720,PRD-0720,Air Conditioner,Orient,Ultron,SN35346665,2023-03-16,165000,Mega Electronics,18,2023-03-16,2024-09-06,2026-06-28,40,2026-05-29,Compressor issue,Compressor issue; synthetic claim scenario: excluded damage.,Mechanical,Expired,Excluded,Available,Missing,Missing,Available,Missing,Available,3,0,,Authorized Service Center A,Not Applicable,None,Match,Mismatch,Yes,No,Outside Period,Yes,No,No,No,Normal,Medium,Excluded damage,Invalid Claim
CLM-0721,PRD-0721,Washing Machine,Dawlance,DWT-1167,SN13412336,2023-07-05,135000,City Appliances,24,2023-07-05,2025-06-24,2025-08-23,26,2025-07-19,Control panel failure,Control panel failure; synthetic claim scenario: expired warranty.,Normal Wear,Expired,Not Covered,Available,Missing,Available,Missing,Missing,Available,3,1,2025-04-12,Authorized Service Center B,Unauthorized,Battery,Match,Mismatch,Yes,Yes,Within Period,No,Yes,No,No,Complex,High,Expired warranty,Invalid Claim
CLM-0722,PRD-0722,Printer,HP,LaserJet M404,SN78281290,2023-02-20,72000,TechWorld,12,2023-02-20,2024-02-15,2026-07-04,41,2026-06-08,Power failure,Power failure; synthetic claim scenario: unauthorized repair.,Software/Firmware,Expired,Not Covered,Available,Missing,Available,Available,Available,Available,1,1,2025-05-13,Authorized Service Center A,Unauthorized,None,Match,Mismatch,No,No,Outside Period,No,Yes,No,Yes,Complex,Medium,Unauthorized repair,Invalid Claim
CLM-0723,PRD-0723,Laptop,Dell,Inspiron 15,SN79608269,2024-01-25,85000,Mega Electronics,12,2024-01-25,2025-01-19,2027-04-09,39,2027-03-14,Screen flickering,Screen flickering; synthetic claim scenario: missing mandatory proof.,Mechanical,Expired,Not Covered,Missing,Missing,Missing,Available,Missing,Missing,5,1,2026-03-16,Authorized Service Center A,Authorized,Motherboard,Match,Match,No,No,Outside Period,No,Yes,No,No,Normal,High,Missing mandatory proof,Invalid Claim
CLM-0724,PRD-0724,Laptop,Dell,Inspiron 15,SN93471826,2023-03-04,85000,Digital Hub,12,2023-03-04,2024-02-27,2025-04-22,26,2025-02-25,Keyboard failure,Keyboard failure; synthetic claim scenario: serial mismatch.,Electrical,Expired,Excluded,Missing,Missing,Available,Missing,Available,Available,3,1,2024-03-09,Independent Repair Shop,Unauthorized,None,Match,Match,Yes,Yes,Within Period,No,No,No,No,Complex,Medium,Serial mismatch,Invalid Claim
CLM-0725,PRD-0725,Air Conditioner,Orient,Ultron,SN90969675,2023-01-30,165000,TechWorld,18,2023-01-30,2024-07-23,2024-10-21,21,2024-09-03,Compressor issue,Compressor issue; synthetic claim scenario: unauthorized repair.,Physical,Expired,Not Covered,Missing,Available,Missing,Available,Available,Available,2,0,,Authorized Service Center B,Not Applicable,None,Mismatch,Match,No,Yes,Outside Period,Yes,No,No,No,Complex,Medium,Unauthorized repair,Invalid Claim
CLM-0726,PRD-0726,Microwave,Samsung,MS23,SN54107402,2024-04-25,45000,City Appliances,12,2024-04-25,2025-04-20,2026-01-15,21,2025-12-25,Door switch failure,Door switch failure; synthetic claim scenario: duplicate claim.,Normal Wear,Expired,Excluded,Available,Missing,Missing,Available,Available,Available,2,1,2024-10-30,Authorized Service Center A,Unauthorized,Control Board,Mismatch,Match,No,No,Outside Period,No,Yes,No,No,Complex,High,Duplicate claim,Invalid Claim
CLM-0727,PRD-0727,Washing Machine,Dawlance,DWT-1167,SN94384419,2025-02-17,135000,Smart Mart,24,2025-02-17,2027-02-07,2028-10-29,45,2028-10-01,Motor issue,Motor issue; synthetic claim scenario: excluded damage.,Software/Firmware,Expired,Excluded,Available,Available,Missing,Available,Available,Available,1,0,,Authorized Service Center A,Not Applicable,None,Mismatch,Match,Yes,No,Within Period,No,No,No,Yes,Complex,Medium,Excluded damage,Invalid Claim
CLM-0728,PRD-0728,Microwave,Samsung,MS23,SN71395676,2023-08-08,45000,TechWorld,12,2023-08-08,2024-08-02,2025-12-25,29,2025-11-20,Turntable failure,Turntable failure; synthetic claim scenario: unauthorized repair.,Electrical,Expired,Excluded,Available,Missing,Missing,Missing,Available,Missing,4,2,2024-10-08,Authorized Service Center B,Authorized,Control Board,Mismatch,Mismatch,No,Yes,Within Period,Yes,Yes,No,No,Normal,High,Unauthorized repair,Invalid Claim
CLM-0729,PRD-0729,Washing Machine,Dawlance,DWT-1167,SN95215820,2023-05-10,135000,Smart Mart,24,2023-05-10,2025-04-29,2027-03-20,47,2027-02-28,Motor issue,Motor issue; synthetic claim scenario: missing mandatory proof.,Mechanical,Expired,Excluded,Missing,Available,Available,Missing,Available,Available,2,1,2026-01-17,Authorized Service Center A,Unauthorized,Battery,Match,Match,Yes,No,Outside Period,No,No,No,No,Normal,High,Missing mandatory proof,Invalid Claim
CLM-0730,PRD-0730,Printer,HP,LaserJet M404,SN31508787,2025-05-28,72000,Mega Electronics,12,2025-05-28,2026-05-23,2027-11-14,30,2027-11-10,Connectivity issue,Connectivity issue; synthetic claim scenario: excluded damage.,Software/Firmware,Expired,Excluded,Missing,Missing,Missing,Missing,Missing,Missing,6,1,2026-10-11,Authorized Service Center B,Unauthorized,Battery,Mismatch,Mismatch,No,Yes,Outside Period,No,No,No,No,Normal,High,Excluded damage,Invalid Claim
CLM-0731,PRD-0731,Printer,HP,LaserJet M404,SN26759028,2024-02-05,72000,Smart Mart,12,2024-02-05,2025-01-30,2026-02-24,25,2026-02-08,Power failure,Power failure; synthetic claim scenario: serial mismatch.,Normal Wear,Expired,Excluded,Available,Available,Missing,Available,Missing,Available,2,1,2025-10-12,Authorized Service Center B,Unauthorized,Control Board,Match,Mismatch,Yes,Yes,Within Period,No,No,No,No,Normal,Medium,Serial mismatch,Invalid Claim
CLM-0732,PRD-0732,Microwave,Samsung,MS23,SN95638951,2023-06-07,45000,TechWorld,12,2023-06-07,2024-06-01,2026-03-23,34,2026-01-25,Heating failure,Heating failure; synthetic claim scenario: expired warranty.,Physical,Expired,Excluded,Available,Missing,Missing,Available,Missing,Missing,4,1,2024-11-30,Independent Repair Shop,Authorized,Screen,Match,Match,Yes,Yes,Within Period,No,No,No,No,Complex,Medium,Expired warranty,Invalid Claim
CLM-0733,PRD-0733,Washing Machine,Dawlance,DWT-1167,SN42026271,2024-10-17,135000,Digital Hub,24,2024-10-17,2026-10-07,2028-07-28,46,2028-07-01,Drainage failure,Drainage failure; synthetic claim scenario: serial mismatch.,Water/Liquid,Expired,Excluded,Missing,Available,Available,Available,Missing,Available,2,3,2028-03-07,Independent Repair Shop,Authorized,Control Board,Match,Match,No,No,Within Period,No,Yes,No,No,Normal,High,Serial mismatch,Invalid Claim
CLM-0734,PRD-0734,Printer,HP,LaserJet M404,SN47128982,2025-04-14,72000,City Appliances,12,2025-04-14,2026-04-09,2026-07-08,15,2026-06-15,Print-head issue,Print-head issue; synthetic claim scenario: unauthorized repair.,Electrical,Expired,Excluded,Missing,Available,Missing,Missing,Available,Available,3,1,2026-05-27,Independent Repair Shop,Authorized,Screen,Mismatch,Mismatch,No,Yes,Within Period,Yes,No,No,No,Complex,Medium,Unauthorized repair,Invalid Claim
CLM-0735,PRD-0735,Microwave,Samsung,MS23,SN61364639,2024-12-16,45000,Mega Electronics,12,2024-12-16,2025-12-11,2027-05-05,29,2027-03-16,Turntable failure,Turntable failure; synthetic claim scenario: claim outside reporting period.,Physical,Expired,Not Covered,Available,Missing,Missing,Missing,Available,Missing,4,0,,Authorized Service Center B,Not Applicable,None,Match,Match,No,No,Outside Period,No,No,No,No,Complex,Medium,Claim outside reporting period,Invalid Claim
CLM-0736,PRD-0736,Microwave,Samsung,MS23,SN81514930,2023-12-26,45000,Digital Hub,12,2023-12-26,2024-12-20,2027-05-09,41,2027-03-12,Door switch failure,Door switch failure; synthetic claim scenario: duplicate claim.,Software/Firmware,Expired,Excluded,Available,Available,Missing,Available,Available,Available,1,2,2025-12-30,Independent Repair Shop,Authorized,Battery,Mismatch,Mismatch,Yes,Yes,Outside Period,No,No,No,Yes,Complex,High,Duplicate claim,Invalid Claim
CLM-0737,PRD-0737,Printer,HP,LaserJet M404,SN92170846,2023-04-17,72000,City Appliances,12,2023-04-17,2024-04-11,2025-11-02,31,2025-09-23,Paper feed failure,Paper feed failure; synthetic claim scenario: missing mandatory proof.,Software/Firmware,Expired,Not Covered,Missing,Available,Missing,Available,Available,Available,2,2,2025-09-20,Authorized Service Center B,Unauthorized,Motherboard,Mismatch,Match,Yes,No,Outside Period,No,Yes,No,No,Complex,High,Missing mandatory proof,Invalid Claim
CLM-0738,PRD-0738,Refrigerator,Haier,HRF-758,SN91079800,2024-02-27,180000,Mega Electronics,24,2024-02-27,2026-02-16,2028-12-02,58,2028-10-25,Cooling failure,Cooling failure; synthetic claim scenario: excluded damage.,Normal Wear,Expired,Excluded,Missing,Missing,Missing,Missing,Missing,Missing,6,2,2027-07-31,Authorized Service Center A,Authorized,Screen,Match,Match,Yes,No,Outside Period,No,Yes,No,No,Complex,Medium,Excluded damage,Invalid Claim
CLM-0739,PRD-0739,Refrigerator,Haier,HRF-758,SN27898844,2024-04-21,180000,City Appliances,24,2024-04-21,2026-04-11,2026-08-09,28,2026-07-10,Thermostat failure,Thermostat failure; synthetic claim scenario: duplicate claim.,Mechanical,Expired,Excluded,Missing,Missing,Available,Available,Available,Missing,3,0,,Authorized Service Center B,Not Applicable,None,Match,Match,Yes,No,Outside Period,Yes,No,No,No,Normal,Medium,Duplicate claim,Invalid Claim
CLM-0740,PRD-0740,Microwave,Samsung,MS23,SN54532115,2023-11-14,45000,TechWorld,12,2023-11-14,2024-11-08,2026-07-01,32,2026-06-09,Heating failure,Heating failure; synthetic claim scenario: serial mismatch.,Electrical,Expired,Not Covered,Missing,Available,Missing,Available,Available,Missing,3,0,,Authorized Service Center A,Not Applicable,None,Mismatch,Mismatch,Yes,Yes,Outside Period,No,Yes,No,No,Normal,Medium,Serial mismatch,Invalid Claim
CLM-0741,PRD-0741,Printer,HP,LaserJet M404,SN55596469,2024-08-10,72000,City Appliances,12,2024-08-10,2025-08-05,2027-08-25,37,2027-07-04,Paper feed failure,Paper feed failure; synthetic claim scenario: claim outside reporting period.,Electrical,Expired,Excluded,Missing,Missing,Available,Missing,Available,Available,3,2,2027-01-26,Authorized Service Center A,Authorized,Control Board,Match,Mismatch,Yes,Yes,Within Period,Yes,Yes,No,No,Normal,Medium,Claim outside reporting period,Invalid Claim
CLM-0742,PRD-0742,Washing Machine,Dawlance,DWT-1167,SN90492828,2023-01-21,135000,Digital Hub,24,2023-01-21,2025-01-10,2025-05-10,28,2025-04-04,Motor issue,Motor issue; synthetic claim scenario: serial mismatch.,Water/Liquid,Expired,Not Covered,Missing,Available,Available,Available,Available,Available,1,2,2024-09-26,Authorized Service Center B,Unauthorized,Battery,Match,Match,Yes,Yes,Within Period,No,Yes,No,Yes,Complex,High,Serial mismatch,Invalid Claim
CLM-0743,PRD-0743,Microwave,Samsung,MS23,SN25620477,2024-12-24,45000,Smart Mart,12,2024-12-24,2025-12-19,2026-12-14,24,2026-11-11,Control panel issue,Control panel issue; synthetic claim scenario: missing mandatory proof.,Electrical,Expired,Not Covered,Missing,Available,Available,Available,Missing,Missing,3,0,,Authorized Service Center B,Not Applicable,None,Mismatch,Match,Yes,No,Outside Period,No,No,No,No,Complex,Medium,Missing mandatory proof,Invalid Claim
CLM-0744,PRD-0744,Air Conditioner,Orient,Ultron,SN94065834,2023-09-10,165000,City Appliances,18,2023-09-10,2025-03-03,2025-12-28,28,2025-12-12,Fan failure,Fan failure; synthetic claim scenario: duplicate claim.,Software/Firmware,Expired,Excluded,Available,Missing,Available,Missing,Available,Missing,3,0,,Independent Repair Shop,Not Applicable,None,Mismatch,Mismatch,No,Yes,Within Period,Yes,Yes,No,No,Complex,High,Duplicate claim,Invalid Claim
CLM-0745,PRD-0745,Printer,HP,LaserJet M404,SN61660590,2024-01-22,72000,Mega Electronics,12,2024-01-22,2025-01-16,2027-09-03,44,2027-09-01,Power failure,Power failure; synthetic claim scenario: expired warranty.,Physical,Expired,Excluded,Available,Missing,Missing,Missing,Missing,Missing,5,2,2026-07-06,Independent Repair Shop,Unauthorized,Control Board,Mismatch,Match,Yes,No,Outside Period,Yes,Yes,No,No,Normal,High,Expired warranty,Invalid Claim
CLM-0746,PRD-0746,Laptop,Dell,Inspiron 15,SN42264248,2025-04-23,85000,Digital Hub,12,2025-04-23,2026-04-18,2028-08-05,40,2028-06-18,Battery failure,Battery failure; synthetic claim scenario: missing mandatory proof.,Mechanical,Expired,Not Covered,Missing,Available,Available,Available,Missing,Available,2,1,2027-07-08,Authorized Service Center B,Unauthorized,Motherboard,Mismatch,Mismatch,Yes,Yes,Outside Period,Yes,Yes,No,No,Normal,Medium,Missing mandatory proof,Invalid Claim
CLM-0747,PRD-0747,Refrigerator,Haier,HRF-758,SN70280967,2024-01-16,180000,Mega Electronics,24,2024-01-16,2026-01-05,2028-02-24,50,2028-02-21,Cooling failure,Cooling failure; synthetic claim scenario: missing mandatory proof.,Normal Wear,Expired,Not Covered,Available,Available,Missing,Missing,Missing,Available,3,2,2027-06-30,Independent Repair Shop,Unauthorized,Battery,Match,Mismatch,No,No,Outside Period,Yes,No,No,No,Normal,Medium,Missing mandatory proof,Invalid Claim
CLM-0748,PRD-0748,Smartphone,Samsung,Galaxy A55,SN14790926,2024-10-14,125000,City Appliances,12,2024-10-14,2025-10-09,2026-06-06,20,2026-05-26,Speaker failure,Speaker failure; synthetic claim scenario: expired warranty.,Software/Firmware,Expired,Excluded,Available,Available,Missing,Available,Missing,Missing,3,2,2025-08-06,Authorized Service Center B,Authorized,None,Match,Match,Yes,No,Outside Period,No,No,No,No,Normal,High,Expired warranty,Invalid Claim
CLM-0749,PRD-0749,Smartphone,Samsung,Galaxy A55,SN36930692,2023-08-23,125000,TechWorld,12,2023-08-23,2024-08-17,2026-09-06,37,2026-08-25,Charging port failure,Charging port failure; synthetic claim scenario: expired warranty.,Software/Firmware,Expired,Not Covered,Available,Available,Missing,Missing,Missing,Available,3,3,2025-10-06,Authorized Service Center A,Unauthorized,Motherboard,Mismatch,Mismatch,Yes,Yes,Outside Period,Yes,No,No,No,Normal,Medium,Expired warranty,Invalid Claim
CLM-0750,PRD-0750,Television,LG,OLED55,SN59710508,2023-10-26,210000,TechWorld,24,2023-10-26,2025-10-15,2026-03-14,29,2026-02-27,Panel issue,Panel issue; synthetic claim scenario: serial mismatch.,Mechanical,Expired,Not Covered,Available,Missing,Missing,Available,Missing,Available,3,1,2025-04-10,Independent Repair Shop,Authorized,None,Mismatch,Match,No,Yes,Outside Period,No,No,No,No,Normal,High,Serial mismatch,Invalid Claim
CLM-0751,PRD-0751,Refrigerator,Haier,HRF-758,SN70964805,2023-01-07,180000,Smart Mart,24,2023-01-07,2024-12-27,2025-01-26,25,2024-12-20,Compressor issue,Compressor issue; synthetic claim scenario: unauthorized repair.,Physical,Expired,Not Covered,Missing,Available,Available,Available,Available,Available,1,3,2024-03-10,Independent Repair Shop,Authorized,Battery,Match,Mismatch,No,Yes,Within Period,Yes,No,No,Yes,Complex,Medium,Unauthorized repair,Invalid Claim
CLM-0752,PRD-0752,Television,LG,OLED55,SN70708263,2023-10-21,210000,City Appliances,24,2023-10-21,2025-10-10,2026-10-05,36,2026-09-10,Sound failure,Sound failure; synthetic claim scenario: claim outside reporting period.,Software/Firmware,Expired,Excluded,Available,Missing,Available,Missing,Missing,Available,3,0,,Authorized Service Center B,Not Applicable,None,Match,Match,No,Yes,Within Period,No,No,No,No,Complex,Medium,Claim outside reporting period,Invalid Claim
CLM-0753,PRD-0753,Microwave,Samsung,MS23,SN16829764,2024-01-08,45000,Mega Electronics,12,2024-01-08,2025-01-02,2026-09-24,33,2026-08-12,Control panel issue,Control panel issue; synthetic claim scenario: duplicate claim.,Mechanical,Expired,Excluded,Available,Available,Available,Available,Available,Available,0,2,2025-05-22,Authorized Service Center B,Authorized,Screen,Match,Mismatch,Yes,No,Outside Period,Yes,Yes,Yes,Yes,Complex,Medium,Duplicate claim,Invalid Claim
CLM-0754,PRD-0754,Television,LG,OLED55,SN18772342,2024-11-06,210000,TechWorld,24,2024-11-06,2026-10-27,2029-08-12,58,2029-07-15,No display,No display; synthetic claim scenario: unauthorized repair.,Electrical,Expired,Not Covered,Missing,Available,Available,Missing,Available,Missing,3,1,2028-08-19,Authorized Service Center B,Unauthorized,None,Mismatch,Mismatch,No,No,Outside Period,No,No,No,No,Complex,High,Unauthorized repair,Invalid Claim
CLM-0755,PRD-0755,Laptop,Dell,Inspiron 15,SN81444791,2023-12-06,85000,Smart Mart,12,2023-12-06,2024-11-30,2025-05-29,18,2025-05-08,Battery failure,Battery failure; synthetic claim scenario: missing mandatory proof.,Software/Firmware,Expired,Excluded,Available,Available,Available,Missing,Available,Missing,2,2,2024-07-05,Authorized Service Center B,Authorized,Battery,Match,Match,No,No,Outside Period,No,Yes,No,No,Normal,Medium,Missing mandatory proof,Invalid Claim
CLM-0756,PRD-0756,Microwave,Samsung,MS23,SN19246258,2024-12-17,45000,Mega Electronics,12,2024-12-17,2025-12-12,2027-04-06,28,2027-03-29,Door switch failure,Door switch failure; synthetic claim scenario: duplicate claim.,Mechanical,Expired,Not Covered,Missing,Available,Available,Available,Missing,Missing,3,3,2026-07-06,Authorized Service Center A,Unauthorized,Control Board,Match,Mismatch,Yes,No,Outside Period,Yes,No,No,No,Complex,High,Duplicate claim,Invalid Claim
CLM-0757,PRD-0757,Washing Machine,Dawlance,DWT-1167,SN70254507,2024-11-24,135000,City Appliances,24,2024-11-24,2026-11-14,2027-09-10,34,2027-09-02,Water leakage,Water leakage; synthetic claim scenario: unauthorized repair.,Physical,Expired,Not Covered,Missing,Missing,Available,Missing,Missing,Available,4,3,2027-05-17,Authorized Service Center B,Authorized,None,Mismatch,Mismatch,Yes,No,Within Period,No,Yes,No,No,Normal,Medium,Unauthorized repair,Invalid Claim
CLM-0758,PRD-0758,Washing Machine,Dawlance,DWT-1167,SN56471424,2025-02-06,135000,Digital Hub,24,2025-02-06,2027-01-27,2029-07-15,54,2029-06-02,Motor issue,Motor issue; synthetic claim scenario: missing mandatory proof.,Water/Liquid,Expired,Not Covered,Missing,Available,Available,Available,Available,Missing,2,3,2029-03-05,Authorized Service Center B,Authorized,Battery,Match,Match,No,No,Within Period,Yes,No,No,No,Complex,Medium,Missing mandatory proof,Invalid Claim
CLM-0759,PRD-0759,Microwave,Samsung,MS23,SN88216040,2023-10-16,45000,City Appliances,12,2023-10-16,2024-10-10,2025-04-08,18,2025-02-08,Turntable failure,Turntable failure; synthetic claim scenario: duplicate claim.,Normal Wear,Expired,Excluded,Available,Missing,Available,Available,Available,Available,1,1,2025-01-30,Authorized Service Center A,Authorized,Screen,Mismatch,Match,Yes,Yes,Outside Period,No,Yes,No,Yes,Complex,High,Duplicate claim,Invalid Claim
CLM-0760,PRD-0760,Smartphone,Samsung,Galaxy A55,SN34973205,2024-09-19,125000,City Appliances,12,2024-09-19,2025-09-14,2026-01-12,16,2025-11-27,Speaker failure,Speaker failure; synthetic claim scenario: expired warranty.,Physical,Expired,Not Covered,Available,Available,Available,Available,Available,Available,0,3,2024-11-03,Independent Repair Shop,Unauthorized,Control Board,Mismatch,Match,Yes,No,Within Period,No,No,Yes,Yes,Normal,Medium,Expired warranty,Invalid Claim
CLM-0761,PRD-0761,Laptop,Dell,Inspiron 15,SN43681911,2024-03-29,85000,Digital Hub,12,2024-03-29,2025-03-24,2027-12-09,45,2027-12-08,Charging issue,Charging issue; synthetic claim scenario: excluded damage.,Normal Wear,Expired,Not Covered,Available,Available,Missing,Available,Available,Available,1,0,,Authorized Service Center A,Not Applicable,None,Mismatch,Mismatch,Yes,Yes,Within Period,Yes,No,No,Yes,Complex,High,Excluded damage,Invalid Claim
CLM-0762,PRD-0762,Refrigerator,Haier,HRF-758,SN59720070,2024-06-27,180000,City Appliances,24,2024-06-27,2026-06-17,2027-11-09,41,2027-10-21,Thermostat failure,Thermostat failure; synthetic claim scenario: expired warranty.,Physical,Expired,Not Covered,Available,Available,Available,Missing,Missing,Available,2,3,2027-08-31,Independent Repair Shop,Authorized,Motherboard,Mismatch,Match,No,No,Outside Period,Yes,No,No,No,Complex,Medium,Expired warranty,Invalid Claim
CLM-0763,PRD-0763,Air Conditioner,Orient,Ultron,SN59084772,2024-07-13,165000,TechWorld,18,2024-07-13,2026-01-04,2027-01-29,31,2027-01-14,Water leakage,Water leakage; synthetic claim scenario: claim outside reporting period.,Software/Firmware,Expired,Not Covered,Available,Missing,Missing,Missing,Missing,Missing,5,3,2026-05-07,Authorized Service Center B,Authorized,Battery,Mismatch,Match,No,No,Outside Period,No,No,No,No,Complex,High,Claim outside reporting period,Invalid Claim
CLM-0764,PRD-0764,Television,LG,OLED55,SN31450764,2024-08-30,210000,City Appliances,24,2024-08-30,2026-08-20,2027-10-14,38,2027-10-07,Sound failure,Sound failure; synthetic claim scenario: excluded damage.,Normal Wear,Expired,Not Covered,Missing,Missing,Available,Missing,Missing,Available,4,0,,Authorized Service Center B,Not Applicable,None,Match,Match,No,No,Outside Period,No,No,No,No,Complex,Medium,Excluded damage,Invalid Claim
CLM-0765,PRD-0765,Laptop,Dell,Inspiron 15,SN85876997,2023-12-28,85000,City Appliances,12,2023-12-28,2024-12-22,2025-05-21,17,2025-04-30,Keyboard failure,Keyboard failure; synthetic claim scenario: expired warranty.,Electrical,Expired,Excluded,Missing,Available,Available,Missing,Available,Missing,3,3,2025-04-15,Authorized Service Center B,Unauthorized,None,Match,Mismatch,No,Yes,Outside Period,Yes,No,No,No,Complex,High,Expired warranty,Invalid Claim
CLM-0766,PRD-0766,Microwave,Samsung,MS23,SN93699114,2024-01-14,45000,Digital Hub,12,2024-01-14,2025-01-08,2026-05-03,28,2026-04-19,Turntable failure,Turntable failure; synthetic claim scenario: unauthorized repair.,Electrical,Expired,Excluded,Available,Missing,Missing,Missing,Missing,Missing,5,1,2024-12-28,Authorized Service Center A,Authorized,Control Board,Mismatch,Match,Yes,No,Within Period,No,No,No,No,Normal,Medium,Unauthorized repair,Invalid Claim
CLM-0767,PRD-0767,Microwave,Samsung,MS23,SN90206794,2024-04-18,45000,Smart Mart,12,2024-04-18,2025-04-13,2026-10-05,30,2026-09-30,Turntable failure,Turntable failure; synthetic claim scenario: serial mismatch.,Electrical,Expired,Excluded,Missing,Available,Missing,Available,Missing,Available,3,3,2026-05-02,Authorized Service Center A,Unauthorized,Screen,Match,Mismatch,No,Yes,Within Period,Yes,No,No,No,Complex,High,Serial mismatch,Invalid Claim
CLM-0768,PRD-0768,Laptop,Dell,Inspiron 15,SN69611364,2025-01-23,85000,Digital Hub,12,2025-01-23,2026-01-18,2028-11-03,46,2028-09-12,Motherboard failure,Motherboard failure; synthetic claim scenario: excluded damage.,Electrical,Expired,Excluded,Available,Missing,Missing,Available,Missing,Missing,4,1,2028-07-23,Authorized Service Center B,Unauthorized,Screen,Mismatch,Mismatch,Yes,No,Within Period,No,No,No,No,Complex,High,Excluded damage,Invalid Claim
CLM-0769,PRD-0769,Microwave,Samsung,MS23,SN85915813,2023-10-10,45000,Smart Mart,12,2023-10-10,2024-10-04,2027-03-23,42,2027-03-04,Door switch failure,Door switch failure; synthetic claim scenario: excluded damage.,Electrical,Expired,Not Covered,Available,Missing,Available,Available,Available,Missing,2,3,2026-08-17,Authorized Service Center A,Authorized,Control Board,Match,Match,No,No,Within Period,No,No,No,No,Normal,Medium,Excluded damage,Invalid Claim
CLM-0770,PRD-0770,Laptop,Dell,Inspiron 15,SN65881942,2025-01-10,85000,City Appliances,12,2025-01-10,2026-01-05,2026-10-02,21,2026-08-31,Motherboard failure,Motherboard failure; synthetic claim scenario: claim outside reporting period.,Normal Wear,Expired,Not Covered,Available,Available,Available,Available,Available,Available,0,0,,Authorized Service Center B,Not Applicable,None,Match,Mismatch,Yes,No,Within Period,No,No,Yes,Yes,Complex,High,Claim outside reporting period,Invalid Claim
CLM-0771,PRD-0771,Television,LG,OLED55,SN77187230,2024-07-15,210000,Digital Hub,24,2024-07-15,2026-07-05,2027-01-01,30,2026-11-09,Power failure,Power failure; synthetic claim scenario: missing mandatory proof.,Physical,Expired,Not Covered,Missing,Available,Available,Missing,Available,Available,2,0,,Independent Repair Shop,Not Applicable,None,Mismatch,Match,Yes,No,Outside Period,No,Yes,No,No,Normal,High,Missing mandatory proof,Invalid Claim
CLM-0772,PRD-0772,Printer,HP,LaserJet M404,SN81971570,2025-02-13,72000,TechWorld,12,2025-02-13,2026-02-08,2028-03-29,38,2028-03-27,Print-head issue,Print-head issue; synthetic claim scenario: claim outside reporting period.,Normal Wear,Expired,Excluded,Missing,Available,Missing,Available,Available,Available,2,0,,Authorized Service Center A,Not Applicable,None,Mismatch,Mismatch,Yes,No,Outside Period,Yes,Yes,No,No,Complex,High,Claim outside reporting period,Invalid Claim
CLM-0773,PRD-0773,Washing Machine,Dawlance,DWT-1167,SN37592908,2023-09-30,135000,Mega Electronics,24,2023-09-30,2025-09-19,2027-09-09,48,2027-08-07,Drainage failure,Drainage failure; synthetic claim scenario: serial mismatch.,Water/Liquid,Expired,Excluded,Available,Available,Missing,Missing,Available,Missing,3,2,2027-01-21,Authorized Service Center A,Authorized,Screen,Match,Match,No,No,Outside Period,No,Yes,No,No,Normal,Medium,Serial mismatch,Invalid Claim
CLM-0774,PRD-0774,Refrigerator,Haier,HRF-758,SN74448074,2024-08-30,180000,Smart Mart,24,2024-08-30,2026-08-20,2028-04-11,44,2028-03-18,Thermostat failure,Thermostat failure; synthetic claim scenario: missing mandatory proof.,Water/Liquid,Expired,Excluded,Available,Available,Missing,Available,Available,Missing,2,0,,Authorized Service Center A,Not Applicable,None,Mismatch,Mismatch,Yes,No,Within Period,Yes,No,No,No,Complex,High,Missing mandatory proof,Invalid Claim
CLM-0775,PRD-0775,Washing Machine,Dawlance,DWT-1167,SN97728193,2025-03-25,135000,TechWorld,24,2025-03-25,2027-03-15,2028-07-07,40,2028-07-02,Control panel failure,Control panel failure; synthetic claim scenario: claim outside reporting period.,Physical,Expired,Not Covered,Available,Available,Available,Available,Missing,Available,1,2,2027-10-24,Authorized Service Center B,Unauthorized,None,Mismatch,Match,No,Yes,Outside Period,Yes,No,No,Yes,Normal,Medium,Claim outside reporting period,Invalid Claim
CLM-0776,PRD-0776,Smartphone,Samsung,Galaxy A55,SN63356772,2023-11-06,125000,City Appliances,12,2023-11-06,2024-10-31,2026-03-25,29,2026-02-23,Battery swelling,Battery swelling; synthetic claim scenario: excluded damage.,Electrical,Expired,Not Covered,Available,Available,Missing,Available,Available,Available,1,0,,Independent Repair Shop,Not Applicable,None,Mismatch,Mismatch,No,No,Outside Period,Yes,Yes,No,Yes,Normal,High,Excluded damage,Invalid Claim
CLM-0777,PRD-0777,Laptop,Dell,Inspiron 15,SN48455675,2024-05-24,85000,Digital Hub,12,2024-05-24,2025-05-19,2027-11-05,42,2027-10-09,Battery failure,Battery failure; synthetic claim scenario: unauthorized repair.,Electrical,Expired,Not Covered,Available,Available,Available,Missing,Missing,Missing,3,1,2026-08-22,Authorized Service Center B,Unauthorized,Control Board,Match,Match,Yes,No,Outside Period,No,No,No,No,Complex,High,Unauthorized repair,Invalid Claim
CLM-0778,PRD-0778,Air Conditioner,Orient,Ultron,SN28473928,2024-04-12,165000,Digital Hub,18,2024-04-12,2025-10-04,2028-04-21,49,2028-03-17,Fan failure,Fan failure; synthetic claim scenario: missing mandatory proof.,Physical,Expired,Not Covered,Missing,Missing,Available,Missing,Missing,Missing,5,1,2027-05-30,Authorized Service Center B,Authorized,Motherboard,Match,Mismatch,No,Yes,Within Period,Yes,No,No,No,Complex,High,Missing mandatory proof,Invalid Claim
CLM-0779,PRD-0779,Microwave,Samsung,MS23,SN60106447,2025-02-10,45000,Smart Mart,12,2025-02-10,2026-02-05,2027-01-01,23,2026-11-05,Door switch failure,Door switch failure; synthetic claim scenario: serial mismatch.,Software/Firmware,Expired,Not Covered,Missing,Available,Missing,Available,Available,Available,2,3,2026-10-22,Authorized Service Center B,Unauthorized,Control Board,Mismatch,Match,Yes,No,Outside Period,No,No,No,No,Complex,High,Serial mismatch,Invalid Claim
CLM-0780,PRD-0780,Printer,HP,LaserJet M404,SN12177011,2023-08-13,72000,TechWorld,12,2023-08-13,2024-08-07,2026-06-28,35,2026-05-11,Paper feed failure,Paper feed failure; synthetic claim scenario: serial mismatch.,Physical,Expired,Excluded,Available,Available,Missing,Available,Available,Available,1,0,,Authorized Service Center B,Not Applicable,None,Mismatch,Match,No,Yes,Within Period,Yes,Yes,No,Yes,Normal,High,Serial mismatch,Invalid Claim
CLM-0781,PRD-0781,Smartphone,Samsung,Galaxy A55,SN14166161,2023-08-01,125000,Digital Hub,12,2023-08-01,2024-07-26,2024-12-23,17,2024-12-18,Camera failure,Camera failure; synthetic claim scenario: excluded damage.,Normal Wear,Expired,Excluded,Missing,Available,Missing,Missing,Missing,Available,4,2,2024-06-01,Authorized Service Center B,Authorized,Motherboard,Mismatch,Mismatch,No,No,Outside Period,Yes,Yes,No,No,Complex,Medium,Excluded damage,Invalid Claim
CLM-0782,PRD-0782,Printer,HP,LaserJet M404,SN51582474,2025-02-09,72000,Smart Mart,12,2025-02-09,2026-02-04,2026-09-02,19,2026-08-05,Power failure,Power failure; synthetic claim scenario: serial mismatch.,Normal Wear,Expired,Excluded,Missing,Available,Missing,Available,Missing,Available,3,3,2026-03-27,Independent Repair Shop,Unauthorized,Motherboard,Mismatch,Match,Yes,No,Within Period,Yes,Yes,No,No,Complex,High,Serial mismatch,Invalid Claim
CLM-0783,PRD-0783,Refrigerator,Haier,HRF-758,SN67274946,2024-09-20,180000,TechWorld,24,2024-09-20,2026-09-10,2027-04-08,31,2027-04-07,Door seal failure,Door seal failure; synthetic claim scenario: unauthorized repair.,Normal Wear,Expired,Not Covered,Available,Missing,Available,Available,Missing,Missing,3,3,2026-01-23,Independent Repair Shop,Unauthorized,Battery,Match,Match,No,Yes,Within Period,Yes,Yes,No,No,Normal,Medium,Unauthorized repair,Invalid Claim
CLM-0784,PRD-0784,Smartphone,Samsung,Galaxy A55,SN59214371,2023-07-23,125000,City Appliances,12,2023-07-23,2024-07-17,2027-03-04,44,2027-02-16,Charging port failure,Charging port failure; synthetic claim scenario: unauthorized repair.,Electrical,Expired,Not Covered,Missing,Available,Missing,Available,Missing,Available,3,1,2026-08-12,Independent Repair Shop,Authorized,Control Board,Mismatch,Mismatch,Yes,Yes,Outside Period,No,Yes,No,No,Normal,Medium,Unauthorized repair,Invalid Claim
CLM-0785,PRD-0785,Air Conditioner,Orient,Ultron,SN99206598,2024-10-12,165000,Mega Electronics,18,2024-10-12,2026-04-05,2026-11-01,25,2026-10-05,Compressor issue,Compressor issue; synthetic claim scenario: serial mismatch.,Software/Firmware,Expired,Excluded,Available,Missing,Missing,Missing,Available,Available,3,0,,Authorized Service Center B,Not Applicable,None,Match,Mismatch,No,Yes,Outside Period,No,Yes,No,No,Normal,High,Serial mismatch,Invalid Claim
CLM-0786,PRD-0786,Air Conditioner,Orient,Ultron,SN42705658,2024-07-24,165000,City Appliances,18,2024-07-24,2026-01-15,2028-08-02,49,2028-07-28,Fan failure,Fan failure; synthetic claim scenario: duplicate claim.,Mechanical,Expired,Not Covered,Missing,Available,Available,Available,Available,Available,1,2,2028-04-26,Independent Repair Shop,Authorized,Battery,Mismatch,Mismatch,Yes,Yes,Outside Period,Yes,Yes,No,Yes,Complex,High,Duplicate claim,Invalid Claim
CLM-0787,PRD-0787,Microwave,Samsung,MS23,SN62966186,2024-05-04,45000,TechWorld,12,2024-05-04,2025-04-29,2026-06-23,26,2026-06-16,Door switch failure,Door switch failure; synthetic claim scenario: unauthorized repair.,Mechanical,Expired,Not Covered,Missing,Available,Available,Available,Available,Available,1,3,2025-09-04,Authorized Service Center A,Unauthorized,Screen,Mismatch,Mismatch,No,Yes,Within Period,Yes,Yes,No,Yes,Complex,High,Unauthorized repair,Invalid Claim
CLM-0788,PRD-0788,Printer,HP,LaserJet M404,SN72345086,2024-04-05,72000,Digital Hub,12,2024-04-05,2025-03-31,2026-06-24,27,2026-05-07,Power failure,Power failure; synthetic claim scenario: serial mismatch.,Physical,Expired,Not Covered,Missing,Missing,Available,Available,Missing,Missing,4,0,,Authorized Service Center B,Not Applicable,None,Mismatch,Mismatch,Yes,Yes,Outside Period,No,No,No,No,Complex,Medium,Serial mismatch,Invalid Claim
CLM-0789,PRD-0789,Air Conditioner,Orient,Ultron,SN51117283,2023-11-12,165000,Mega Electronics,18,2023-11-12,2025-05-05,2027-11-21,49,2027-10-19,Fan failure,Fan failure; synthetic claim scenario: missing mandatory proof.,Physical,Expired,Excluded,Missing,Available,Missing,Missing,Available,Missing,4,2,2027-01-23,Independent Repair Shop,Unauthorized,Control Board,Match,Mismatch,No,No,Outside Period,Yes,No,No,No,Normal,High,Missing mandatory proof,Invalid Claim
CLM-0790,PRD-0790,Printer,HP,LaserJet M404,SN75007459,2023-10-13,72000,Digital Hub,12,2023-10-13,2024-10-07,2027-01-25,40,2026-12-13,Connectivity issue,Connectivity issue; synthetic claim scenario: duplicate claim.,Water/Liquid,Expired,Not Covered,Available,Missing,Available,Missing,Missing,Available,3,3,2026-03-04,Independent Repair Shop,Unauthorized,Motherboard,Mismatch,Mismatch,Yes,Yes,Within Period,No,No,No,No,Complex,High,Duplicate claim,Invalid Claim
CLM-0791,PRD-0791,Air Conditioner,Orient,Ultron,SN52029205,2023-05-30,165000,TechWorld,18,2023-05-30,2024-11-20,2025-04-19,23,2025-04-02,Water leakage,Water leakage; synthetic claim scenario: duplicate claim.,Mechanical,Expired,Not Covered,Missing,Missing,Available,Available,Available,Missing,3,3,2024-07-31,Independent Repair Shop,Authorized,Battery,Match,Match,No,Yes,Within Period,Yes,Yes,No,No,Complex,Medium,Duplicate claim,Invalid Claim
CLM-0792,PRD-0792,Smartphone,Samsung,Galaxy A55,SN91022047,2024-01-06,125000,Smart Mart,12,2024-01-06,2024-12-31,2025-04-30,16,2025-04-27,Speaker failure,Speaker failure; synthetic claim scenario: missing mandatory proof.,Physical,Expired,Not Covered,Missing,Available,Missing,Available,Available,Missing,3,1,2025-03-11,Independent Repair Shop,Unauthorized,Control Board,Mismatch,Match,No,No,Within Period,Yes,Yes,No,No,Normal,High,Missing mandatory proof,Invalid Claim
CLM-0793,PRD-0793,Air Conditioner,Orient,Ultron,SN33292561,2025-05-10,165000,Mega Electronics,18,2025-05-10,2026-11-01,2027-08-28,28,2027-08-26,Compressor issue,Compressor issue; synthetic claim scenario: excluded damage.,Physical,Expired,Excluded,Available,Available,Missing,Available,Available,Available,1,0,,Independent Repair Shop,Not Applicable,None,Match,Mismatch,Yes,Yes,Outside Period,Yes,Yes,No,Yes,Normal,Medium,Excluded damage,Invalid Claim
CLM-0794,PRD-0794,Smartphone,Samsung,Galaxy A55,SN78123460,2023-01-04,125000,Smart Mart,12,2023-01-04,2023-12-30,2025-08-21,32,2025-07-24,Charging port failure,Charging port failure; synthetic claim scenario: excluded damage.,Software/Firmware,Expired,Excluded,Missing,Available,Available,Available,Available,Missing,2,3,2024-12-08,Authorized Service Center A,Authorized,Motherboard,Match,Match,No,Yes,Within Period,Yes,No,No,No,Complex,High,Excluded damage,Invalid Claim
CLM-0795,PRD-0795,Refrigerator,Haier,HRF-758,SN58254034,2024-01-17,180000,City Appliances,24,2024-01-17,2026-01-06,2026-06-05,29,2026-04-27,Door seal failure,Door seal failure; synthetic claim scenario: excluded damage.,Electrical,Expired,Excluded,Available,Missing,Available,Available,Missing,Missing,3,3,2025-12-17,Authorized Service Center A,Authorized,Motherboard,Mismatch,Mismatch,No,Yes,Outside Period,No,No,No,No,Normal,Medium,Excluded damage,Invalid Claim
CLM-0796,PRD-0796,Printer,HP,LaserJet M404,SN43606927,2025-01-11,72000,TechWorld,12,2025-01-11,2026-01-06,2028-04-25,40,2028-04-19,Paper feed failure,Paper feed failure; synthetic claim scenario: unauthorized repair.,Water/Liquid,Expired,Excluded,Missing,Missing,Available,Missing,Missing,Missing,5,3,2028-01-06,Authorized Service Center A,Unauthorized,Screen,Mismatch,Match,No,No,Outside Period,No,Yes,No,No,Normal,High,Unauthorized repair,Invalid Claim
CLM-0797,PRD-0797,Microwave,Samsung,MS23,SN90884211,2023-06-02,45000,TechWorld,12,2023-06-02,2024-05-27,2025-03-23,22,2025-01-27,Turntable failure,Turntable failure; synthetic claim scenario: duplicate claim.,Electrical,Expired,Excluded,Missing,Available,Available,Missing,Missing,Available,3,0,,Authorized Service Center A,Not Applicable,None,Mismatch,Match,Yes,No,Within Period,Yes,Yes,No,No,Normal,High,Duplicate claim,Invalid Claim
CLM-0798,PRD-0798,Smartphone,Samsung,Galaxy A55,SN27755795,2023-10-03,125000,Mega Electronics,12,2023-10-03,2024-09-27,2025-09-22,24,2025-08-18,Screen failure,Screen failure; synthetic claim scenario: missing mandatory proof.,Water/Liquid,Expired,Not Covered,Missing,Missing,Available,Available,Available,Available,2,0,,Authorized Service Center B,Not Applicable,None,Mismatch,Mismatch,Yes,Yes,Within Period,No,Yes,No,No,Normal,Medium,Missing mandatory proof,Invalid Claim
CLM-0799,PRD-0799,Air Conditioner,Orient,Ultron,SN43746338,2024-08-10,165000,Smart Mart,18,2024-08-10,2026-02-01,2027-07-26,36,2027-06-26,Water leakage,Water leakage; synthetic claim scenario: missing mandatory proof.,Software/Firmware,Expired,Not Covered,Missing,Available,Available,Available,Available,Available,1,0,,Authorized Service Center B,Not Applicable,None,Mismatch,Match,No,No,Within Period,Yes,No,No,Yes,Complex,Medium,Missing mandatory proof,Invalid Claim
CLM-0800,PRD-0800,Television,LG,OLED55,SN28769693,2024-05-30,210000,Digital Hub,24,2024-05-30,2026-05-20,2029-01-04,56,2028-12-26,Remote receiver failure,Remote receiver failure; synthetic claim scenario: missing mandatory proof.,Software/Firmware,Expired,Not Covered,Available,Available,Missing,Missing,Available,Missing,3,3,2028-05-27,Authorized Service Center B,Authorized,Battery,Mismatch,Mismatch,No,Yes,Outside Period,No,No,No,No,Normal,Medium,Missing mandatory proof,Invalid Claim
CLM-0801,PRD-0801,Television,LG,OLED55,SN90293939,2023-01-17,210000,Digital Hub,24,2023-01-17,2025-01-06,2027-05-26,53,2027-05-09,No display,No display; synthetic claim scenario: excluded damage.,Physical,Expired,Excluded,Missing,Missing,Missing,Missing,Available,Missing,5,1,2026-09-26,Authorized Service Center A,Unauthorized,Control Board,Mismatch,Match,No,No,Outside Period,Yes,No,No,No,Complex,Medium,Excluded damage,Invalid Claim
CLM-0802,PRD-0802,Microwave,Samsung,MS23,SN93452915,2023-02-11,45000,Digital Hub,12,2023-02-11,2024-02-06,2026-08-24,43,2026-08-19,Door switch failure,Door switch failure; synthetic claim scenario: missing mandatory proof.,Physical,Expired,Excluded,Missing,Available,Missing,Available,Available,Available,2,1,2025-07-09,Independent Repair Shop,Authorized,Screen,Mismatch,Match,Yes,No,Outside Period,Yes,No,No,No,Complex,Medium,Missing mandatory proof,Invalid Claim
CLM-0803,PRD-0803,Laptop,Dell,Inspiron 15,SN15907381,2025-03-31,85000,Digital Hub,12,2025-03-31,2026-03-26,2026-11-21,20,2026-09-25,Battery failure,Battery failure; synthetic claim scenario: serial mismatch.,Electrical,Expired,Excluded,Missing,Missing,Available,Available,Available,Missing,3,2,2025-11-18,Independent Repair Shop,Authorized,Battery,Match,Match,Yes,Yes,Outside Period,Yes,No,No,No,Complex,High,Serial mismatch,Invalid Claim
CLM-0804,PRD-0804,Refrigerator,Haier,HRF-758,SN92785273,2024-03-04,180000,Digital Hub,24,2024-03-04,2026-02-22,2027-03-19,37,2027-02-20,Door seal failure,Door seal failure; synthetic claim scenario: serial mismatch.,Software/Firmware,Expired,Not Covered,Missing,Missing,Available,Available,Available,Available,2,0,,Authorized Service Center B,Not Applicable,None,Match,Match,Yes,No,Outside Period,Yes,Yes,No,No,Normal,Medium,Serial mismatch,Invalid Claim
CLM-0805,PRD-0805,Washing Machine,Dawlance,DWT-1167,SN43385051,2024-08-13,135000,City Appliances,24,2024-08-13,2026-08-03,2029-07-18,60,2029-05-22,Motor issue,Motor issue; synthetic claim scenario: serial mismatch.,Mechanical,Expired,Excluded,Missing,Available,Missing,Available,Available,Available,2,3,2028-10-14,Authorized Service Center B,Authorized,None,Match,Mismatch,No,Yes,Within Period,Yes,Yes,No,No,Normal,High,Serial mismatch,Invalid Claim
CLM-0806,PRD-0806,Air Conditioner,Orient,Ultron,SN41632745,2024-02-27,165000,City Appliances,18,2024-02-27,2025-08-20,2027-10-09,44,2027-09-12,Fan failure,Fan failure; synthetic claim scenario: claim outside reporting period.,Software/Firmware,Expired,Excluded,Missing,Available,Available,Available,Missing,Available,2,2,2026-06-11,Authorized Service Center A,Authorized,Motherboard,Match,Mismatch,Yes,No,Within Period,No,No,No,No,Complex,High,Claim outside reporting period,Invalid Claim
CLM-0807,PRD-0807,Refrigerator,Haier,HRF-758,SN33833454,2024-02-20,180000,TechWorld,24,2024-02-20,2026-02-09,2027-06-04,40,2027-05-16,Thermostat failure,Thermostat failure; synthetic claim scenario: unauthorized repair.,Mechanical,Expired,Not Covered,Available,Missing,Available,Missing,Missing,Available,3,0,,Authorized Service Center A,Not Applicable,None,Mismatch,Match,Yes,No,Within Period,No,Yes,No,No,Normal,High,Unauthorized repair,Invalid Claim
CLM-0808,PRD-0808,Washing Machine,Dawlance,DWT-1167,SN28604725,2025-05-13,135000,TechWorld,24,2025-05-13,2027-05-03,2029-03-23,47,2029-02-08,Water leakage,Water leakage; synthetic claim scenario: duplicate claim.,Software/Firmware,Expired,Not Covered,Available,Available,Missing,Missing,Available,Available,2,0,,Authorized Service Center A,Not Applicable,None,Mismatch,Match,Yes,No,Within Period,No,No,No,No,Complex,High,Duplicate claim,Invalid Claim
CLM-0809,PRD-0809,Washing Machine,Dawlance,DWT-1167,SN29960983,2023-06-11,135000,Mega Electronics,24,2023-06-11,2025-05-31,2028-02-15,57,2028-02-08,Control panel failure,Control panel failure; synthetic claim scenario: claim outside reporting period.,Electrical,Expired,Excluded,Available,Missing,Available,Missing,Missing,Available,3,3,2026-11-28,Authorized Service Center B,Authorized,None,Match,Mismatch,No,No,Outside Period,Yes,No,No,No,Normal,High,Claim outside reporting period,Invalid Claim
CLM-0810,PRD-0810,Laptop,Dell,Inspiron 15,SN56316611,2024-08-24,85000,TechWorld,12,2024-08-24,2025-08-19,2026-06-15,22,2026-06-08,Screen flickering,Screen flickering; synthetic claim scenario: expired warranty.,Electrical,Expired,Excluded,Available,Available,Available,Missing,Missing,Missing,3,1,2025-05-14,Authorized Service Center B,Authorized,None,Match,Match,No,Yes,Within Period,No,No,No,No,Normal,Medium,Expired warranty,Invalid Claim
CLM-0811,PRD-0811,Washing Machine,Dawlance,DWT-1167,SN37146258,2024-02-03,135000,Mega Electronics,24,2024-02-03,2026-01-23,2028-09-09,56,2028-08-10,Water leakage,Water leakage; synthetic claim scenario: excluded damage.,Software/Firmware,Expired,Excluded,Missing,Missing,Available,Missing,Missing,Missing,5,1,2028-08-07,Authorized Service Center A,Authorized,None,Match,Match,No,No,Outside Period,No,Yes,No,No,Normal,Medium,Excluded damage,Invalid Claim
CLM-0812,PRD-0812,Laptop,Dell,Inspiron 15,SN12404497,2024-10-08,85000,City Appliances,12,2024-10-08,2025-10-03,2027-07-25,34,2027-06-03,Keyboard failure,Keyboard failure; synthetic claim scenario: duplicate claim.,Water/Liquid,Expired,Excluded,Missing,Available,Available,Missing,Available,Available,2,1,2027-01-06,Independent Repair Shop,Authorized,None,Match,Match,No,Yes,Within Period,Yes,No,No,No,Normal,Medium,Duplicate claim,Invalid Claim
CLM-0813,PRD-0813,Microwave,Samsung,MS23,SN67715067,2025-04-29,45000,TechWorld,12,2025-04-29,2026-04-24,2028-10-10,42,2028-08-12,Heating failure,Heating failure; synthetic claim scenario: unauthorized repair.,Electrical,Expired,Not Covered,Missing,Available,Missing,Missing,Missing,Available,4,1,2027-10-04,Independent Repair Shop,Authorized,Screen,Match,Mismatch,Yes,Yes,Outside Period,No,No,No,No,Normal,Medium,Unauthorized repair,Invalid Claim
CLM-0814,PRD-0814,Printer,HP,LaserJet M404,SN32685833,2023-01-17,72000,Digital Hub,12,2023-01-17,2024-01-12,2025-09-03,32,2025-07-15,Power failure,Power failure; synthetic claim scenario: serial mismatch.,Normal Wear,Expired,Not Covered,Missing,Available,Missing,Available,Available,Missing,3,2,2025-05-06,Independent Repair Shop,Unauthorized,Screen,Mismatch,Mismatch,Yes,No,Outside Period,Yes,Yes,No,No,Normal,High,Serial mismatch,Invalid Claim
CLM-0815,PRD-0815,Printer,HP,LaserJet M404,SN74591190,2023-06-15,72000,Smart Mart,12,2023-06-15,2024-06-09,2025-08-03,26,2025-06-17,Paper feed failure,Paper feed failure; synthetic claim scenario: unauthorized repair.,Physical,Expired,Not Covered,Missing,Available,Missing,Missing,Available,Available,3,1,2024-04-13,Authorized Service Center A,Unauthorized,None,Mismatch,Match,No,Yes,Outside Period,Yes,No,No,No,Normal,Medium,Unauthorized repair,Invalid Claim
CLM-0816,PRD-0816,Air Conditioner,Orient,Ultron,SN35520653,2025-03-18,165000,Smart Mart,18,2025-03-18,2026-09-09,2028-07-30,41,2028-07-18,Compressor issue,Compressor issue; synthetic claim scenario: expired warranty.,Normal Wear,Expired,Excluded,Available,Missing,Available,Available,Available,Available,1,1,2028-01-07,Authorized Service Center A,Unauthorized,Motherboard,Match,Mismatch,Yes,No,Within Period,Yes,Yes,No,Yes,Complex,High,Expired warranty,Invalid Claim
CLM-0817,PRD-0817,Smartphone,Samsung,Galaxy A55,SN89812369,2025-02-01,125000,Smart Mart,12,2025-02-01,2026-01-27,2028-09-13,44,2028-08-08,Battery swelling,Battery swelling; synthetic claim scenario: excluded damage.,Water/Liquid,Expired,Excluded,Missing,Missing,Missing,Available,Available,Available,3,3,2028-05-10,Authorized Service Center A,Authorized,None,Mismatch,Mismatch,No,No,Outside Period,Yes,No,No,No,Normal,High,Excluded damage,Invalid Claim
CLM-0818,PRD-0818,Television,LG,OLED55,SN58826428,2024-04-29,210000,TechWorld,24,2024-04-29,2026-04-19,2029-04-03,60,2029-02-26,Remote receiver failure,Remote receiver failure; synthetic claim scenario: unauthorized repair.,Software/Firmware,Expired,Excluded,Available,Available,Missing,Available,Missing,Missing,3,2,2029-02-13,Authorized Service Center A,Unauthorized,Screen,Match,Match,No,No,Outside Period,Yes,No,No,No,Complex,High,Unauthorized repair,Invalid Claim
CLM-0819,PRD-0819,Washing Machine,Dawlance,DWT-1167,SN83847719,2024-02-21,135000,Smart Mart,24,2024-02-21,2026-02-10,2026-04-11,26,2026-03-23,Water leakage,Water leakage; synthetic claim scenario: expired warranty.,Electrical,Expired,Excluded,Available,Available,Available,Available,Missing,Available,1,0,,Authorized Service Center B,Not Applicable,None,Match,Mismatch,Yes,Yes,Outside Period,No,Yes,No,Yes,Normal,Medium,Expired warranty,Invalid Claim
CLM-0820,PRD-0820,Washing Machine,Dawlance,DWT-1167,SN45471363,2024-07-19,135000,Mega Electronics,24,2024-07-19,2026-07-09,2028-02-29,44,2028-02-22,Drainage failure,Drainage failure; synthetic claim scenario: claim outside reporting period.,Water/Liquid,Expired,Excluded,Available,Missing,Missing,Available,Missing,Missing,4,0,,Authorized Service Center A,Not Applicable,None,Mismatch,Match,Yes,Yes,Within Period,No,No,No,No,Complex,Medium,Claim outside reporting period,Invalid Claim
CLM-0821,PRD-0821,Refrigerator,Haier,HRF-758,SN28281865,2023-03-25,180000,City Appliances,24,2023-03-25,2025-03-14,2026-02-07,35,2026-01-26,Door seal failure,Door seal failure; synthetic claim scenario: duplicate claim.,Water/Liquid,Expired,Not Covered,Available,Missing,Available,Available,Available,Available,1,3,2026-01-06,Independent Repair Shop,Authorized,Motherboard,Mismatch,Mismatch,Yes,Yes,Within Period,No,No,No,Yes,Normal,Medium,Duplicate claim,Invalid Claim
CLM-0822,PRD-0822,Washing Machine,Dawlance,DWT-1167,SN39277674,2023-10-03,135000,Digital Hub,24,2023-10-03,2025-09-22,2026-05-20,32,2026-04-04,Motor issue,Motor issue; synthetic claim scenario: excluded damage.,Electrical,Expired,Excluded,Missing,Missing,Available,Available,Missing,Available,3,2,2025-05-02,Authorized Service Center A,Unauthorized,Control Board,Mismatch,Match,Yes,Yes,Outside Period,No,Yes,No,No,Normal,Medium,Excluded damage,Invalid Claim
CLM-0823,PRD-0823,Laptop,Dell,Inspiron 15,SN57402774,2024-10-29,85000,Mega Electronics,12,2024-10-29,2025-10-24,2026-06-21,20,2026-04-28,Charging issue,Charging issue; synthetic claim scenario: excluded damage.,Normal Wear,Expired,Not Covered,Missing,Available,Missing,Available,Missing,Available,3,1,2025-05-17,Independent Repair Shop,Unauthorized,Battery,Match,Mismatch,No,No,Within Period,Yes,Yes,No,No,Normal,High,Excluded damage,Invalid Claim
CLM-0824,PRD-0824,Microwave,Samsung,MS23,SN81080683,2024-05-15,45000,TechWorld,12,2024-05-15,2025-05-10,2027-08-28,40,2027-08-24,Control panel issue,Control panel issue; synthetic claim scenario: duplicate claim.,Water/Liquid,Expired,Excluded,Available,Missing,Missing,Available,Available,Available,2,3,2026-11-03,Authorized Service Center B,Unauthorized,Motherboard,Match,Match,No,Yes,Within Period,Yes,Yes,No,No,Complex,High,Duplicate claim,Invalid Claim
CLM-0825,PRD-0825,Air Conditioner,Orient,Ultron,SN46482003,2023-11-07,165000,Smart Mart,18,2023-11-07,2025-04-30,2026-07-24,33,2026-06-25,Cooling failure,Cooling failure; synthetic claim scenario: claim outside reporting period.,Physical,Expired,Not Covered,Missing,Missing,Missing,Missing,Available,Missing,5,1,2025-11-12,Authorized Service Center A,Unauthorized,Motherboard,Mismatch,Mismatch,No,Yes,Outside Period,No,No,No,No,Complex,Medium,Claim outside reporting period,Invalid Claim
CLM-0826,PRD-0826,Laptop,Dell,Inspiron 15,SN46499378,2023-03-06,85000,Smart Mart,12,2023-03-06,2024-02-29,2024-09-26,19,2024-09-10,Keyboard failure,Keyboard failure; synthetic claim scenario: serial mismatch.,Mechanical,Expired,Excluded,Missing,Available,Available,Missing,Available,Available,2,0,,Authorized Service Center B,Not Applicable,None,Match,Mismatch,Yes,No,Outside Period,No,Yes,No,No,Complex,Medium,Serial mismatch,Invalid Claim
CLM-0827,PRD-0827,Printer,HP,LaserJet M404,SN37509178,2024-11-16,72000,City Appliances,12,2024-11-16,2025-11-11,2027-10-02,35,2027-09-25,Paper feed failure,Paper feed failure; synthetic claim scenario: missing mandatory proof.,Software/Firmware,Expired,Excluded,Missing,Available,Available,Missing,Available,Missing,3,2,2027-01-04,Authorized Service Center A,Authorized,Control Board,Match,Match,No,Yes,Outside Period,No,Yes,No,No,Normal,Medium,Missing mandatory proof,Invalid Claim
CLM-0828,PRD-0828,Smartphone,Samsung,Galaxy A55,SN90305616,2023-04-16,125000,Smart Mart,12,2023-04-16,2024-04-10,2027-03-26,48,2027-02-25,Camera failure,Camera failure; synthetic claim scenario: claim outside reporting period.,Normal Wear,Expired,Not Covered,Available,Available,Available,Missing,Available,Available,1,2,2027-02-19,Independent Repair Shop,Authorized,Battery,Mismatch,Mismatch,No,Yes,Outside Period,Yes,Yes,No,Yes,Normal,High,Claim outside reporting period,Invalid Claim
CLM-0829,PRD-0829,Laptop,Dell,Inspiron 15,SN94182224,2024-05-02,85000,Smart Mart,12,2024-05-02,2025-04-27,2026-10-19,30,2026-09-14,Battery failure,Battery failure; synthetic claim scenario: claim outside reporting period.,Electrical,Expired,Not Covered,Available,Missing,Available,Missing,Missing,Available,3,0,,Independent Repair Shop,Not Applicable,None,Mismatch,Mismatch,Yes,No,Within Period,Yes,No,No,No,Normal,High,Claim outside reporting period,Invalid Claim
CLM-0830,PRD-0830,Washing Machine,Dawlance,DWT-1167,SN31349862,2023-07-17,135000,City Appliances,24,2023-07-17,2025-07-06,2026-06-01,35,2026-05-17,Drainage failure,Drainage failure; synthetic claim scenario: excluded damage.,Software/Firmware,Expired,Not Covered,Available,Available,Available,Available,Available,Missing,1,3,2026-04-01,Independent Repair Shop,Authorized,None,Mismatch,Match,Yes,Yes,Outside Period,Yes,No,No,Yes,Complex,High,Excluded damage,Invalid Claim
CLM-0831,PRD-0831,Television,LG,OLED55,SN69737061,2024-01-19,210000,Digital Hub,24,2024-01-19,2026-01-08,2028-11-23,59,2028-11-11,Remote receiver failure,Remote receiver failure; synthetic claim scenario: expired warranty.,Physical,Expired,Excluded,Available,Available,Available,Available,Available,Available,0,3,2028-08-30,Authorized Service Center B,Unauthorized,Screen,Mismatch,Mismatch,No,No,Outside Period,No,No,Yes,Yes,Complex,High,Expired warranty,Invalid Claim
CLM-0832,PRD-0832,Refrigerator,Haier,HRF-758,SN78238437,2025-01-21,180000,Smart Mart,24,2025-01-21,2027-01-11,2027-03-12,26,2027-02-27,Cooling failure,Cooling failure; synthetic claim scenario: missing mandatory proof.,Water/Liquid,Expired,Excluded,Missing,Missing,Missing,Available,Available,Available,3,0,,Authorized Service Center A,Not Applicable,None,Mismatch,Mismatch,No,Yes,Outside Period,No,Yes,No,No,Normal,High,Missing mandatory proof,Invalid Claim
CLM-0833,PRD-0833,Smartphone,Samsung,Galaxy A55,SN20758474,2023-09-05,125000,Digital Hub,12,2023-09-05,2024-08-30,2027-08-15,48,2027-08-09,Speaker failure,Speaker failure; synthetic claim scenario: serial mismatch.,Software/Firmware,Expired,Excluded,Available,Missing,Missing,Missing,Available,Available,3,0,,Authorized Service Center B,Not Applicable,None,Match,Match,Yes,Yes,Outside Period,No,No,No,No,Normal,Medium,Serial mismatch,Invalid Claim
CLM-0834,PRD-0834,Television,LG,OLED55,SN51989214,2024-11-28,210000,City Appliances,24,2024-11-28,2026-11-18,2028-09-08,46,2028-09-06,Panel issue,Panel issue; synthetic claim scenario: duplicate claim.,Normal Wear,Expired,Not Covered,Available,Available,Available,Available,Available,Missing,1,1,2027-07-19,Independent Repair Shop,Unauthorized,None,Mismatch,Match,No,Yes,Within Period,Yes,Yes,No,Yes,Normal,High,Duplicate claim,Invalid Claim
CLM-0835,PRD-0835,Washing Machine,Dawlance,DWT-1167,SN98857117,2025-02-09,135000,Digital Hub,24,2025-02-09,2027-01-30,2028-06-23,41,2028-06-12,Drainage failure,Drainage failure; synthetic claim scenario: duplicate claim.,Mechanical,Expired,Not Covered,Available,Missing,Missing,Missing,Available,Available,3,1,2027-03-29,Authorized Service Center B,Unauthorized,Motherboard,Match,Mismatch,No,Yes,Within Period,Yes,Yes,No,No,Normal,High,Duplicate claim,Invalid Claim
CLM-0836,PRD-0836,Air Conditioner,Orient,Ultron,SN17118468,2024-10-13,165000,City Appliances,18,2024-10-13,2026-04-06,2026-10-03,24,2026-09-09,Water leakage,Water leakage; synthetic claim scenario: duplicate claim.,Mechanical,Expired,Excluded,Available,Missing,Missing,Available,Available,Missing,3,1,2025-07-22,Authorized Service Center B,Unauthorized,Battery,Match,Mismatch,Yes,No,Within Period,No,No,No,No,Normal,High,Duplicate claim,Invalid Claim
CLM-0837,PRD-0837,Printer,HP,LaserJet M404,SN79211163,2024-09-08,72000,Mega Electronics,12,2024-09-08,2025-09-03,2028-08-18,48,2028-07-19,Print-head issue,Print-head issue; synthetic claim scenario: missing mandatory proof.,Software/Firmware,Expired,Excluded,Available,Available,Available,Available,Available,Missing,1,0,,Authorized Service Center A,Not Applicable,None,Match,Mismatch,Yes,Yes,Within Period,Yes,Yes,No,Yes,Complex,Medium,Missing mandatory proof,Invalid Claim
CLM-0838,PRD-0838,Refrigerator,Haier,HRF-758,SN23971111,2024-06-25,180000,Digital Hub,24,2024-06-25,2026-06-15,2026-11-12,29,2026-10-17,Compressor issue,Compressor issue; synthetic claim scenario: claim outside reporting period.,Physical,Expired,Excluded,Available,Available,Available,Available,Missing,Missing,2,1,2026-01-19,Independent Repair Shop,Authorized,None,Match,Mismatch,Yes,Yes,Outside Period,Yes,Yes,No,No,Complex,Medium,Claim outside reporting period,Invalid Claim
CLM-0839,PRD-0839,Microwave,Samsung,MS23,SN47552461,2025-06-13,45000,Digital Hub,12,2025-06-13,2026-06-08,2028-06-27,37,2028-06-08,Control panel issue,Control panel issue; synthetic claim scenario: expired warranty.,Water/Liquid,Expired,Excluded,Available,Missing,Missing,Missing,Available,Available,3,3,2027-04-21,Authorized Service Center A,Authorized,Control Board,Match,Match,No,Yes,Outside Period,No,No,No,No,Complex,Medium,Expired warranty,Invalid Claim
CLM-0840,PRD-0840,Laptop,Dell,Inspiron 15,SN62978421,2025-03-01,85000,Mega Electronics,12,2025-03-01,2026-02-24,2026-09-22,19,2026-08-29,Battery failure,Battery failure; synthetic claim scenario: excluded damage.,Mechanical,Expired,Not Covered,Available,Missing,Missing,Available,Missing,Available,3,2,2026-08-04,Authorized Service Center B,Unauthorized,None,Match,Match,Yes,Yes,Outside Period,Yes,Yes,No,No,Complex,Medium,Excluded damage,Invalid Claim
CLM-0841,PRD-0841,Smartphone,Samsung,Galaxy A55,SN22791995,2023-04-07,125000,City Appliances,12,2023-04-07,2024-04-01,2026-09-18,42,2026-08-15,Charging port failure,Charging port failure; synthetic claim scenario: claim outside reporting period.,Water/Liquid,Expired,Excluded,Available,Available,Available,Available,Available,Available,0,3,2026-05-01,Authorized Service Center A,Authorized,Motherboard,Match,Match,Yes,No,Outside Period,No,Yes,Yes,Yes,Complex,Medium,Claim outside reporting period,Invalid Claim
CLM-0842,PRD-0842,Laptop,Dell,Inspiron 15,SN38682565,2023-01-11,85000,City Appliances,12,2023-01-11,2024-01-06,2025-03-01,26,2025-01-07,Motherboard failure,Motherboard failure; synthetic claim scenario: excluded damage.,Physical,Expired,Not Covered,Available,Available,Missing,Missing,Available,Available,2,0,,Authorized Service Center A,Not Applicable,None,Match,Mismatch,No,No,Within Period,Yes,Yes,No,No,Complex,High,Excluded damage,Invalid Claim
CLM-0843,PRD-0843,Air Conditioner,Orient,Ultron,SN70571378,2023-05-18,165000,Digital Hub,18,2023-05-18,2024-11-08,2025-04-07,23,2025-03-18,Compressor issue,Compressor issue; synthetic claim scenario: expired warranty.,Physical,Expired,Not Covered,Available,Missing,Available,Missing,Available,Available,2,3,2024-06-10,Authorized Service Center B,Authorized,Screen,Mismatch,Match,No,Yes,Outside Period,No,Yes,No,No,Normal,High,Expired warranty,Invalid Claim
CLM-0844,PRD-0844,Printer,HP,LaserJet M404,SN17433978,2023-03-20,72000,Smart Mart,12,2023-03-20,2024-03-14,2025-08-06,29,2025-06-07,Print-head issue,Print-head issue; synthetic claim scenario: expired warranty.,Mechanical,Expired,Not Covered,Missing,Available,Missing,Available,Missing,Available,3,2,2025-03-08,Authorized Service Center B,Authorized,Screen,Match,Mismatch,Yes,Yes,Outside Period,No,No,No,No,Normal,High,Expired warranty,Invalid Claim
CLM-0845,PRD-0845,Printer,HP,LaserJet M404,SN94071070,2024-02-12,72000,City Appliances,12,2024-02-12,2025-02-06,2025-08-05,18,2025-06-13,Connectivity issue,Connectivity issue; synthetic claim scenario: serial mismatch.,Software/Firmware,Expired,Not Covered,Missing,Available,Missing,Available,Missing,Available,3,0,,Authorized Service Center A,Not Applicable,None,Mismatch,Mismatch,No,No,Outside Period,Yes,Yes,No,No,Complex,High,Serial mismatch,Invalid Claim
CLM-0846,PRD-0846,Television,LG,OLED55,SN26661403,2024-09-28,210000,TechWorld,24,2024-09-28,2026-09-18,2029-07-04,58,2029-05-11,Remote receiver failure,Remote receiver failure; synthetic claim scenario: excluded damage.,Electrical,Expired,Excluded,Missing,Available,Available,Available,Missing,Available,2,3,2028-05-01,Authorized Service Center A,Authorized,Screen,Match,Match,No,Yes,Within Period,No,Yes,No,No,Normal,Medium,Excluded damage,Invalid Claim
CLM-0847,PRD-0847,Microwave,Samsung,MS23,SN95466762,2024-12-08,45000,Smart Mart,12,2024-12-08,2025-12-03,2026-02-01,14,2025-12-24,Control panel issue,Control panel issue; synthetic claim scenario: claim outside reporting period.,Mechanical,Expired,Not Covered,Missing,Available,Missing,Missing,Available,Available,3,3,2025-08-25,Independent Repair Shop,Unauthorized,Battery,Match,Mismatch,No,No,Within Period,No,No,No,No,Normal,Medium,Claim outside reporting period,Invalid Claim
CLM-0848,PRD-0848,Air Conditioner,Orient,Ultron,SN14096369,2024-08-01,165000,City Appliances,18,2024-08-01,2026-01-23,2027-08-16,37,2027-08-14,Water leakage,Water leakage; synthetic claim scenario: expired warranty.,Mechanical,Expired,Excluded,Available,Available,Available,Available,Available,Available,0,2,2026-06-13,Authorized Service Center A,Authorized,Battery,Match,Match,No,Yes,Within Period,No,No,Yes,Yes,Normal,Medium,Expired warranty,Invalid Claim
CLM-0849,PRD-0849,Washing Machine,Dawlance,DWT-1167,SN68270032,2024-07-29,135000,Digital Hub,24,2024-07-29,2026-07-19,2027-10-12,39,2027-09-08,Motor issue,Motor issue; synthetic claim scenario: claim outside reporting period.,Electrical,Expired,Not Covered,Missing,Missing,Available,Available,Available,Missing,3,0,,Authorized Service Center B,Not Applicable,None,Match,Match,Yes,No,Within Period,No,Yes,No,No,Complex,Medium,Claim outside reporting period,Invalid Claim
CLM-0850,PRD-0850,Printer,HP,LaserJet M404,SN94025838,2024-08-09,72000,TechWorld,12,2024-08-09,2025-08-04,2027-06-25,35,2027-05-29,Power failure,Power failure; synthetic claim scenario: unauthorized repair.,Electrical,Expired,Not Covered,Available,Available,Missing,Missing,Available,Available,2,1,2026-04-08,Independent Repair Shop,Authorized,Battery,Match,Match,No,Yes,Within Period,Yes,Yes,No,No,Normal,Medium,Unauthorized repair,Invalid Claim
CLM-0851,PRD-0851,Microwave,Samsung,MS23,SN53136609,2025-02-09,45000,TechWorld,12,2025-02-09,2026-02-04,2026-03-06,13,2026-03-05,Heating failure,Heating failure; synthetic claim scenario: excluded damage.,Software/Firmware,Expired,Excluded,Missing,Missing,Available,Available,Available,Missing,3,1,2025-12-28,Authorized Service Center A,Unauthorized,Motherboard,Match,Match,Yes,Yes,Within Period,No,No,No,No,Normal,Medium,Excluded damage,Invalid Claim
CLM-0852,PRD-0852,Television,LG,OLED55,SN90035643,2025-06-02,210000,Mega Electronics,24,2025-06-02,2027-05-23,2030-03-08,58,2030-02-23,Power failure,Power failure; synthetic claim scenario: claim outside reporting period.,Physical,Expired,Excluded,Missing,Available,Available,Missing,Available,Missing,3,2,2030-01-29,Authorized Service Center B,Authorized,None,Match,Mismatch,No,Yes,Outside Period,Yes,Yes,No,No,Complex,Medium,Claim outside reporting period,Invalid Claim
CLM-0853,PRD-0853,Smartphone,Samsung,Galaxy A55,SN32984583,2025-02-02,125000,Mega Electronics,12,2025-02-02,2026-01-28,2028-09-14,44,2028-07-29,Camera failure,Camera failure; synthetic claim scenario: missing mandatory proof.,Physical,Expired,Excluded,Missing,Available,Available,Available,Missing,Available,2,3,2027-11-21,Independent Repair Shop,Authorized,Motherboard,Mismatch,Match,Yes,Yes,Within Period,No,Yes,No,No,Normal,Medium,Missing mandatory proof,Invalid Claim
CLM-0854,PRD-0854,Smartphone,Samsung,Galaxy A55,SN70061004,2024-04-23,125000,TechWorld,12,2024-04-23,2025-04-18,2025-10-15,18,2025-09-15,Screen failure,Screen failure; synthetic claim scenario: serial mismatch.,Normal Wear,Expired,Not Covered,Available,Available,Available,Available,Available,Available,0,3,2025-07-20,Authorized Service Center A,Authorized,Control Board,Mismatch,Mismatch,Yes,No,Within Period,Yes,No,Yes,Yes,Normal,High,Serial mismatch,Invalid Claim
CLM-0855,PRD-0855,Washing Machine,Dawlance,DWT-1167,SN81696670,2023-11-11,135000,TechWorld,24,2023-11-11,2025-10-31,2026-02-28,28,2026-01-12,Control panel failure,Control panel failure; synthetic claim scenario: duplicate claim.,Mechanical,Expired,Not Covered,Missing,Available,Available,Missing,Missing,Available,3,0,,Authorized Service Center B,Not Applicable,None,Match,Mismatch,Yes,Yes,Within Period,No,No,No,No,Normal,Medium,Duplicate claim,Invalid Claim
CLM-0856,PRD-0856,Microwave,Samsung,MS23,SN25433087,2025-01-28,45000,Smart Mart,12,2025-01-28,2026-01-23,2028-09-09,44,2028-07-28,Turntable failure,Turntable failure; synthetic claim scenario: missing mandatory proof.,Mechanical,Expired,Not Covered,Available,Available,Available,Available,Available,Missing,1,1,2028-06-19,Independent Repair Shop,Unauthorized,Control Board,Match,Mismatch,Yes,No,Within Period,Yes,Yes,No,Yes,Complex,High,Missing mandatory proof,Invalid Claim
CLM-0857,PRD-0857,Air Conditioner,Orient,Ultron,SN98437475,2024-02-23,165000,Mega Electronics,18,2024-02-23,2025-08-16,2027-06-07,40,2027-05-23,Cooling failure,Cooling failure; synthetic claim scenario: expired warranty.,Mechanical,Expired,Excluded,Available,Missing,Missing,Missing,Available,Missing,4,3,2026-05-15,Authorized Service Center A,Authorized,Battery,Match,Match,No,Yes,Outside Period,Yes,Yes,No,No,Complex,High,Expired warranty,Invalid Claim
CLM-0858,PRD-0858,Air Conditioner,Orient,Ultron,SN93676297,2023-12-02,165000,Smart Mart,18,2023-12-02,2025-05-25,2026-04-20,29,2026-04-14,Water leakage,Water leakage; synthetic claim scenario: claim outside reporting period.,Water/Liquid,Expired,Excluded,Missing,Available,Missing,Missing,Available,Missing,4,3,2025-06-03,Authorized Service Center A,Unauthorized,Screen,Mismatch,Match,Yes,No,Within Period,Yes,Yes,No,No,Complex,High,Claim outside reporting period,Invalid Claim
CLM-0859,PRD-0859,Laptop,Dell,Inspiron 15,SN34030650,2023-06-12,85000,Mega Electronics,12,2023-06-12,2024-06-06,2024-09-04,15,2024-07-11,Keyboard failure,Keyboard failure; synthetic claim scenario: excluded damage.,Water/Liquid,Expired,Excluded,Available,Available,Missing,Missing,Missing,Available,3,2,2023-05-12,Independent Repair Shop,Authorized,Motherboard,Mismatch,Match,No,No,Within Period,Yes,Yes,No,No,Complex,High,Excluded damage,Invalid Claim
CLM-0860,PRD-0860,Microwave,Samsung,MS23,SN96343023,2024-02-04,45000,Smart Mart,12,2024-02-04,2025-01-29,2026-02-23,25,2026-01-19,Heating failure,Heating failure; synthetic claim scenario: unauthorized repair.,Physical,Expired,Not Covered,Available,Missing,Missing,Missing,Available,Available,3,3,2025-05-16,Independent Repair Shop,Authorized,Control Board,Match,Match,No,No,Outside Period,No,No,No,No,Normal,Medium,Unauthorized repair,Invalid Claim
CLM-0861,PRD-0861,Laptop,Dell,Inspiron 15,SN43716263,2024-02-13,85000,Mega Electronics,12,2024-02-13,2025-02-07,2026-02-02,24,2025-12-20,Keyboard failure,Keyboard failure; synthetic claim scenario: claim outside reporting period.,Water/Liquid,Expired,Not Covered,Missing,Available,Missing,Available,Missing,Missing,4,3,2024-12-27,Independent Repair Shop,Authorized,Motherboard,Match,Match,Yes,Yes,Outside Period,Yes,Yes,No,No,Complex,Medium,Claim outside reporting period,Invalid Claim
CLM-0862,PRD-0862,Microwave,Samsung,MS23,SN56083747,2024-08-30,45000,City Appliances,12,2024-08-30,2025-08-25,2026-09-19,25,2026-09-10,Turntable failure,Turntable failure; synthetic claim scenario: unauthorized repair.,Mechanical,Expired,Excluded,Missing,Available,Available,Available,Missing,Missing,3,1,2025-06-03,Authorized Service Center A,Unauthorized,Control Board,Match,Mismatch,Yes,No,Outside Period,Yes,Yes,No,No,Complex,Medium,Unauthorized repair,Invalid Claim
CLM-0863,PRD-0863,Television,LG,OLED55,SN36059652,2024-02-18,210000,Digital Hub,24,2024-02-18,2026-02-07,2027-05-03,39,2027-03-08,No display,No display; synthetic claim scenario: serial mismatch.,Normal Wear,Expired,Not Covered,Missing,Missing,Available,Available,Available,Missing,3,2,2026-09-28,Authorized Service Center A,Authorized,Control Board,Match,Mismatch,No,Yes,Within Period,Yes,No,No,No,Complex,High,Serial mismatch,Invalid Claim
CLM-0864,PRD-0864,Smartphone,Samsung,Galaxy A55,SN24431443,2025-06-17,125000,Digital Hub,12,2025-06-17,2026-06-12,2029-02-26,45,2029-01-04,Charging port failure,Charging port failure; synthetic claim scenario: claim outside reporting period.,Physical,Expired,Not Covered,Available,Missing,Missing,Available,Available,Available,2,2,2028-04-05,Authorized Service Center A,Authorized,Battery,Mismatch,Match,No,Yes,Within Period,Yes,Yes,No,No,Complex,Medium,Claim outside reporting period,Invalid Claim
CLM-0865,PRD-0865,Smartphone,Samsung,Galaxy A55,SN81029647,2023-08-10,125000,TechWorld,12,2023-08-10,2024-08-04,2025-07-30,24,2025-07-06,Speaker failure,Speaker failure; synthetic claim scenario: claim outside reporting period.,Normal Wear,Expired,Not Covered,Missing,Missing,Available,Available,Missing,Missing,4,2,2025-06-07,Authorized Service Center A,Authorized,Control Board,Mismatch,Match,No,Yes,Outside Period,Yes,Yes,No,No,Complex,Medium,Claim outside reporting period,Invalid Claim
CLM-0866,PRD-0866,Microwave,Samsung,MS23,SN28551448,2024-07-28,45000,City Appliances,12,2024-07-28,2025-07-23,2026-04-19,21,2026-03-01,Turntable failure,Turntable failure; synthetic claim scenario: expired warranty.,Normal Wear,Expired,Excluded,Available,Missing,Missing,Available,Available,Missing,3,3,2025-12-27,Authorized Service Center A,Authorized,Screen,Match,Mismatch,Yes,No,Within Period,Yes,No,No,No,Complex,Medium,Expired warranty,Invalid Claim
CLM-0867,PRD-0867,Air Conditioner,Orient,Ultron,SN95787279,2025-01-28,165000,Mega Electronics,18,2025-01-28,2026-07-22,2028-01-13,36,2027-12-09,Fan failure,Fan failure; synthetic claim scenario: claim outside reporting period.,Water/Liquid,Expired,Excluded,Missing,Missing,Missing,Missing,Available,Available,4,2,2027-02-03,Authorized Service Center A,Unauthorized,Battery,Match,Mismatch,Yes,Yes,Outside Period,No,Yes,No,No,Normal,Medium,Claim outside reporting period,Invalid Claim
CLM-0868,PRD-0868,Smartphone,Samsung,Galaxy A55,SN77053091,2023-08-31,125000,Mega Electronics,12,2023-08-31,2024-08-25,2025-04-22,20,2025-03-01,Screen failure,Screen failure; synthetic claim scenario: excluded damage.,Software/Firmware,Expired,Excluded,Missing,Available,Available,Available,Missing,Missing,3,3,2025-03-06,Independent Repair Shop,Unauthorized,Motherboard,Match,Match,Yes,No,Within Period,Yes,No,No,No,Complex,Medium,Excluded damage,Invalid Claim
CLM-0869,PRD-0869,Microwave,Samsung,MS23,SN94142699,2025-01-06,45000,Digital Hub,12,2025-01-06,2026-01-01,2028-03-21,39,2028-03-11,Heating failure,Heating failure; synthetic claim scenario: duplicate claim.,Water/Liquid,Expired,Not Covered,Available,Missing,Available,Missing,Missing,Available,3,0,,Independent Repair Shop,Not Applicable,None,Mismatch,Match,Yes,Yes,Outside Period,No,Yes,No,No,Normal,High,Duplicate claim,Invalid Claim
CLM-0870,PRD-0870,Smartphone,Samsung,Galaxy A55,SN44942332,2023-03-02,125000,Digital Hub,12,2023-03-02,2024-02-25,2024-03-26,13,2024-01-29,Camera failure,Camera failure; synthetic claim scenario: unauthorized repair.,Water/Liquid,Expired,Not Covered,Available,Missing,Missing,Missing,Available,Available,3,3,2023-09-02,Authorized Service Center A,Unauthorized,Screen,Match,Mismatch,Yes,No,Outside Period,No,No,No,No,Complex,Medium,Unauthorized repair,Invalid Claim
CLM-0871,PRD-0871,Microwave,Samsung,MS23,SN69444804,2023-05-19,45000,Mega Electronics,12,2023-05-19,2024-05-13,2025-03-09,22,2025-01-12,Turntable failure,Turntable failure; synthetic claim scenario: unauthorized repair.,Water/Liquid,Expired,Not Covered,Missing,Available,Available,Missing,Missing,Available,3,0,,Authorized Service Center B,Not Applicable,None,Mismatch,Match,No,Yes,Within Period,No,Yes,No,No,Complex,High,Unauthorized repair,Invalid Claim
CLM-0872,PRD-0872,Television,LG,OLED55,SN84617558,2025-05-07,210000,Digital Hub,24,2025-05-07,2027-04-27,2029-01-16,45,2029-01-04,Panel issue,Panel issue; synthetic claim scenario: expired warranty.,Physical,Expired,Not Covered,Available,Available,Missing,Available,Available,Missing,2,2,2028-01-16,Independent Repair Shop,Unauthorized,Motherboard,Match,Match,Yes,Yes,Outside Period,Yes,No,No,No,Normal,High,Expired warranty,Invalid Claim
CLM-0873,PRD-0873,Smartphone,Samsung,Galaxy A55,SN17440698,2024-05-15,125000,Digital Hub,12,2024-05-15,2025-05-10,2027-10-27,42,2027-09-09,Screen failure,Screen failure; synthetic claim scenario: claim outside reporting period.,Mechanical,Expired,Excluded,Available,Available,Missing,Missing,Available,Available,2,2,2027-05-17,Authorized Service Center B,Authorized,Control Board,Mismatch,Match,No,No,Outside Period,No,Yes,No,No,Complex,High,Claim outside reporting period,Invalid Claim
CLM-0874,PRD-0874,Microwave,Samsung,MS23,SN91413784,2025-02-16,45000,City Appliances,12,2025-02-16,2026-02-11,2028-09-28,44,2028-08-12,Control panel issue,Control panel issue; synthetic claim scenario: serial mismatch.,Water/Liquid,Expired,Not Covered,Available,Missing,Missing,Available,Available,Available,2,1,2028-08-15,Independent Repair Shop,Unauthorized,Control Board,Mismatch,Mismatch,No,Yes,Outside Period,No,Yes,No,No,Normal,Medium,Serial mismatch,Invalid Claim
CLM-0875,PRD-0875,Microwave,Samsung,MS23,SN86573377,2023-12-24,45000,TechWorld,12,2023-12-24,2024-12-18,2026-02-11,26,2025-12-28,Turntable failure,Turntable failure; synthetic claim scenario: claim outside reporting period.,Electrical,Expired,Excluded,Missing,Available,Available,Missing,Available,Available,2,1,2026-01-04,Authorized Service Center B,Authorized,Battery,Mismatch,Mismatch,Yes,No,Outside Period,Yes,Yes,No,No,Complex,High,Claim outside reporting period,Invalid Claim
CLM-0876,PRD-0876,Television,LG,OLED55,SN63394430,2025-03-08,210000,TechWorld,24,2025-03-08,2027-02-26,2029-01-16,47,2028-12-04,Power failure,Power failure; synthetic claim scenario: claim outside reporting period.,Normal Wear,Expired,Not Covered,Available,Missing,Available,Missing,Missing,Available,3,0,,Independent Repair Shop,Not Applicable,None,Mismatch,Match,No,No,Outside Period,No,No,No,No,Normal,High,Claim outside reporting period,Invalid Claim
CLM-0877,PRD-0877,Television,LG,OLED55,SN92880515,2025-01-19,210000,TechWorld,24,2025-01-19,2027-01-09,2027-09-06,32,2027-08-23,No display,No display; synthetic claim scenario: excluded damage.,Software/Firmware,Expired,Not Covered,Available,Missing,Missing,Missing,Available,Available,3,0,,Independent Repair Shop,Not Applicable,None,Mismatch,Match,Yes,No,Within Period,No,Yes,No,No,Normal,High,Excluded damage,Invalid Claim
CLM-0878,PRD-0878,Television,LG,OLED55,SN48178291,2025-01-10,210000,TechWorld,24,2025-01-10,2026-12-31,2029-10-16,58,2029-08-28,No display,No display; synthetic claim scenario: duplicate claim.,Water/Liquid,Expired,Excluded,Available,Available,Available,Available,Missing,Available,1,3,2029-03-06,Authorized Service Center B,Unauthorized,Motherboard,Mismatch,Match,No,No,Outside Period,No,No,No,Yes,Normal,High,Duplicate claim,Invalid Claim
CLM-0879,PRD-0879,Television,LG,OLED55,SN70899191,2023-12-12,210000,TechWorld,24,2023-12-12,2025-12-01,2025-12-31,25,2025-11-24,Power failure,Power failure; synthetic claim scenario: missing mandatory proof.,Mechanical,Expired,Excluded,Available,Available,Missing,Missing,Available,Available,2,1,2024-12-08,Authorized Service Center B,Authorized,Screen,Match,Match,Yes,Yes,Within Period,No,No,No,No,Normal,High,Missing mandatory proof,Invalid Claim
CLM-0880,PRD-0880,Refrigerator,Haier,HRF-758,SN40978363,2024-03-10,180000,Smart Mart,24,2024-03-10,2026-02-28,2029-02-12,60,2029-01-22,Thermostat failure,Thermostat failure; synthetic claim scenario: duplicate claim.,Software/Firmware,Expired,Excluded,Missing,Missing,Available,Available,Available,Missing,3,0,,Independent Repair Shop,Not Applicable,None,Mismatch,Match,Yes,No,Outside Period,Yes,Yes,No,No,Complex,High,Duplicate claim,Invalid Claim
CLM-0881,PRD-0881,Washing Machine,Dawlance,DWT-1167,SN26736237,2023-03-03,135000,TechWorld,24,2023-03-03,2025-02-20,2025-06-20,28,2025-05-22,Drainage failure,Drainage failure; synthetic claim scenario: excluded damage.,Water/Liquid,Expired,Not Covered,Missing,Missing,Available,Missing,Available,Available,3,1,2024-03-07,Authorized Service Center B,Unauthorized,Screen,Match,Mismatch,No,Yes,Outside Period,No,No,No,No,Normal,High,Excluded damage,Invalid Claim
CLM-0882,PRD-0882,Printer,HP,LaserJet M404,SN84482974,2024-05-23,72000,TechWorld,12,2024-05-23,2025-05-18,2027-10-05,41,2027-09-11,Paper feed failure,Paper feed failure; synthetic claim scenario: serial mismatch.,Electrical,Expired,Excluded,Missing,Available,Missing,Missing,Missing,Missing,5,2,2027-01-31,Authorized Service Center A,Unauthorized,Control Board,Match,Mismatch,Yes,Yes,Within Period,Yes,No,No,No,Normal,High,Serial mismatch,Invalid Claim
CLM-0883,PRD-0883,Smartphone,Samsung,Galaxy A55,SN72203922,2023-02-09,125000,TechWorld,12,2023-02-09,2024-02-04,2024-04-04,14,2024-02-12,Battery swelling,Battery swelling; synthetic claim scenario: excluded damage.,Mechanical,Expired,Excluded,Available,Available,Missing,Missing,Missing,Available,3,3,2023-12-14,Authorized Service Center B,Unauthorized,Control Board,Mismatch,Match,No,No,Outside Period,No,Yes,No,No,Normal,Medium,Excluded damage,Invalid Claim
CLM-0884,PRD-0884,Laptop,Dell,Inspiron 15,SN56833070,2024-02-23,85000,Smart Mart,12,2024-02-23,2025-02-17,2025-09-15,19,2025-08-30,Screen flickering,Screen flickering; synthetic claim scenario: unauthorized repair.,Water/Liquid,Expired,Not Covered,Missing,Available,Missing,Available,Available,Missing,3,2,2024-11-18,Authorized Service Center B,Authorized,Screen,Match,Match,No,Yes,Outside Period,No,Yes,No,No,Normal,Medium,Unauthorized repair,Invalid Claim
CLM-0885,PRD-0885,Microwave,Samsung,MS23,SN80412756,2024-03-12,45000,Mega Electronics,12,2024-03-12,2025-03-07,2027-06-25,40,2027-05-17,Heating failure,Heating failure; synthetic claim scenario: claim outside reporting period.,Mechanical,Expired,Excluded,Missing,Available,Available,Available,Available,Missing,2,1,2026-06-17,Authorized Service Center A,Authorized,Motherboard,Mismatch,Mismatch,No,No,Within Period,Yes,Yes,No,No,Normal,Medium,Claim outside reporting period,Invalid Claim
CLM-0886,PRD-0886,Laptop,Dell,Inspiron 15,SN84092834,2023-02-02,85000,TechWorld,12,2023-02-02,2024-01-28,2025-07-21,30,2025-06-25,Motherboard failure,Motherboard failure; synthetic claim scenario: expired warranty.,Normal Wear,Expired,Excluded,Missing,Available,Missing,Missing,Available,Available,3,0,,Authorized Service Center A,Not Applicable,None,Match,Mismatch,No,Yes,Within Period,No,Yes,No,No,Complex,High,Expired warranty,Invalid Claim
CLM-0887,PRD-0887,Washing Machine,Dawlance,DWT-1167,SN65148347,2024-08-10,135000,City Appliances,24,2024-08-10,2026-07-31,2028-04-21,45,2028-04-05,Drainage failure,Drainage failure; synthetic claim scenario: expired warranty.,Electrical,Expired,Not Covered,Missing,Available,Available,Missing,Available,Missing,3,3,2026-12-11,Authorized Service Center B,Authorized,Battery,Mismatch,Match,Yes,No,Within Period,No,No,No,No,Complex,Medium,Expired warranty,Invalid Claim
CLM-0888,PRD-0888,Refrigerator,Haier,HRF-758,SN72715713,2024-05-11,180000,TechWorld,24,2024-05-11,2026-05-01,2026-08-29,28,2026-07-28,Compressor issue,Compressor issue; synthetic claim scenario: duplicate claim.,Water/Liquid,Expired,Excluded,Missing,Available,Available,Available,Missing,Missing,3,1,2026-04-14,Independent Repair Shop,Authorized,Motherboard,Mismatch,Mismatch,Yes,Yes,Within Period,No,No,No,No,Normal,High,Duplicate claim,Invalid Claim
CLM-0889,PRD-0889,Television,LG,OLED55,SN28554345,2023-04-19,210000,Mega Electronics,24,2023-04-19,2025-04-08,2027-06-27,51,2027-06-23,Remote receiver failure,Remote receiver failure; synthetic claim scenario: expired warranty.,Electrical,Expired,Not Covered,Available,Missing,Available,Available,Available,Missing,2,3,2026-02-21,Authorized Service Center A,Unauthorized,Motherboard,Mismatch,Mismatch,Yes,No,Outside Period,No,No,No,No,Complex,Medium,Expired warranty,Invalid Claim
CLM-0890,PRD-0890,Air Conditioner,Orient,Ultron,SN22281419,2024-06-18,165000,TechWorld,18,2024-06-18,2025-12-10,2027-03-05,33,2027-01-27,Water leakage,Water leakage; synthetic claim scenario: serial mismatch.,Mechanical,Expired,Excluded,Missing,Missing,Available,Available,Available,Available,2,2,2026-05-03,Authorized Service Center A,Authorized,Control Board,Match,Mismatch,No,Yes,Outside Period,No,No,No,No,Normal,Medium,Serial mismatch,Invalid Claim
CLM-0891,PRD-0891,Microwave,Samsung,MS23,SN84067785,2024-11-21,45000,Mega Electronics,12,2024-11-21,2025-11-16,2027-05-10,30,2027-03-20,Control panel issue,Control panel issue; synthetic claim scenario: missing mandatory proof.,Mechanical,Expired,Not Covered,Missing,Available,Missing,Missing,Missing,Available,4,2,2027-03-19,Independent Repair Shop,Authorized,Motherboard,Mismatch,Match,No,Yes,Within Period,No,No,No,No,Complex,High,Missing mandatory proof,Invalid Claim
CLM-0892,PRD-0892,Washing Machine,Dawlance,DWT-1167,SN78679294,2024-11-21,135000,Digital Hub,24,2024-11-21,2026-11-11,2029-10-26,60,2029-09-20,Control panel failure,Control panel failure; synthetic claim scenario: missing mandatory proof.,Mechanical,Expired,Not Covered,Missing,Missing,Missing,Available,Missing,Missing,5,1,2029-04-30,Independent Repair Shop,Unauthorized,None,Match,Mismatch,No,No,Outside Period,Yes,No,No,No,Normal,Medium,Missing mandatory proof,Invalid Claim
CLM-0893,PRD-0893,Microwave,Samsung,MS23,SN74360568,2023-01-12,45000,Mega Electronics,12,2023-01-12,2024-01-07,2026-12-22,48,2026-11-30,Control panel issue,Control panel issue; synthetic claim scenario: excluded damage.,Water/Liquid,Expired,Not Covered,Missing,Available,Available,Missing,Available,Missing,3,2,2026-02-18,Independent Repair Shop,Unauthorized,Motherboard,Mismatch,Match,No,No,Outside Period,No,No,No,No,Normal,Medium,Excluded damage,Invalid Claim
CLM-0894,PRD-0894,Smartphone,Samsung,Galaxy A55,SN53113090,2024-03-11,125000,Smart Mart,12,2024-03-11,2025-03-06,2025-08-03,17,2025-07-28,Camera failure,Camera failure; synthetic claim scenario: expired warranty.,Water/Liquid,Expired,Excluded,Available,Available,Available,Available,Missing,Available,1,1,2024-07-04,Authorized Service Center B,Unauthorized,None,Mismatch,Match,No,No,Outside Period,Yes,Yes,No,Yes,Normal,High,Expired warranty,Invalid Claim
CLM-0895,PRD-0895,Printer,HP,LaserJet M404,SN18479821,2023-12-07,72000,City Appliances,12,2023-12-07,2024-12-01,2025-01-30,14,2024-12-02,Connectivity issue,Connectivity issue; synthetic claim scenario: missing mandatory proof.,Normal Wear,Expired,Not Covered,Missing,Missing,Missing,Missing,Available,Missing,5,0,,Independent Repair Shop,Not Applicable,None,Mismatch,Mismatch,No,Yes,Outside Period,Yes,No,No,No,Normal,Medium,Missing mandatory proof,Invalid Claim
CLM-0896,PRD-0896,Microwave,Samsung,MS23,SN88083792,2025-02-04,45000,City Appliances,12,2025-02-04,2026-01-30,2028-11-15,46,2028-11-06,Turntable failure,Turntable failure; synthetic claim scenario: expired warranty.,Normal Wear,Expired,Excluded,Available,Available,Missing,Missing,Available,Available,2,2,2028-09-06,Authorized Service Center B,Authorized,Control Board,Match,Match,Yes,No,Outside Period,Yes,No,No,No,Complex,Medium,Expired warranty,Invalid Claim
CLM-0897,PRD-0897,Microwave,Samsung,MS23,SN19446734,2023-11-16,45000,City Appliances,12,2023-11-16,2024-11-10,2026-11-30,37,2026-10-24,Heating failure,Heating failure; synthetic claim scenario: serial mismatch.,Electrical,Expired,Excluded,Available,Missing,Missing,Missing,Missing,Available,4,0,,Authorized Service Center A,Not Applicable,None,Mismatch,Match,Yes,No,Within Period,No,No,No,No,Normal,Medium,Serial mismatch,Invalid Claim
CLM-0898,PRD-0898,Printer,HP,LaserJet M404,SN28238410,2024-11-30,72000,Digital Hub,12,2024-11-30,2025-11-25,2026-03-25,16,2026-03-10,Power failure,Power failure; synthetic claim scenario: claim outside reporting period.,Water/Liquid,Expired,Excluded,Available,Missing,Missing,Available,Missing,Available,3,0,,Independent Repair Shop,Not Applicable,None,Match,Mismatch,No,Yes,Within Period,Yes,Yes,No,No,Normal,High,Claim outside reporting period,Invalid Claim
CLM-0899,PRD-0899,Washing Machine,Dawlance,DWT-1167,SN55622852,2023-07-03,135000,Smart Mart,24,2023-07-03,2025-06-22,2027-01-13,43,2026-11-15,Control panel failure,Control panel failure; synthetic claim scenario: expired warranty.,Electrical,Expired,Excluded,Missing,Missing,Missing,Missing,Missing,Missing,6,0,,Authorized Service Center B,Not Applicable,None,Match,Mismatch,Yes,Yes,Within Period,Yes,No,No,No,Complex,Medium,Expired warranty,Invalid Claim
CLM-0900,PRD-0900,Microwave,Samsung,MS23,SN17207367,2025-03-12,45000,TechWorld,12,2025-03-12,2026-03-07,2027-11-27,33,2027-11-12,Turntable failure,Turntable failure; synthetic claim scenario: duplicate claim.,Normal Wear,Expired,Not Covered,Available,Missing,Available,Available,Missing,Missing,3,3,2026-08-06,Authorized Service Center B,Unauthorized,Motherboard,Mismatch,Mismatch,No,No,Outside Period,No,No,No,No,Complex,Medium,Duplicate claim,Invalid Claim
CLM-0901,PRD-0901,Television,LG,OLED55,SN77559901,2025-05-26,210000,Digital Hub,24,2025-05-26,2027-05-16,2028-01-11,32,2027-12-30,Panel issue,Panel issue; synthetic claim scenario: excluded damage.,Water/Liquid,Expired,Not Covered,Missing,Available,Missing,Missing,Missing,Missing,5,2,2027-05-21,Authorized Service Center A,Authorized,Control Board,Mismatch,Mismatch,Yes,Yes,Outside Period,No,No,No,No,Normal,High,Excluded damage,Invalid Claim
CLM-0902,PRD-0902,Printer,HP,LaserJet M404,SN20219296,2023-03-03,72000,Mega Electronics,12,2023-03-03,2024-02-26,2027-01-11,47,2027-01-10,Connectivity issue,Connectivity issue; synthetic claim scenario: expired warranty.,Normal Wear,Expired,Not Covered,Missing,Missing,Missing,Missing,Available,Available,4,0,,Authorized Service Center A,Not Applicable,None,Match,Mismatch,Yes,No,Within Period,No,No,No,No,Complex,High,Expired warranty,Invalid Claim
CLM-0903,PRD-0903,Smartphone,Samsung,Galaxy A55,SN41213772,2023-06-18,125000,Smart Mart,12,2023-06-18,2024-06-12,2025-08-06,26,2025-07-03,Speaker failure,Speaker failure; synthetic claim scenario: expired warranty.,Physical,Expired,Excluded,Available,Missing,Missing,Available,Missing,Missing,4,3,2024-04-20,Independent Repair Shop,Unauthorized,Screen,Match,Mismatch,Yes,No,Within Period,No,No,No,No,Normal,High,Expired warranty,Invalid Claim
CLM-0904,PRD-0904,Air Conditioner,Orient,Ultron,SN68839489,2025-03-27,165000,City Appliances,18,2025-03-27,2026-09-18,2028-03-11,36,2028-03-07,Water leakage,Water leakage; synthetic claim scenario: missing mandatory proof.,Mechanical,Expired,Not Covered,Missing,Missing,Missing,Missing,Missing,Missing,6,2,2027-01-28,Authorized Service Center A,Unauthorized,Battery,Mismatch,Match,Yes,Yes,Outside Period,Yes,No,No,No,Complex,High,Missing mandatory proof,Invalid Claim
CLM-0905,PRD-0905,Washing Machine,Dawlance,DWT-1167,SN53620722,2024-10-22,135000,Smart Mart,24,2024-10-22,2026-10-12,2027-09-07,35,2027-08-06,Motor issue,Motor issue; synthetic claim scenario: claim outside reporting period.,Water/Liquid,Expired,Not Covered,Available,Available,Missing,Available,Available,Missing,2,2,2026-08-08,Authorized Service Center A,Unauthorized,Battery,Mismatch,Mismatch,Yes,Yes,Within Period,Yes,Yes,No,No,Normal,Medium,Claim outside reporting period,Invalid Claim
CLM-0906,PRD-0906,Washing Machine,Dawlance,DWT-1167,SN67377740,2024-10-01,135000,TechWorld,24,2024-10-01,2026-09-21,2028-07-12,46,2028-05-18,Water leakage,Water leakage; synthetic claim scenario: excluded damage.,Water/Liquid,Expired,Not Covered,Missing,Available,Available,Available,Available,Missing,2,3,2027-10-14,Independent Repair Shop,Authorized,Battery,Mismatch,Mismatch,No,Yes,Within Period,Yes,No,No,No,Complex,Medium,Excluded damage,Invalid Claim
CLM-0907,PRD-0907,Air Conditioner,Orient,Ultron,SN46807983,2024-12-05,165000,City Appliances,18,2024-12-05,2026-05-29,2028-12-14,49,2028-11-05,Cooling failure,Cooling failure; synthetic claim scenario: expired warranty.,Normal Wear,Expired,Not Covered,Missing,Available,Available,Missing,Available,Available,2,1,2028-02-14,Authorized Service Center B,Authorized,Battery,Match,Mismatch,Yes,Yes,Within Period,Yes,No,No,No,Normal,Medium,Expired warranty,Invalid Claim
CLM-0908,PRD-0908,Washing Machine,Dawlance,DWT-1167,SN33139468,2024-01-21,135000,Smart Mart,24,2024-01-21,2026-01-10,2026-04-10,27,2026-02-17,Motor issue,Motor issue; synthetic claim scenario: excluded damage.,Water/Liquid,Expired,Not Covered,Missing,Missing,Available,Missing,Available,Available,3,1,2025-05-12,Authorized Service Center B,Unauthorized,None,Mismatch,Match,Yes,Yes,Outside Period,Yes,Yes,No,No,Complex,High,Excluded damage,Invalid Claim
CLM-0909,PRD-0909,Refrigerator,Haier,HRF-758,SN11503786,2023-06-21,180000,Smart Mart,24,2023-06-21,2025-06-10,2026-02-05,32,2026-02-02,Cooling failure,Cooling failure; synthetic claim scenario: excluded damage.,Electrical,Expired,Not Covered,Available,Available,Available,Available,Available,Available,0,0,,Independent Repair Shop,Not Applicable,None,Match,Mismatch,No,No,Outside Period,No,Yes,Yes,Yes,Complex,Medium,Excluded damage,Invalid Claim
CLM-0910,PRD-0910,Washing Machine,Dawlance,DWT-1167,SN23107454,2023-07-13,135000,TechWorld,24,2023-07-13,2025-07-02,2027-07-22,49,2027-06-01,Water leakage,Water leakage; synthetic claim scenario: duplicate claim.,Electrical,Expired,Not Covered,Missing,Available,Available,Missing,Missing,Available,3,0,,Independent Repair Shop,Not Applicable,None,Mismatch,Mismatch,No,No,Outside Period,No,No,No,No,Complex,Medium,Duplicate claim,Invalid Claim
CLM-0911,PRD-0911,Refrigerator,Haier,HRF-758,SN96879784,2025-01-20,180000,City Appliances,24,2025-01-20,2027-01-10,2027-03-11,26,2027-02-09,Cooling failure,Cooling failure; synthetic claim scenario: missing mandatory proof.,Physical,Expired,Excluded,Available,Available,Missing,Missing,Missing,Missing,4,3,2025-12-09,Authorized Service Center A,Authorized,Screen,Mismatch,Match,No,No,Within Period,Yes,No,No,No,Normal,High,Missing mandatory proof,Invalid Claim
CLM-0912,PRD-0912,Smartphone,Samsung,Galaxy A55,SN86164272,2024-12-26,125000,Smart Mart,12,2024-12-26,2025-12-21,2027-03-16,27,2027-02-25,Speaker failure,Speaker failure; synthetic claim scenario: expired warranty.,Water/Liquid,Expired,Not Covered,Missing,Missing,Available,Missing,Missing,Missing,5,0,,Independent Repair Shop,Not Applicable,None,Mismatch,Mismatch,Yes,No,Within Period,No,No,No,No,Normal,Medium,Expired warranty,Invalid Claim
CLM-0913,PRD-0913,Printer,HP,LaserJet M404,SN21673650,2023-06-13,72000,Mega Electronics,12,2023-06-13,2024-06-07,2026-11-24,42,2026-10-04,Paper feed failure,Paper feed failure; synthetic claim scenario: unauthorized repair.,Software/Firmware,Expired,Not Covered,Available,Missing,Available,Missing,Missing,Available,3,2,2026-10-10,Authorized Service Center B,Authorized,Screen,Mismatch,Mismatch,No,Yes,Within Period,Yes,Yes,No,No,Normal,High,Unauthorized repair,Invalid Claim
CLM-0914,PRD-0914,Microwave,Samsung,MS23,SN49835534,2025-05-19,45000,City Appliances,12,2025-05-19,2026-05-14,2029-02-27,46,2029-01-21,Control panel issue,Control panel issue; synthetic claim scenario: claim outside reporting period.,Water/Liquid,Expired,Not Covered,Missing,Available,Missing,Available,Available,Missing,3,1,2028-12-22,Authorized Service Center B,Authorized,Battery,Match,Mismatch,Yes,No,Within Period,Yes,No,No,No,Normal,High,Claim outside reporting period,Invalid Claim
CLM-0915,PRD-0915,Smartphone,Samsung,Galaxy A55,SN56521400,2023-04-09,125000,Digital Hub,12,2023-04-09,2024-04-03,2027-03-19,48,2027-03-09,Speaker failure,Speaker failure; synthetic claim scenario: serial mismatch.,Physical,Expired,Excluded,Available,Missing,Available,Missing,Missing,Available,3,1,2026-12-07,Independent Repair Shop,Authorized,Motherboard,Match,Match,No,Yes,Within Period,Yes,No,No,No,Normal,High,Serial mismatch,Invalid Claim
CLM-0916,PRD-0916,Laptop,Dell,Inspiron 15,SN47372406,2023-11-23,85000,City Appliances,12,2023-11-23,2024-11-17,2027-08-04,45,2027-07-26,Screen flickering,Screen flickering; synthetic claim scenario: unauthorized repair.,Mechanical,Expired,Not Covered,Available,Available,Missing,Missing,Available,Available,2,0,,Authorized Service Center A,Not Applicable,None,Match,Match,No,No,Within Period,No,No,No,No,Normal,High,Unauthorized repair,Invalid Claim
CLM-0917,PRD-0917,Television,LG,OLED55,SN57168440,2024-07-27,210000,Smart Mart,24,2024-07-27,2026-07-17,2028-04-07,45,2028-02-10,No display,No display; synthetic claim scenario: serial mismatch.,Normal Wear,Expired,Excluded,Available,Available,Available,Missing,Available,Available,1,2,2027-03-07,Authorized Service Center B,Unauthorized,None,Mismatch,Match,No,Yes,Within Period,Yes,Yes,No,Yes,Complex,High,Serial mismatch,Invalid Claim
CLM-0918,PRD-0918,Smartphone,Samsung,Galaxy A55,SN19513375,2023-04-29,125000,City Appliances,12,2023-04-29,2024-04-23,2026-04-13,36,2026-04-12,Charging port failure,Charging port failure; synthetic claim scenario: serial mismatch.,Water/Liquid,Expired,Not Covered,Missing,Available,Available,Missing,Available,Missing,3,0,,Independent Repair Shop,Not Applicable,None,Mismatch,Mismatch,Yes,No,Outside Period,No,Yes,No,No,Normal,High,Serial mismatch,Invalid Claim
CLM-0919,PRD-0919,Air Conditioner,Orient,Ultron,SN73637312,2024-11-27,165000,Mega Electronics,18,2024-11-27,2026-05-21,2026-06-20,19,2026-05-20,Compressor issue,Compressor issue; synthetic claim scenario: expired warranty.,Physical,Expired,Excluded,Available,Missing,Missing,Missing,Available,Available,3,3,2025-10-22,Independent Repair Shop,Unauthorized,Control Board,Match,Mismatch,Yes,No,Within Period,Yes,Yes,No,No,Complex,High,Expired warranty,Invalid Claim
CLM-0920,PRD-0920,Smartphone,Samsung,Galaxy A55,SN46642579,2023-08-07,125000,Smart Mart,12,2023-08-07,2024-08-01,2024-12-29,17,2024-12-26,Charging port failure,Charging port failure; synthetic claim scenario: missing mandatory proof.,Software/Firmware,Expired,Excluded,Missing,Available,Available,Missing,Missing,Available,3,1,2024-10-25,Authorized Service Center B,Authorized,None,Mismatch,Mismatch,No,No,Outside Period,Yes,Yes,No,No,Complex,High,Missing mandatory proof,Invalid Claim
CLM-0921,PRD-0921,Printer,HP,LaserJet M404,SN62811125,2024-04-03,72000,Digital Hub,12,2024-04-03,2025-03-29,2028-03-13,48,2028-02-27,Paper feed failure,Paper feed failure; synthetic claim scenario: excluded damage.,Software/Firmware,Expired,Excluded,Missing,Available,Missing,Available,Missing,Available,3,3,2026-12-31,Independent Repair Shop,Authorized,Control Board,Match,Match,Yes,No,Within Period,No,No,No,No,Complex,Medium,Excluded damage,Invalid Claim
CLM-0922,PRD-0922,Air Conditioner,Orient,Ultron,SN22717763,2023-12-27,165000,Smart Mart,18,2023-12-27,2025-06-19,2027-06-09,42,2027-05-14,Water leakage,Water leakage; synthetic claim scenario: expired warranty.,Normal Wear,Expired,Not Covered,Available,Available,Available,Available,Missing,Missing,2,0,,Authorized Service Center A,Not Applicable,None,Match,Mismatch,Yes,Yes,Outside Period,No,Yes,No,No,Normal,Medium,Expired warranty,Invalid Claim
CLM-0923,PRD-0923,Laptop,Dell,Inspiron 15,SN57961952,2023-05-26,85000,TechWorld,12,2023-05-26,2024-05-20,2025-12-11,31,2025-10-26,Motherboard failure,Motherboard failure; synthetic claim scenario: duplicate claim.,Electrical,Expired,Excluded,Missing,Available,Available,Available,Available,Missing,2,2,2024-07-29,Authorized Service Center A,Authorized,Battery,Match,Match,Yes,Yes,Outside Period,No,Yes,No,No,Complex,Medium,Duplicate claim,Invalid Claim
CLM-0924,PRD-0924,Printer,HP,LaserJet M404,SN89854240,2025-02-16,72000,Smart Mart,12,2025-02-16,2026-02-11,2026-06-11,16,2026-06-05,Connectivity issue,Connectivity issue; synthetic claim scenario: missing mandatory proof.,Electrical,Expired,Excluded,Available,Missing,Available,Available,Missing,Missing,3,3,2025-06-22,Independent Repair Shop,Authorized,Screen,Mismatch,Mismatch,No,Yes,Within Period,No,No,No,No,Normal,High,Missing mandatory proof,Invalid Claim
CLM-0925,PRD-0925,Air Conditioner,Orient,Ultron,SN18644892,2024-10-21,165000,TechWorld,18,2024-10-21,2026-04-14,2027-07-08,33,2027-05-26,Fan failure,Fan failure; synthetic claim scenario: expired warranty.,Water/Liquid,Expired,Not Covered,Available,Available,Missing,Missing,Available,Missing,3,0,,Authorized Service Center A,Not Applicable,None,Mismatch,Match,No,No,Outside Period,No,Yes,No,No,Complex,High,Expired warranty,Invalid Claim
CLM-0926,PRD-0926,Washing Machine,Dawlance,DWT-1167,SN19890201,2024-10-03,135000,Smart Mart,24,2024-10-03,2026-09-23,2027-04-21,31,2027-04-06,Drainage failure,Drainage failure; synthetic claim scenario: serial mismatch.,Software/Firmware,Expired,Excluded,Available,Missing,Missing,Available,Missing,Missing,4,1,2027-02-27,Authorized Service Center B,Authorized,Motherboard,Mismatch,Match,Yes,No,Within Period,No,Yes,No,No,Complex,Medium,Serial mismatch,Invalid Claim
CLM-0927,PRD-0927,Microwave,Samsung,MS23,SN11483668,2023-09-27,45000,TechWorld,12,2023-09-27,2024-09-21,2026-01-14,28,2025-12-14,Door switch failure,Door switch failure; synthetic claim scenario: expired warranty.,Software/Firmware,Expired,Excluded,Available,Available,Available,Missing,Missing,Missing,3,1,2025-12-05,Authorized Service Center A,Authorized,Battery,Match,Mismatch,No,Yes,Within Period,Yes,Yes,No,No,Normal,High,Expired warranty,Invalid Claim
CLM-0928,PRD-0928,Printer,HP,LaserJet M404,SN86680961,2023-11-17,72000,TechWorld,12,2023-11-17,2024-11-11,2025-08-08,21,2025-06-11,Paper feed failure,Paper feed failure; synthetic claim scenario: duplicate claim.,Normal Wear,Expired,Excluded,Available,Missing,Available,Missing,Missing,Available,3,0,,Independent Repair Shop,Not Applicable,None,Mismatch,Match,Yes,Yes,Within Period,Yes,Yes,No,No,Normal,High,Duplicate claim,Invalid Claim
CLM-0929,PRD-0929,Printer,HP,LaserJet M404,SN85507244,2025-05-09,72000,Smart Mart,12,2025-05-09,2026-05-04,2026-08-02,15,2026-07-10,Power failure,Power failure; synthetic claim scenario: claim outside reporting period.,Water/Liquid,Expired,Not Covered,Available,Missing,Missing,Available,Available,Available,2,0,,Authorized Service Center A,Not Applicable,None,Match,Mismatch,No,Yes,Outside Period,No,No,No,No,Complex,Medium,Claim outside reporting period,Invalid Claim
CLM-0930,PRD-0930,Microwave,Samsung,MS23,SN13310360,2023-11-28,45000,Smart Mart,12,2023-11-28,2024-11-22,2025-11-17,24,2025-11-11,Control panel issue,Control panel issue; synthetic claim scenario: missing mandatory proof.,Mechanical,Expired,Not Covered,Missing,Missing,Available,Missing,Available,Available,3,1,2025-03-18,Independent Repair Shop,Unauthorized,None,Mismatch,Match,No,No,Within Period,No,Yes,No,No,Complex,Medium,Missing mandatory proof,Invalid Claim
CLM-0931,PRD-0931,Microwave,Samsung,MS23,SN25041051,2023-04-28,45000,Smart Mart,12,2023-04-28,2024-04-22,2026-03-13,35,2026-01-18,Heating failure,Heating failure; synthetic claim scenario: expired warranty.,Software/Firmware,Expired,Not Covered,Available,Available,Available,Available,Missing,Available,1,0,,Independent Repair Shop,Not Applicable,None,Mismatch,Match,No,Yes,Within Period,No,No,No,Yes,Normal,Medium,Expired warranty,Invalid Claim
CLM-0932,PRD-0932,Refrigerator,Haier,HRF-758,SN78325483,2024-07-02,180000,Digital Hub,24,2024-07-02,2026-06-22,2028-04-12,46,2028-03-07,Compressor issue,Compressor issue; synthetic claim scenario: duplicate claim.,Physical,Expired,Not Covered,Missing,Missing,Missing,Available,Available,Missing,4,0,,Independent Repair Shop,Not Applicable,None,Mismatch,Mismatch,Yes,No,Outside Period,No,No,No,No,Normal,Medium,Duplicate claim,Invalid Claim
CLM-0933,PRD-0933,Washing Machine,Dawlance,DWT-1167,SN97890289,2025-06-06,135000,Mega Electronics,24,2025-06-06,2027-05-27,2027-12-23,31,2027-11-20,Water leakage,Water leakage; synthetic claim scenario: expired warranty.,Normal Wear,Expired,Not Covered,Available,Missing,Available,Available,Available,Available,1,1,2027-01-13,Authorized Service Center B,Unauthorized,Battery,Mismatch,Match,Yes,Yes,Within Period,No,No,No,Yes,Complex,Medium,Expired warranty,Invalid Claim
CLM-0934,PRD-0934,Smartphone,Samsung,Galaxy A55,SN60053912,2023-03-09,125000,Mega Electronics,12,2023-03-09,2024-03-03,2026-02-21,36,2026-01-15,Screen failure,Screen failure; synthetic claim scenario: unauthorized repair.,Electrical,Expired,Not Covered,Available,Available,Available,Available,Available,Available,0,0,,Authorized Service Center B,Not Applicable,None,Mismatch,Match,Yes,Yes,Within Period,Yes,No,Yes,Yes,Normal,High,Unauthorized repair,Invalid Claim
CLM-0935,PRD-0935,Television,LG,OLED55,SN97477918,2024-05-30,210000,Mega Electronics,24,2024-05-30,2026-05-20,2028-08-07,51,2028-07-16,No display,No display; synthetic claim scenario: expired warranty.,Water/Liquid,Expired,Not Covered,Missing,Missing,Missing,Available,Available,Available,3,2,2027-07-08,Independent Repair Shop,Unauthorized,None,Match,Mismatch,No,No,Within Period,No,Yes,No,No,Normal,High,Expired warranty,Invalid Claim
CLM-0936,PRD-0936,Printer,HP,LaserJet M404,SN11877988,2024-11-30,72000,Smart Mart,12,2024-11-30,2025-11-25,2026-04-24,17,2026-03-24,Connectivity issue,Connectivity issue; synthetic claim scenario: missing mandatory proof.,Electrical,Expired,Excluded,Missing,Available,Available,Available,Available,Available,1,2,2025-11-19,Independent Repair Shop,Authorized,Screen,Mismatch,Mismatch,No,Yes,Outside Period,No,Yes,No,Yes,Normal,Medium,Missing mandatory proof,Invalid Claim
CLM-0937,PRD-0937,Printer,HP,LaserJet M404,SN67912960,2024-07-24,72000,City Appliances,12,2024-07-24,2025-07-19,2027-10-07,39,2027-08-14,Connectivity issue,Connectivity issue; synthetic claim scenario: duplicate claim.,Mechanical,Expired,Excluded,Missing,Available,Missing,Available,Missing,Available,3,0,,Independent Repair Shop,Not Applicable,None,Match,Mismatch,No,Yes,Within Period,Yes,No,No,No,Complex,High,Duplicate claim,Invalid Claim
CLM-0938,PRD-0938,Washing Machine,Dawlance,DWT-1167,SN99317146,2024-09-11,135000,Mega Electronics,24,2024-09-11,2026-09-01,2027-09-26,37,2027-08-11,Control panel failure,Control panel failure; synthetic claim scenario: missing mandatory proof.,Normal Wear,Expired,Not Covered,Missing,Missing,Available,Missing,Missing,Available,4,3,2027-05-22,Authorized Service Center A,Unauthorized,Screen,Match,Match,No,Yes,Outside Period,Yes,Yes,No,No,Complex,High,Missing mandatory proof,Invalid Claim
CLM-0939,PRD-0939,Air Conditioner,Orient,Ultron,SN59074470,2023-09-30,165000,TechWorld,18,2023-09-30,2025-03-23,2026-01-17,28,2026-01-10,Compressor issue,Compressor issue; synthetic claim scenario: claim outside reporting period.,Physical,Expired,Not Covered,Missing,Available,Missing,Available,Available,Missing,3,0,,Independent Repair Shop,Not Applicable,None,Match,Mismatch,Yes,Yes,Within Period,No,Yes,No,No,Complex,Medium,Claim outside reporting period,Invalid Claim
CLM-0940,PRD-0940,Refrigerator,Haier,HRF-758,SN95325945,2023-08-19,180000,Digital Hub,24,2023-08-19,2025-08-08,2026-12-31,41,2026-12-18,Door seal failure,Door seal failure; synthetic claim scenario: excluded damage.,Mechanical,Expired,Not Covered,Available,Available,Available,Missing,Missing,Missing,3,0,,Authorized Service Center B,Not Applicable,None,Match,Mismatch,No,No,Within Period,Yes,No,No,No,Complex,Medium,Excluded damage,Invalid Claim
CLM-0941,PRD-0941,Air Conditioner,Orient,Ultron,SN55860921,2023-09-03,165000,Mega Electronics,18,2023-09-03,2025-02-24,2027-02-14,42,2027-01-08,Cooling failure,Cooling failure; synthetic claim scenario: unauthorized repair.,Software/Firmware,Expired,Excluded,Missing,Missing,Missing,Missing,Available,Missing,5,1,2025-10-09,Authorized Service Center B,Unauthorized,Control Board,Mismatch,Match,No,No,Within Period,No,Yes,No,No,Complex,Medium,Unauthorized repair,Invalid Claim
CLM-0942,PRD-0942,Television,LG,OLED55,SN17065104,2023-11-27,210000,Digital Hub,24,2023-11-27,2025-11-16,2027-11-06,48,2027-09-30,Panel issue,Panel issue; synthetic claim scenario: missing mandatory proof.,Normal Wear,Expired,Excluded,Missing,Missing,Missing,Available,Available,Available,3,0,,Authorized Service Center B,Not Applicable,None,Match,Match,Yes,No,Outside Period,Yes,Yes,No,No,Complex,High,Missing mandatory proof,Invalid Claim
CLM-0943,PRD-0943,Refrigerator,Haier,HRF-758,SN20656998,2023-09-11,180000,Digital Hub,24,2023-09-11,2025-08-31,2026-07-27,35,2026-06-30,Cooling failure,Cooling failure; synthetic claim scenario: missing mandatory proof.,Normal Wear,Expired,Not Covered,Missing,Missing,Missing,Available,Available,Missing,4,3,2026-03-07,Independent Repair Shop,Authorized,Control Board,Mismatch,Match,Yes,Yes,Outside Period,Yes,No,No,No,Normal,High,Missing mandatory proof,Invalid Claim
CLM-0944,PRD-0944,Microwave,Samsung,MS23,SN69687908,2023-04-05,45000,City Appliances,12,2023-04-05,2024-03-30,2025-09-21,30,2025-08-31,Turntable failure,Turntable failure; synthetic claim scenario: serial mismatch.,Software/Firmware,Expired,Not Covered,Available,Missing,Missing,Available,Missing,Missing,4,2,2025-04-08,Independent Repair Shop,Authorized,Battery,Mismatch,Match,No,Yes,Outside Period,No,No,No,No,Complex,High,Serial mismatch,Invalid Claim
CLM-0945,PRD-0945,Printer,HP,LaserJet M404,SN30398821,2024-02-14,72000,City Appliances,12,2024-02-14,2025-02-08,2026-10-31,33,2026-10-04,Paper feed failure,Paper feed failure; synthetic claim scenario: claim outside reporting period.,Normal Wear,Expired,Not Covered,Available,Missing,Available,Available,Missing,Available,2,0,,Independent Repair Shop,Not Applicable,None,Match,Match,No,Yes,Outside Period,Yes,No,No,No,Normal,High,Claim outside reporting period,Invalid Claim
CLM-0946,PRD-0946,Television,LG,OLED55,SN93541727,2025-01-16,210000,Digital Hub,24,2025-01-16,2027-01-06,2027-06-05,29,2027-05-16,Sound failure,Sound failure; synthetic claim scenario: excluded damage.,Physical,Expired,Not Covered,Missing,Missing,Available,Available,Missing,Available,3,2,2027-01-10,Independent Repair Shop,Unauthorized,Battery,Mismatch,Mismatch,Yes,No,Outside Period,No,Yes,No,No,Normal,High,Excluded damage,Invalid Claim
CLM-0947,PRD-0947,Printer,HP,LaserJet M404,SN39804324,2023-06-30,72000,Digital Hub,12,2023-06-30,2024-06-24,2024-08-23,14,2024-07-15,Connectivity issue,Connectivity issue; synthetic claim scenario: claim outside reporting period.,Mechanical,Expired,Not Covered,Missing,Available,Missing,Available,Missing,Missing,4,1,2023-04-16,Authorized Service Center A,Unauthorized,Battery,Mismatch,Match,No,Yes,Outside Period,No,Yes,No,No,Complex,Medium,Claim outside reporting period,Invalid Claim
CLM-0948,PRD-0948,Refrigerator,Haier,HRF-758,SN75953544,2024-03-09,180000,TechWorld,24,2024-03-09,2026-02-27,2026-08-26,30,2026-07-24,Cooling failure,Cooling failure; synthetic claim scenario: unauthorized repair.,Mechanical,Expired,Excluded,Available,Missing,Missing,Available,Available,Missing,3,0,,Independent Repair Shop,Not Applicable,None,Mismatch,Mismatch,No,Yes,Outside Period,No,No,No,No,Normal,High,Unauthorized repair,Invalid Claim
CLM-0949,PRD-0949,Printer,HP,LaserJet M404,SN91527632,2023-04-13,72000,Digital Hub,12,2023-04-13,2024-04-07,2027-03-23,48,2027-03-08,Paper feed failure,Paper feed failure; synthetic claim scenario: duplicate claim.,Physical,Expired,Not Covered,Available,Missing,Missing,Missing,Missing,Missing,5,3,2026-11-11,Authorized Service Center B,Authorized,Battery,Match,Match,Yes,Yes,Outside Period,No,Yes,No,No,Normal,High,Duplicate claim,Invalid Claim
CLM-0950,PRD-0950,Air Conditioner,Orient,Ultron,SN47014526,2024-07-27,165000,TechWorld,18,2024-07-27,2026-01-18,2026-11-14,28,2026-09-29,Water leakage,Water leakage; synthetic claim scenario: claim outside reporting period.,Mechanical,Expired,Not Covered,Available,Missing,Missing,Available,Missing,Available,3,2,2026-06-29,Authorized Service Center B,Unauthorized,None,Match,Match,No,Yes,Outside Period,No,Yes,No,No,Complex,Medium,Claim outside reporting period,Invalid Claim
CLM-0951,PRD-0951,Microwave,Samsung,MS23,SN16044217,2024-11-16,45000,Digital Hub,12,2024-11-16,2025-11-11,2027-02-04,27,2026-12-11,Control panel issue,Control panel issue; synthetic claim scenario: duplicate claim.,Physical,Expired,Excluded,Available,Missing,Available,Available,Available,Available,1,3,2026-10-08,Authorized Service Center B,Unauthorized,Screen,Match,Mismatch,Yes,No,Within Period,Yes,Yes,No,Yes,Complex,Medium,Duplicate claim,Invalid Claim
CLM-0952,PRD-0952,Smartphone,Samsung,Galaxy A55,SN28399621,2025-03-29,125000,TechWorld,12,2025-03-29,2026-03-24,2026-08-21,17,2026-07-28,Battery swelling,Battery swelling; synthetic claim scenario: excluded damage.,Physical,Expired,Not Covered,Missing,Missing,Available,Available,Missing,Missing,4,3,2026-03-05,Authorized Service Center A,Unauthorized,Battery,Match,Match,No,No,Within Period,Yes,Yes,No,No,Normal,Medium,Excluded damage,Invalid Claim
CLM-0953,PRD-0953,Printer,HP,LaserJet M404,SN75840438,2023-06-12,72000,City Appliances,12,2023-06-12,2024-06-06,2024-07-06,13,2024-07-01,Connectivity issue,Connectivity issue; synthetic claim scenario: claim outside reporting period.,Mechanical,Expired,Excluded,Available,Available,Available,Available,Missing,Available,1,1,2023-08-19,Authorized Service Center A,Authorized,None,Match,Mismatch,No,No,Outside Period,Yes,Yes,No,Yes,Normal,High,Claim outside reporting period,Invalid Claim
CLM-0954,PRD-0954,Television,LG,OLED55,SN41296200,2023-05-16,210000,TechWorld,24,2023-05-16,2025-05-05,2027-05-25,49,2027-04-11,Power failure,Power failure; synthetic claim scenario: unauthorized repair.,Mechanical,Expired,Not Covered,Missing,Missing,Missing,Missing,Missing,Available,5,1,2026-06-06,Independent Repair Shop,Authorized,None,Mismatch,Match,Yes,No,Within Period,Yes,Yes,No,No,Normal,Medium,Unauthorized repair,Invalid Claim
CLM-0955,PRD-0955,Television,LG,OLED55,SN49962506,2023-05-04,210000,Smart Mart,24,2023-05-04,2025-04-23,2025-09-20,29,2025-08-28,Sound failure,Sound failure; synthetic claim scenario: serial mismatch.,Software/Firmware,Expired,Not Covered,Missing,Missing,Missing,Missing,Missing,Missing,6,2,2024-12-19,Authorized Service Center A,Unauthorized,Control Board,Mismatch,Match,No,No,Within Period,Yes,No,No,No,Complex,Medium,Serial mismatch,Invalid Claim
CLM-0956,PRD-0956,Microwave,Samsung,MS23,SN85839231,2023-11-13,45000,City Appliances,12,2023-11-13,2024-11-07,2027-01-26,39,2026-12-04,Door switch failure,Door switch failure; synthetic claim scenario: expired warranty.,Water/Liquid,Expired,Not Covered,Missing,Missing,Missing,Available,Missing,Missing,5,0,,Authorized Service Center A,Not Applicable,None,Match,Match,No,No,Outside Period,Yes,Yes,No,No,Normal,Medium,Expired warranty,Invalid Claim
CLM-0957,PRD-0957,Television,LG,OLED55,SN50226350,2024-04-20,210000,Mega Electronics,24,2024-04-20,2026-04-10,2026-10-07,30,2026-09-29,Sound failure,Sound failure; synthetic claim scenario: unauthorized repair.,Electrical,Expired,Excluded,Available,Missing,Available,Missing,Available,Available,2,2,2025-11-08,Authorized Service Center B,Unauthorized,Screen,Mismatch,Mismatch,No,Yes,Outside Period,No,No,No,No,Complex,High,Unauthorized repair,Invalid Claim
CLM-0958,PRD-0958,Washing Machine,Dawlance,DWT-1167,SN47015631,2024-06-21,135000,Smart Mart,24,2024-06-21,2026-06-11,2029-05-26,60,2029-04-02,Water leakage,Water leakage; synthetic claim scenario: serial mismatch.,Software/Firmware,Expired,Excluded,Missing,Missing,Missing,Missing,Missing,Available,5,2,2028-11-08,Authorized Service Center B,Authorized,Screen,Mismatch,Mismatch,No,Yes,Within Period,No,No,No,No,Normal,High,Serial mismatch,Invalid Claim
CLM-0959,PRD-0959,Refrigerator,Haier,HRF-758,SN33264910,2024-08-11,180000,TechWorld,24,2024-08-11,2026-08-01,2028-10-19,51,2028-10-02,Cooling failure,Cooling failure; synthetic claim scenario: duplicate claim.,Software/Firmware,Expired,Not Covered,Available,Available,Available,Available,Missing,Missing,2,1,2027-11-15,Independent Repair Shop,Authorized,None,Mismatch,Mismatch,Yes,Yes,Outside Period,No,Yes,No,No,Complex,High,Duplicate claim,Invalid Claim
CLM-0960,PRD-0960,Microwave,Samsung,MS23,SN13675662,2023-12-01,45000,Mega Electronics,12,2023-12-01,2024-11-25,2027-09-11,46,2027-08-19,Heating failure,Heating failure; synthetic claim scenario: duplicate claim.,Normal Wear,Expired,Not Covered,Missing,Missing,Missing,Missing,Missing,Available,5,1,2027-07-24,Authorized Service Center A,Unauthorized,Screen,Mismatch,Mismatch,No,No,Within Period,Yes,Yes,No,No,Normal,High,Duplicate claim,Invalid Claim
CLM-0961,PRD-0961,Smartphone,Samsung,Galaxy A55,SN53923567,2023-05-20,125000,City Appliances,12,2023-05-20,2024-05-14,2025-01-09,20,2024-12-26,Camera failure,Camera failure; synthetic claim scenario: missing mandatory proof.,Software/Firmware,Expired,Excluded,Missing,Missing,Missing,Missing,Available,Missing,5,2,2024-01-24,Independent Repair Shop,Authorized,Battery,Mismatch,Mismatch,Yes,Yes,Outside Period,Yes,No,No,No,Complex,High,Missing mandatory proof,Invalid Claim
CLM-0962,PRD-0962,Smartphone,Samsung,Galaxy A55,SN98049954,2023-03-16,125000,TechWorld,12,2023-03-16,2024-03-10,2027-01-24,47,2026-12-19,Screen failure,Screen failure; synthetic claim scenario: excluded damage.,Electrical,Expired,Excluded,Available,Available,Missing,Available,Available,Missing,2,1,2026-01-16,Independent Repair Shop,Unauthorized,Screen,Mismatch,Match,Yes,No,Within Period,Yes,Yes,No,No,Complex,Medium,Excluded damage,Invalid Claim
CLM-0963,PRD-0963,Refrigerator,Haier,HRF-758,SN37895721,2024-11-10,180000,Digital Hub,24,2024-11-10,2026-10-31,2029-01-18,51,2028-12-16,Door seal failure,Door seal failure; synthetic claim scenario: unauthorized repair.,Electrical,Expired,Excluded,Available,Available,Missing,Available,Missing,Missing,3,0,,Authorized Service Center A,Not Applicable,None,Mismatch,Mismatch,No,No,Outside Period,Yes,No,No,No,Normal,High,Unauthorized repair,Invalid Claim
CLM-0964,PRD-0964,Television,LG,OLED55,SN63857905,2023-08-22,210000,Smart Mart,24,2023-08-22,2025-08-11,2027-08-01,48,2027-07-28,Panel issue,Panel issue; synthetic claim scenario: serial mismatch.,Electrical,Expired,Not Covered,Available,Missing,Missing,Missing,Missing,Available,4,3,2026-06-13,Authorized Service Center B,Unauthorized,Battery,Mismatch,Match,Yes,Yes,Outside Period,No,Yes,No,No,Normal,High,Serial mismatch,Invalid Claim
CLM-0965,PRD-0965,Refrigerator,Haier,HRF-758,SN43436784,2025-06-17,180000,TechWorld,24,2025-06-17,2027-06-07,2028-08-30,39,2028-08-28,Door seal failure,Door seal failure; synthetic claim scenario: expired warranty.,Mechanical,Expired,Not Covered,Available,Missing,Missing,Missing,Missing,Available,4,0,,Independent Repair Shop,Not Applicable,None,Match,Mismatch,No,Yes,Within Period,Yes,Yes,No,No,Complex,Medium,Expired warranty,Invalid Claim
CLM-0966,PRD-0966,Washing Machine,Dawlance,DWT-1167,SN31883430,2024-10-19,135000,Mega Electronics,24,2024-10-19,2026-10-09,2027-12-03,38,2027-11-29,Control panel failure,Control panel failure; synthetic claim scenario: duplicate claim.,Normal Wear,Expired,Not Covered,Available,Available,Missing,Missing,Available,Available,2,0,,Authorized Service Center A,Not Applicable,None,Match,Match,Yes,Yes,Within Period,Yes,Yes,No,No,Normal,High,Duplicate claim,Invalid Claim
CLM-0967,PRD-0967,Television,LG,OLED55,SN94412523,2023-10-27,210000,Mega Electronics,24,2023-10-27,2025-10-16,2027-10-06,48,2027-10-02,Sound failure,Sound failure; synthetic claim scenario: expired warranty.,Physical,Expired,Excluded,Missing,Missing,Missing,Available,Missing,Missing,5,2,2026-07-11,Authorized Service Center B,Authorized,Control Board,Mismatch,Match,No,Yes,Within Period,Yes,Yes,No,No,Complex,High,Expired warranty,Invalid Claim
CLM-0968,PRD-0968,Smartphone,Samsung,Galaxy A55,SN71456902,2023-07-04,125000,Smart Mart,12,2023-07-04,2024-06-28,2026-03-20,33,2026-02-09,Speaker failure,Speaker failure; synthetic claim scenario: excluded damage.,Electrical,Expired,Not Covered,Missing,Missing,Missing,Missing,Missing,Available,5,1,2025-06-15,Authorized Service Center A,Unauthorized,Battery,Match,Match,Yes,Yes,Outside Period,No,Yes,No,No,Normal,High,Excluded damage,Invalid Claim
CLM-0969,PRD-0969,Air Conditioner,Orient,Ultron,SN29073006,2024-12-05,165000,City Appliances,18,2024-12-05,2026-05-29,2028-08-16,45,2028-06-25,Compressor issue,Compressor issue; synthetic claim scenario: serial mismatch.,Software/Firmware,Expired,Not Covered,Available,Missing,Available,Missing,Missing,Available,3,1,2027-09-15,Authorized Service Center A,Authorized,Screen,Mismatch,Mismatch,No,Yes,Within Period,No,No,No,No,Normal,High,Serial mismatch,Invalid Claim
CLM-0970,PRD-0970,Refrigerator,Haier,HRF-758,SN69434108,2023-08-14,180000,TechWorld,24,2023-08-14,2025-08-03,2028-01-20,54,2028-01-08,Door seal failure,Door seal failure; synthetic claim scenario: serial mismatch.,Physical,Expired,Not Covered,Available,Missing,Missing,Available,Available,Available,2,3,2027-09-22,Authorized Service Center B,Authorized,Control Board,Match,Mismatch,Yes,Yes,Outside Period,No,Yes,No,No,Complex,Medium,Serial mismatch,Invalid Claim
CLM-0971,PRD-0971,Microwave,Samsung,MS23,SN65581553,2024-06-04,45000,Mega Electronics,12,2024-06-04,2025-05-30,2027-03-21,34,2027-03-20,Door switch failure,Door switch failure; synthetic claim scenario: serial mismatch.,Physical,Expired,Excluded,Missing,Available,Available,Available,Missing,Missing,3,2,2027-01-14,Independent Repair Shop,Authorized,Battery,Mismatch,Mismatch,No,No,Outside Period,Yes,No,No,No,Normal,High,Serial mismatch,Invalid Claim
CLM-0972,PRD-0972,Microwave,Samsung,MS23,SN65098084,2024-05-24,45000,Mega Electronics,12,2024-05-24,2025-05-19,2027-02-08,33,2026-12-19,Door switch failure,Door switch failure; synthetic claim scenario: unauthorized repair.,Electrical,Expired,Not Covered,Available,Missing,Available,Available,Missing,Available,2,3,2026-07-15,Independent Repair Shop,Unauthorized,Battery,Mismatch,Match,Yes,No,Outside Period,No,No,No,No,Normal,High,Unauthorized repair,Invalid Claim
CLM-0973,PRD-0973,Air Conditioner,Orient,Ultron,SN97872518,2023-11-20,165000,Smart Mart,18,2023-11-20,2025-05-13,2027-07-02,44,2027-06-17,Compressor issue,Compressor issue; synthetic claim scenario: missing mandatory proof.,Electrical,Expired,Excluded,Available,Missing,Available,Missing,Available,Missing,3,1,2027-05-12,Authorized Service Center B,Authorized,None,Mismatch,Mismatch,No,Yes,Within Period,No,Yes,No,No,Normal,High,Missing mandatory proof,Invalid Claim
CLM-0974,PRD-0974,Washing Machine,Dawlance,DWT-1167,SN23956119,2024-08-10,135000,Smart Mart,24,2024-08-10,2026-07-31,2027-10-24,39,2027-09-08,Drainage failure,Drainage failure; synthetic claim scenario: serial mismatch.,Electrical,Expired,Not Covered,Available,Available,Available,Available,Available,Available,0,0,,Authorized Service Center B,Not Applicable,None,Match,Match,No,Yes,Within Period,Yes,No,Yes,Yes,Complex,Medium,Serial mismatch,Invalid Claim
CLM-0975,PRD-0975,Air Conditioner,Orient,Ultron,SN25938617,2023-09-26,165000,Smart Mart,18,2023-09-26,2025-03-19,2028-02-02,53,2028-01-29,Fan failure,Fan failure; synthetic claim scenario: serial mismatch.,Software/Firmware,Expired,Excluded,Missing,Missing,Available,Available,Available,Missing,3,1,2027-03-18,Independent Repair Shop,Authorized,Battery,Match,Mismatch,Yes,No,Within Period,Yes,No,No,No,Complex,Medium,Serial mismatch,Invalid Claim
CLM-0976,PRD-0976,Refrigerator,Haier,HRF-758,SN22085984,2023-10-31,180000,City Appliances,24,2023-10-31,2025-10-20,2026-10-15,36,2026-10-07,Cooling failure,Cooling failure; synthetic claim scenario: claim outside reporting period.,Water/Liquid,Expired,Not Covered,Missing,Available,Available,Available,Available,Available,1,0,,Authorized Service Center B,Not Applicable,None,Mismatch,Match,No,Yes,Within Period,No,Yes,No,Yes,Complex,Medium,Claim outside reporting period,Invalid Claim
CLM-0977,PRD-0977,Microwave,Samsung,MS23,SN35956606,2023-06-07,45000,Smart Mart,12,2023-06-07,2024-06-01,2026-08-20,39,2026-07-13,Door switch failure,Door switch failure; synthetic claim scenario: missing mandatory proof.,Software/Firmware,Expired,Excluded,Available,Available,Available,Available,Available,Available,0,1,2025-04-29,Authorized Service Center B,Authorized,Battery,Match,Match,Yes,Yes,Outside Period,No,No,Yes,Yes,Normal,High,Missing mandatory proof,Invalid Claim
CLM-0978,PRD-0978,Smartphone,Samsung,Galaxy A55,SN33798199,2023-01-04,125000,Smart Mart,12,2023-01-04,2023-12-30,2024-03-29,15,2024-03-08,Screen failure,Screen failure; synthetic claim scenario: duplicate claim.,Mechanical,Expired,Not Covered,Missing,Available,Available,Available,Missing,Available,2,3,2022-12-24,Independent Repair Shop,Unauthorized,Control Board,Mismatch,Match,No,No,Within Period,No,No,No,No,Complex,High,Duplicate claim,Invalid Claim
CLM-0979,PRD-0979,Printer,HP,LaserJet M404,SN91708236,2024-11-20,72000,Mega Electronics,12,2024-11-20,2025-11-15,2027-01-09,26,2026-12-26,Print-head issue,Print-head issue; synthetic claim scenario: missing mandatory proof.,Electrical,Expired,Excluded,Missing,Available,Missing,Available,Missing,Available,3,3,2026-04-22,Authorized Service Center A,Unauthorized,Control Board,Match,Mismatch,Yes,Yes,Outside Period,No,Yes,No,No,Normal,High,Missing mandatory proof,Invalid Claim
CLM-0980,PRD-0980,Refrigerator,Haier,HRF-758,SN91429734,2023-12-24,180000,City Appliances,24,2023-12-24,2025-12-13,2028-05-31,54,2028-04-13,Thermostat failure,Thermostat failure; synthetic claim scenario: excluded damage.,Software/Firmware,Expired,Not Covered,Missing,Missing,Available,Missing,Missing,Missing,5,3,2028-03-14,Independent Repair Shop,Unauthorized,None,Match,Mismatch,Yes,Yes,Outside Period,Yes,Yes,No,No,Normal,High,Excluded damage,Invalid Claim
CLM-0981,PRD-0981,Microwave,Samsung,MS23,SN51345488,2024-05-30,45000,Smart Mart,12,2024-05-30,2025-05-25,2026-01-20,20,2025-12-28,Turntable failure,Turntable failure; synthetic claim scenario: claim outside reporting period.,Water/Liquid,Expired,Excluded,Available,Missing,Missing,Missing,Available,Available,3,1,2024-12-27,Authorized Service Center B,Authorized,Control Board,Match,Mismatch,No,Yes,Within Period,No,Yes,No,No,Complex,Medium,Claim outside reporting period,Invalid Claim
CLM-0982,PRD-0982,Television,LG,OLED55,SN10516367,2023-12-18,210000,Smart Mart,24,2023-12-18,2025-12-07,2027-03-02,39,2027-01-22,Remote receiver failure,Remote receiver failure; synthetic claim scenario: duplicate claim.,Water/Liquid,Expired,Excluded,Missing,Available,Missing,Missing,Available,Available,3,3,2026-09-16,Independent Repair Shop,Authorized,Motherboard,Mismatch,Mismatch,No,No,Outside Period,Yes,No,No,No,Complex,High,Duplicate claim,Invalid Claim
CLM-0983,PRD-0983,Washing Machine,Dawlance,DWT-1167,SN88420719,2024-12-03,135000,Smart Mart,24,2024-12-03,2026-11-23,2029-07-10,56,2029-06-23,Water leakage,Water leakage; synthetic claim scenario: claim outside reporting period.,Electrical,Expired,Excluded,Missing,Missing,Missing,Available,Available,Missing,4,0,,Authorized Service Center B,Not Applicable,None,Match,Match,No,No,Within Period,No,No,No,No,Normal,Medium,Claim outside reporting period,Invalid Claim
CLM-0984,PRD-0984,Washing Machine,Dawlance,DWT-1167,SN79804420,2023-10-24,135000,TechWorld,24,2023-10-24,2025-10-13,2025-11-12,25,2025-09-22,Water leakage,Water leakage; synthetic claim scenario: duplicate claim.,Mechanical,Expired,Not Covered,Missing,Available,Missing,Available,Available,Available,2,1,2025-03-23,Authorized Service Center A,Authorized,None,Mismatch,Mismatch,No,No,Outside Period,No,Yes,No,No,Complex,Medium,Duplicate claim,Invalid Claim
CLM-0985,PRD-0985,Refrigerator,Haier,HRF-758,SN64129615,2025-06-14,180000,TechWorld,24,2025-06-14,2027-06-04,2027-09-02,27,2027-08-11,Thermostat failure,Thermostat failure; synthetic claim scenario: claim outside reporting period.,Water/Liquid,Expired,Excluded,Missing,Available,Missing,Missing,Available,Missing,4,3,2026-05-17,Authorized Service Center A,Unauthorized,Control Board,Mismatch,Mismatch,No,Yes,Outside Period,No,Yes,No,No,Normal,Medium,Claim outside reporting period,Invalid Claim
CLM-0986,PRD-0986,Air Conditioner,Orient,Ultron,SN67408518,2024-10-22,165000,Digital Hub,18,2024-10-22,2026-04-15,2026-06-14,20,2026-04-16,Compressor issue,Compressor issue; synthetic claim scenario: excluded damage.,Normal Wear,Expired,Excluded,Missing,Missing,Available,Missing,Available,Missing,4,2,2025-10-06,Authorized Service Center B,Unauthorized,None,Match,Match,Yes,No,Outside Period,Yes,Yes,No,No,Normal,High,Excluded damage,Invalid Claim
CLM-0987,PRD-0987,Laptop,Dell,Inspiron 15,SN90175835,2023-08-25,85000,City Appliances,12,2023-08-25,2024-08-19,2026-03-12,31,2026-02-20,Motherboard failure,Motherboard failure; synthetic claim scenario: duplicate claim.,Software/Firmware,Expired,Excluded,Available,Available,Missing,Missing,Missing,Missing,4,3,2025-04-30,Authorized Service Center B,Authorized,Battery,Mismatch,Mismatch,Yes,No,Outside Period,No,Yes,No,No,Complex,Medium,Duplicate claim,Invalid Claim
CLM-0988,PRD-0988,Air Conditioner,Orient,Ultron,SN53789552,2024-03-11,165000,Mega Electronics,18,2024-03-11,2025-09-02,2026-08-28,30,2026-08-16,Water leakage,Water leakage; synthetic claim scenario: missing mandatory proof.,Electrical,Expired,Not Covered,Available,Available,Missing,Available,Available,Missing,2,3,2025-06-18,Authorized Service Center A,Authorized,Battery,Match,Mismatch,No,No,Within Period,Yes,No,No,No,Complex,High,Missing mandatory proof,Invalid Claim
CLM-0989,PRD-0989,Refrigerator,Haier,HRF-758,SN95001070,2023-11-17,180000,City Appliances,24,2023-11-17,2025-11-06,2028-06-23,56,2028-04-30,Compressor issue,Compressor issue; synthetic claim scenario: expired warranty.,Software/Firmware,Expired,Not Covered,Available,Missing,Missing,Missing,Available,Available,3,1,2027-05-31,Independent Repair Shop,Unauthorized,Battery,Mismatch,Match,No,Yes,Outside Period,No,Yes,No,No,Complex,High,Expired warranty,Invalid Claim
CLM-0990,PRD-0990,Printer,HP,LaserJet M404,SN18933547,2025-03-01,72000,TechWorld,12,2025-03-01,2026-02-24,2029-01-09,47,2028-11-28,Connectivity issue,Connectivity issue; synthetic claim scenario: duplicate claim.,Physical,Expired,Not Covered,Missing,Missing,Missing,Missing,Available,Available,4,2,2028-09-14,Independent Repair Shop,Authorized,None,Mismatch,Mismatch,Yes,No,Outside Period,Yes,No,No,No,Complex,High,Duplicate claim,Invalid Claim
CLM-0991,PRD-0991,Laptop,Dell,Inspiron 15,SN48840591,2024-01-07,85000,Smart Mart,12,2024-01-07,2025-01-01,2025-06-30,18,2025-06-13,Keyboard failure,Keyboard failure; synthetic claim scenario: duplicate claim.,Mechanical,Expired,Excluded,Missing,Missing,Missing,Missing,Available,Missing,5,1,2024-11-30,Authorized Service Center A,Authorized,None,Match,Mismatch,Yes,No,Outside Period,Yes,No,No,No,Complex,High,Duplicate claim,Invalid Claim
CLM-0992,PRD-0992,Air Conditioner,Orient,Ultron,SN74413640,2023-08-25,165000,Smart Mart,18,2023-08-25,2025-02-15,2027-11-02,51,2027-09-28,Compressor issue,Compressor issue; synthetic claim scenario: unauthorized repair.,Software/Firmware,Expired,Not Covered,Available,Available,Available,Available,Missing,Available,1,0,,Independent Repair Shop,Not Applicable,None,Mismatch,Match,Yes,No,Outside Period,Yes,Yes,No,Yes,Normal,Medium,Unauthorized repair,Invalid Claim
CLM-0993,PRD-0993,Refrigerator,Haier,HRF-758,SN49263700,2023-01-10,180000,Digital Hub,24,2023-01-10,2024-12-30,2027-12-15,60,2027-11-17,Compressor issue,Compressor issue; synthetic claim scenario: duplicate claim.,Software/Firmware,Expired,Not Covered,Missing,Available,Missing,Available,Available,Missing,3,2,2027-04-20,Authorized Service Center B,Unauthorized,Motherboard,Match,Match,No,Yes,Outside Period,No,No,No,No,Complex,Medium,Duplicate claim,Invalid Claim
CLM-0994,PRD-0994,Smartphone,Samsung,Galaxy A55,SN89937042,2025-01-22,125000,Smart Mart,12,2025-01-22,2026-01-17,2028-06-05,41,2028-04-18,Speaker failure,Speaker failure; synthetic claim scenario: unauthorized repair.,Physical,Expired,Excluded,Available,Missing,Available,Missing,Available,Available,2,3,2028-02-27,Independent Repair Shop,Authorized,Motherboard,Match,Mismatch,No,No,Outside Period,No,Yes,No,No,Normal,High,Unauthorized repair,Invalid Claim
CLM-0995,PRD-0995,Refrigerator,Haier,HRF-758,SN95242946,2024-08-14,180000,Smart Mart,24,2024-08-14,2026-08-04,2029-06-19,59,2029-04-22,Door seal failure,Door seal failure; synthetic claim scenario: expired warranty.,Physical,Expired,Not Covered,Missing,Available,Available,Available,Missing,Missing,3,2,2029-02-22,Independent Repair Shop,Authorized,Control Board,Match,Mismatch,No,No,Within Period,Yes,Yes,No,No,Complex,Medium,Expired warranty,Invalid Claim
CLM-0996,PRD-0996,Television,LG,OLED55,SN37663707,2024-06-14,210000,City Appliances,24,2024-06-14,2026-06-04,2027-01-30,32,2026-12-07,Panel issue,Panel issue; synthetic claim scenario: claim outside reporting period.,Software/Firmware,Expired,Not Covered,Available,Available,Available,Missing,Missing,Available,2,1,2026-07-31,Independent Repair Shop,Unauthorized,Battery,Match,Match,No,Yes,Within Period,Yes,No,No,No,Complex,High,Claim outside reporting period,Invalid Claim
CLM-0997,PRD-0997,Printer,HP,LaserJet M404,SN52362188,2024-06-19,72000,Mega Electronics,12,2024-06-19,2025-06-14,2025-12-11,18,2025-11-29,Power failure,Power failure; synthetic claim scenario: expired warranty.,Water/Liquid,Expired,Not Covered,Available,Available,Missing,Missing,Available,Available,2,1,2025-01-03,Authorized Service Center B,Unauthorized,Motherboard,Match,Mismatch,Yes,Yes,Outside Period,No,No,No,No,Complex,High,Expired warranty,Invalid Claim
CLM-0998,PRD-0998,Printer,HP,LaserJet M404,SN28039011,2024-08-22,72000,Digital Hub,12,2024-08-22,2025-08-17,2026-11-10,27,2026-09-18,Power failure,Power failure; synthetic claim scenario: excluded damage.,Physical,Expired,Excluded,Available,Missing,Available,Missing,Available,Missing,3,1,2026-08-08,Independent Repair Shop,Authorized,None,Mismatch,Match,Yes,Yes,Outside Period,No,Yes,No,No,Normal,Medium,Excluded damage,Invalid Claim
CLM-0999,PRD-0999,Refrigerator,Haier,HRF-758,SN63963175,2025-01-10,180000,Mega Electronics,24,2025-01-10,2026-12-31,2027-03-31,27,2027-02-22,Thermostat failure,Thermostat failure; synthetic claim scenario: unauthorized repair.,Software/Firmware,Expired,Not Covered,Missing,Available,Available,Available,Missing,Missing,3,0,,Authorized Service Center A,Not Applicable,None,Match,Match,No,Yes,Within Period,No,No,No,No,Complex,High,Unauthorized repair,Invalid Claim
CLM-1000,PRD-1000,Smartphone,Samsung,Galaxy A55,SN88488268,2023-08-11,125000,City Appliances,12,2023-08-11,2024-08-05,2026-06-26,35,2026-05-24,Screen failure,Screen failure; synthetic claim scenario: claim outside reporting period.,Water/Liquid,Expired,Excluded,Available,Available,Missing,Available,Available,Available,1,2,2025-08-22,Authorized Service Center B,Authorized,Battery,Mismatch,Mismatch,No,No,Outside Period,No,No,No,Yes,Complex,Medium,Claim outside reporting period,Invalid Claim
CLM-1001,PRD-1001,Air Conditioner,Orient,Ultron,SN10628942,2023-12-22,165000,Digital Hub,18,2023-12-22,2025-06-14,2025-04-15,16,2025-02-25,Water leakage,Water leakage; synthetic claim scenario: missing evidence.,Mechanical,Expired,Covered,Missing,Available,Available,Available,Missing,Missing,3,0,,,Not Applicable,None,Mismatch,Match,No,Yes,Uncertain,Yes,Uncertain,No,No,Complex,High,Missing evidence,Manual Review
CLM-1002,PRD-1002,Washing Machine,Dawlance,DWT-1167,SN99829082,2023-07-01,135000,Smart Mart,24,2023-07-01,2025-06-20,2025-09-18,27,2025-08-16,Motor issue,Motor issue; synthetic claim scenario: missing evidence.,Water/Liquid,Expired,Covered,Missing,Available,Available,Available,Missing,Missing,3,2,2025-05-17,Authorized Service Center B,Unknown,None,Unknown,Mismatch,Possible,Possible,Within Period,Yes,No,No,No,Complex,Medium,Missing evidence,Manual Review
CLM-1003,PRD-1003,Television,LG,OLED55,SN87221427,2024-05-17,210000,City Appliances,24,2024-05-17,2026-05-07,2026-02-06,21,2026-01-03,No display,No display; synthetic claim scenario: contradictory dates.,Water/Liquid,Active,Not Covered,Missing,Available,Missing,Available,Available,Missing,3,2,2025-09-07,Independent Repair Shop,Unauthorized,None,Mismatch,Match,Yes,Yes,Within Period,Unknown,Yes,No,No,Complex,Medium,Contradictory dates,Manual Review
CLM-1004,PRD-1004,Printer,HP,LaserJet M404,SN45686084,2024-05-22,72000,Mega Electronics,12,2024-05-22,2025-05-17,2025-06-16,13,2025-03-19,Connectivity issue,Connectivity issue; synthetic claim scenario: borderline warranty date.,Electrical,Near Expiry,Uncertain,Available,Available,Available,Missing,Missing,Missing,3,1,2024-11-29,Authorized Service Center A,Unknown,Motherboard,Match,Mismatch,Yes,Yes,Outside Period,No,Yes,No,No,Complex,Medium,Borderline warranty date,Manual Review
CLM-1005,PRD-1005,Smartphone,Samsung,Galaxy A55,SN73739506,2025-03-18,125000,City Appliances,12,2025-03-18,2026-03-13,2026-06-11,15,2026-05-07,Camera failure,Camera failure; synthetic claim scenario: missing evidence.,Electrical,Near Expiry,Covered,Available,Missing,Available,Available,Missing,Available,2,2,2025-09-24,Authorized Service Center B,Unknown,Screen,Unknown,Mismatch,Yes,No,Uncertain,No,No,No,No,Complex,High,Missing evidence,Manual Review
CLM-1006,PRD-1006,Smartphone,Samsung,Galaxy A55,SN41224916,2023-08-27,125000,TechWorld,12,2023-08-27,2024-08-21,2025-02-17,18,2025-02-15,Screen failure,Screen failure; synthetic claim scenario: conflicting model predictions.,Water/Liquid,Near Expiry,Covered,Missing,Available,Missing,Available,Available,Not Required,2,0,,,Not Applicable,None,Mismatch,Match,Possible,Possible,Within Period,No,Yes,No,No,Complex,Medium,Conflicting model predictions,Manual Review
CLM-1007,PRD-1007,Laptop,Dell,Inspiron 15,SN83932265,2025-01-11,85000,TechWorld,12,2025-01-11,2026-01-06,2026-05-06,16,2026-03-07,Screen flickering,Screen flickering; synthetic claim scenario: low-confidence scenario.,Electrical,Active,Covered,Missing,Missing,Available,Available,Available,Not Required,2,2,2025-08-06,Independent Repair Shop,Unknown,Control Board,Unknown,Mismatch,No,Yes,Within Period,No,Yes,No,No,Complex,High,Low-confidence scenario,Manual Review
CLM-1008,PRD-1008,Microwave,Samsung,MS23,SN48871146,2025-01-01,45000,TechWorld,12,2025-01-01,2025-12-27,2025-10-28,10,2025-08-07,Turntable failure,Turntable failure; synthetic claim scenario: duplicate indicator.,Physical,Active,Covered,Missing,Missing,Available,Missing,Available,Not Required,3,1,2025-05-31,Independent Repair Shop,Unauthorized,Battery,Match,Match,No,Possible,Within Period,Yes,Yes,No,No,Complex,Medium,Duplicate indicator,Manual Review
CLM-1009,PRD-1009,Television,LG,OLED55,SN30326795,2024-03-05,210000,TechWorld,24,2024-03-05,2026-02-23,2025-12-25,22,2025-10-17,No display,No display; synthetic claim scenario: missing evidence.,Electrical,Near Expiry,Covered,Available,Available,Missing,Missing,Missing,Available,3,2,2025-05-24,Authorized Service Center A,Authorized,Control Board,Mismatch,Match,No,Yes,Outside Period,Yes,Uncertain,No,No,Complex,Medium,Missing evidence,Manual Review
CLM-1010,PRD-1010,Air Conditioner,Orient,Ultron,SN13489239,2025-03-09,165000,City Appliances,18,2025-03-09,2026-08-31,2026-11-29,21,2026-10-06,Cooling failure,Cooling failure; synthetic claim scenario: contradictory dates.,Mechanical,Near Expiry,Covered,Available,Missing,Available,Missing,Available,Available,2,1,2026-03-16,Authorized Service Center B,Unknown,Control Board,Mismatch,Match,No,No,Outside Period,No,No,No,No,Complex,High,Contradictory dates,Manual Review
CLM-1011,PRD-1011,Microwave,Samsung,MS23,SN44075978,2023-04-02,45000,Digital Hub,12,2023-04-02,2024-03-27,2023-12-28,9,2023-10-05,Heating failure,Heating failure; synthetic claim scenario: contradictory dates.,Normal Wear,Expired,Covered,Available,Available,Available,Available,Missing,Not Required,1,0,,,Not Applicable,None,Unknown,Unknown,Possible,No,Uncertain,Yes,Yes,Yes,Yes,Complex,Medium,Contradictory dates,Manual Review
CLM-1012,PRD-1012,Washing Machine,Dawlance,DWT-1167,SN96965812,2025-01-31,135000,City Appliances,24,2025-01-31,2027-01-21,2026-11-22,22,2026-09-19,Drainage failure,Drainage failure; synthetic claim scenario: borderline warranty date.,Electrical,Active,Uncertain,Available,Available,Missing,Available,Missing,Missing,3,1,2026-06-30,Authorized Service Center B,Authorized,Battery,Match,Match,Possible,Possible,Within Period,No,Yes,No,No,Complex,Medium,Borderline warranty date,Manual Review
CLM-1013,PRD-1013,Air Conditioner,Orient,Ultron,SN73125920,2023-07-05,165000,City Appliances,18,2023-07-05,2024-12-26,2025-06-24,24,2025-05-20,Compressor issue,Compressor issue; synthetic claim scenario: contradictory dates.,Electrical,Active,Covered,Available,Missing,Missing,Missing,Missing,Available,4,1,2025-05-24,Authorized Service Center A,Unknown,Motherboard,Match,Mismatch,Yes,Yes,Outside Period,Yes,No,No,No,Complex,Medium,Contradictory dates,Manual Review
CLM-1014,PRD-1014,Washing Machine,Dawlance,DWT-1167,SN67695778,2025-01-07,135000,Smart Mart,24,2025-01-07,2026-12-28,2026-11-28,23,2026-10-24,Motor issue,Motor issue; synthetic claim scenario: conflicting model predictions.,Software/Firmware,Expired,Uncertain,Missing,Missing,Available,Missing,Available,Available,3,0,,,Not Applicable,None,Match,Unknown,Yes,No,Outside Period,Unknown,Uncertain,No,No,Complex,Medium,Conflicting model predictions,Manual Review
CLM-1015,PRD-1015,Washing Machine,Dawlance,DWT-1167,SN98227915,2025-01-20,135000,Smart Mart,24,2025-01-20,2027-01-10,2027-02-09,25,2026-12-09,Control panel failure,Control panel failure; synthetic claim scenario: borderline warranty date.,Electrical,Near Expiry,Not Covered,Missing,Available,Available,Missing,Missing,Available,3,0,,,Not Applicable,None,Unknown,Unknown,Possible,Possible,Outside Period,Yes,No,No,No,Complex,Medium,Borderline warranty date,Manual Review
CLM-1016,PRD-1016,Smartphone,Samsung,Galaxy A55,SN46106651,2024-08-08,125000,Smart Mart,12,2024-08-08,2025-08-03,2025-12-01,16,2025-10-24,Speaker failure,Speaker failure; synthetic claim scenario: conflicting model predictions.,Software/Firmware,Near Expiry,Uncertain,Available,Available,Missing,Missing,Available,Available,2,1,2025-02-14,Authorized Service Center A,Unauthorized,Screen,Unknown,Unknown,Yes,No,Within Period,Yes,No,No,No,Complex,High,Conflicting model predictions,Manual Review
CLM-1017,PRD-1017,Microwave,Samsung,MS23,SN58221693,2023-02-10,45000,Digital Hub,12,2023-02-10,2024-02-05,2023-12-07,10,2023-11-08,Heating failure,Heating failure; synthetic claim scenario: serial mismatch.,Electrical,Near Expiry,Uncertain,Missing,Missing,Missing,Missing,Available,Available,4,2,2023-11-13,Authorized Service Center A,Authorized,Battery,Match,Match,Yes,Yes,Outside Period,Unknown,Uncertain,No,No,Complex,Medium,Serial mismatch,Manual Review
CLM-1018,PRD-1018,Refrigerator,Haier,HRF-758,SN64518407,2023-01-03,180000,TechWorld,24,2023-01-03,2024-12-23,2024-09-24,21,2024-09-21,Cooling failure,Cooling failure; synthetic claim scenario: conflicting model predictions.,Electrical,Near Expiry,Uncertain,Missing,Available,Missing,Missing,Missing,Available,4,2,2024-07-10,Independent Repair Shop,Authorized,Control Board,Match,Unknown,Yes,Yes,Uncertain,No,No,No,No,Complex,High,Conflicting model predictions,Manual Review
CLM-1019,PRD-1019,Smartphone,Samsung,Galaxy A55,SN13094747,2024-01-29,125000,Smart Mart,12,2024-01-29,2025-01-23,2025-01-23,12,2025-01-05,Battery swelling,Battery swelling; synthetic claim scenario: serial mismatch.,Water/Liquid,Near Expiry,Not Covered,Available,Missing,Missing,Available,Missing,Available,3,2,2024-07-15,Authorized Service Center B,Unknown,Control Board,Match,Unknown,Possible,Possible,Outside Period,Yes,No,No,No,Complex,Medium,Serial mismatch,Manual Review
CLM-1020,PRD-1020,Washing Machine,Dawlance,DWT-1167,SN86951198,2024-12-01,135000,Digital Hub,24,2024-12-01,2026-11-21,2026-11-21,24,2026-09-26,Motor issue,Motor issue; synthetic claim scenario: contradictory dates.,Mechanical,Active,Covered,Available,Missing,Available,Available,Available,Missing,2,0,,,Not Applicable,None,Unknown,Unknown,Yes,Yes,Outside Period,Unknown,Yes,No,No,Complex,High,Contradictory dates,Manual Review
CLM-1021,PRD-1021,Laptop,Dell,Inspiron 15,SN69272797,2023-07-13,85000,Mega Electronics,12,2023-07-13,2024-07-07,2024-04-08,9,2024-03-30,Charging issue,Charging issue; synthetic claim scenario: duplicate indicator.,Normal Wear,Expired,Covered,Missing,Available,Missing,Missing,Missing,Available,4,1,2023-10-07,Authorized Service Center B,Unknown,None,Unknown,Unknown,Possible,Possible,Uncertain,Unknown,Yes,No,No,Complex,High,Duplicate indicator,Manual Review
CLM-1022,PRD-1022,Smartphone,Samsung,Galaxy A55,SN72756047,2023-03-01,125000,Mega Electronics,12,2023-03-01,2024-02-24,2024-03-25,13,2024-01-02,Screen failure,Screen failure; synthetic claim scenario: serial mismatch.,Physical,Near Expiry,Covered,Available,Available,Available,Available,Available,Not Required,0,1,2023-10-10,Authorized Service Center A,Authorized,Battery,Mismatch,Match,No,Yes,Outside Period,Unknown,No,No,No,Complex,High,Serial mismatch,Manual Review
CLM-1023,PRD-1023,Printer,HP,LaserJet M404,SN56432833,2023-11-16,72000,Smart Mart,12,2023-11-16,2024-11-10,2024-11-10,12,2024-09-26,Power failure,Power failure; synthetic claim scenario: serial mismatch.,Electrical,Expired,Covered,Available,Missing,Available,Available,Available,Not Required,1,0,,,Not Applicable,None,Unknown,Unknown,Possible,No,Uncertain,No,Uncertain,No,Yes,Complex,Medium,Serial mismatch,Manual Review
CLM-1024,PRD-1024,Washing Machine,Dawlance,DWT-1167,SN13976162,2024-11-12,135000,TechWorld,24,2024-11-12,2026-11-02,2026-09-03,22,2026-08-29,Drainage failure,Drainage failure; synthetic claim scenario: borderline warranty date.,Normal Wear,Active,Not Covered,Available,Available,Available,Missing,Missing,Missing,3,0,,,Not Applicable,None,Match,Match,No,Yes,Within Period,Unknown,No,No,No,Complex,High,Borderline warranty date,Manual Review
CLM-1025,PRD-1025,Television,LG,OLED55,SN16174484,2023-07-25,210000,Digital Hub,24,2023-07-25,2025-07-14,2026-01-10,30,2025-10-21,Sound failure,Sound failure; synthetic claim scenario: serial mismatch.,Normal Wear,Expired,Covered,Missing,Available,Available,Available,Missing,Not Required,2,2,2025-06-13,Authorized Service Center A,Unauthorized,Battery,Unknown,Mismatch,Possible,Possible,Within Period,Unknown,Yes,No,No,Complex,High,Serial mismatch,Manual Review
CLM-1026,PRD-1026,Television,LG,OLED55,SN75923591,2024-03-26,210000,City Appliances,24,2024-03-26,2026-03-16,2026-03-16,24,2025-12-24,No display,No display; synthetic claim scenario: borderline warranty date.,Water/Liquid,Expired,Not Covered,Available,Available,Available,Missing,Available,Available,1,1,2025-06-14,Independent Repair Shop,Unknown,Battery,Unknown,Match,Yes,Possible,Outside Period,No,Yes,Yes,No,Complex,High,Borderline warranty date,Manual Review
CLM-1027,PRD-1027,Television,LG,OLED55,SN46180065,2023-11-22,210000,Smart Mart,24,2023-11-22,2025-11-11,2025-10-12,23,2025-08-14,Remote receiver failure,Remote receiver failure; synthetic claim scenario: missing evidence.,Physical,Near Expiry,Covered,Missing,Missing,Available,Missing,Missing,Not Required,4,1,2025-03-27,Independent Repair Shop,Unauthorized,Motherboard,Match,Match,Possible,No,Uncertain,Yes,Yes,No,No,Complex,High,Missing evidence,Manual Review
CLM-1028,PRD-1028,Microwave,Samsung,MS23,SN17200455,2025-04-29,45000,Digital Hub,12,2025-04-29,2026-04-24,2026-03-25,11,2026-01-09,Door switch failure,Door switch failure; synthetic claim scenario: missing evidence.,Normal Wear,Active,Uncertain,Available,Missing,Available,Available,Missing,Available,2,2,2025-10-01,Independent Repair Shop,Unknown,Motherboard,Mismatch,Mismatch,No,No,Within Period,Yes,Yes,No,No,Complex,Medium,Missing evidence,Manual Review
CLM-1029,PRD-1029,Printer,HP,LaserJet M404,SN36248260,2024-07-14,72000,Smart Mart,12,2024-07-14,2025-07-09,2025-05-10,10,2025-04-20,Connectivity issue,Connectivity issue; synthetic claim scenario: serial mismatch.,Water/Liquid,Active,Not Covered,Missing,Missing,Missing,Available,Missing,Missing,5,2,2025-01-22,Authorized Service Center A,Unauthorized,None,Unknown,Unknown,Possible,Possible,Uncertain,No,No,No,No,Complex,Medium,Serial mismatch,Manual Review
CLM-1030,PRD-1030,Television,LG,OLED55,SN44852366,2024-04-19,210000,TechWorld,24,2024-04-19,2026-04-09,2026-01-09,21,2025-10-15,Sound failure,Sound failure; synthetic claim scenario: contradictory dates.,Physical,Expired,Covered,Missing,Available,Missing,Missing,Available,Not Required,3,0,,,Not Applicable,None,Unknown,Unknown,Possible,Yes,Outside Period,Unknown,No,No,No,Complex,High,Contradictory dates,Manual Review
CLM-1031,PRD-1031,Smartphone,Samsung,Galaxy A55,SN42174333,2025-04-16,125000,City Appliances,12,2025-04-16,2026-04-11,2026-01-11,9,2025-12-18,Battery swelling,Battery swelling; synthetic claim scenario: missing evidence.,Mechanical,Active,Covered,Missing,Missing,Available,Missing,Available,Not Required,3,0,,,Not Applicable,None,Match,Match,No,Yes,Outside Period,No,Yes,No,No,Complex,High,Missing evidence,Manual Review
CLM-1032,PRD-1032,Smartphone,Samsung,Galaxy A55,SN89147389,2024-12-31,125000,City Appliances,12,2024-12-31,2025-12-26,2025-09-27,9,2025-09-19,Battery swelling,Battery swelling; synthetic claim scenario: borderline warranty date.,Normal Wear,Active,Covered,Available,Available,Available,Missing,Available,Available,1,0,,,Not Applicable,None,Mismatch,Match,No,No,Outside Period,Yes,No,Yes,Yes,Complex,High,Borderline warranty date,Manual Review
CLM-1033,PRD-1033,Printer,HP,LaserJet M404,SN13037859,2023-02-16,72000,City Appliances,12,2023-02-16,2024-02-11,2024-05-11,15,2024-04-21,Paper feed failure,Paper feed failure; synthetic claim scenario: missing evidence.,Mechanical,Expired,Uncertain,Available,Missing,Available,Missing,Missing,Not Required,3,1,2023-10-18,Authorized Service Center A,Unknown,Control Board,Match,Match,No,Possible,Outside Period,No,Yes,No,No,Complex,Medium,Missing evidence,Manual Review
CLM-1034,PRD-1034,Microwave,Samsung,MS23,SN74575071,2024-06-19,45000,City Appliances,12,2024-06-19,2025-06-14,2025-10-12,16,2025-09-24,Door switch failure,Door switch failure; synthetic claim scenario: conflicting model predictions.,Electrical,Expired,Uncertain,Available,Available,Missing,Available,Missing,Available,2,1,2025-09-08,Independent Repair Shop,Unknown,Control Board,Unknown,Match,Yes,Possible,Within Period,No,No,No,No,Complex,High,Conflicting model predictions,Manual Review
CLM-1035,PRD-1035,Refrigerator,Haier,HRF-758,SN63051082,2024-05-11,180000,Mega Electronics,24,2024-05-11,2026-05-01,2026-05-01,24,2026-04-25,Compressor issue,Compressor issue; synthetic claim scenario: low-confidence scenario.,Mechanical,Expired,Not Covered,Available,Available,Available,Missing,Available,Not Required,1,2,2025-10-06,Authorized Service Center B,Unauthorized,None,Unknown,Match,No,No,Uncertain,Yes,Uncertain,No,Yes,Complex,Medium,Low-confidence scenario,Manual Review
CLM-1036,PRD-1036,Printer,HP,LaserJet M404,SN22004794,2024-08-22,72000,Digital Hub,12,2024-08-22,2025-08-17,2025-11-15,15,2025-08-29,Print-head issue,Print-head issue; synthetic claim scenario: conflicting model predictions.,Electrical,Near Expiry,Not Covered,Missing,Missing,Missing,Missing,Missing,Available,5,1,2025-03-14,Independent Repair Shop,Unknown,None,Mismatch,Match,Possible,Yes,Uncertain,No,No,No,No,Complex,High,Conflicting model predictions,Manual Review
CLM-1037,PRD-1037,Printer,HP,LaserJet M404,SN77563757,2023-11-02,72000,TechWorld,12,2023-11-02,2024-10-27,2025-01-25,15,2025-01-15,Power failure,Power failure; synthetic claim scenario: serial mismatch.,Mechanical,Active,Not Covered,Available,Available,Available,Missing,Available,Not Required,1,2,2024-08-26,Authorized Service Center A,Unauthorized,None,Match,Unknown,Yes,Yes,Within Period,Unknown,Uncertain,Yes,Yes,Complex,High,Serial mismatch,Manual Review
CLM-1038,PRD-1038,Laptop,Dell,Inspiron 15,SN42892474,2023-11-05,85000,Mega Electronics,12,2023-11-05,2024-10-30,2025-01-28,15,2024-11-12,Charging issue,Charging issue; synthetic claim scenario: missing evidence.,Normal Wear,Active,Covered,Missing,Available,Available,Available,Available,Missing,2,0,,,Not Applicable,None,Mismatch,Mismatch,Yes,Possible,Uncertain,Unknown,Yes,No,No,Complex,High,Missing evidence,Manual Review
CLM-1039,PRD-1039,Air Conditioner,Orient,Ultron,SN24920594,2023-08-27,165000,Mega Electronics,18,2023-08-27,2025-02-17,2025-07-17,23,2025-07-05,Fan failure,Fan failure; synthetic claim scenario: duplicate indicator.,Water/Liquid,Active,Covered,Missing,Available,Available,Missing,Missing,Missing,4,1,2025-04-09,Authorized Service Center B,Unknown,None,Unknown,Mismatch,No,Possible,Outside Period,No,Uncertain,No,No,Complex,High,Duplicate indicator,Manual Review
CLM-1040,PRD-1040,Microwave,Samsung,MS23,SN12531451,2024-05-19,45000,Mega Electronics,12,2024-05-19,2025-05-14,2025-03-15,10,2025-02-25,Control panel issue,Control panel issue; synthetic claim scenario: low-confidence scenario.,Physical,Active,Uncertain,Missing,Missing,Available,Missing,Missing,Missing,5,0,,,Not Applicable,None,Mismatch,Unknown,No,Yes,Uncertain,Yes,No,No,No,Complex,Medium,Low-confidence scenario,Manual Review
CLM-1041,PRD-1041,Washing Machine,Dawlance,DWT-1167,SN97555419,2024-03-21,135000,City Appliances,24,2024-03-21,2026-03-11,2026-04-10,25,2026-02-14,Water leakage,Water leakage; synthetic claim scenario: low-confidence scenario.,Water/Liquid,Expired,Not Covered,Available,Available,Missing,Available,Missing,Available,2,0,,,Not Applicable,None,Mismatch,Match,No,Yes,Outside Period,No,Yes,No,No,Complex,High,Low-confidence scenario,Manual Review
CLM-1042,PRD-1042,Refrigerator,Haier,HRF-758,SN31742956,2024-05-07,180000,Smart Mart,24,2024-05-07,2026-04-27,2026-04-27,24,2026-04-14,Cooling failure,Cooling failure; synthetic claim scenario: conflicting model predictions.,Mechanical,Expired,Not Covered,Missing,Available,Available,Available,Missing,Missing,3,0,,,Not Applicable,None,Mismatch,Unknown,Possible,Yes,Outside Period,Unknown,No,No,No,Complex,High,Conflicting model predictions,Manual Review
CLM-1043,PRD-1043,Air Conditioner,Orient,Ultron,SN37950280,2023-09-23,165000,Smart Mart,18,2023-09-23,2025-03-16,2025-08-13,23,2025-06-22,Fan failure,Fan failure; synthetic claim scenario: borderline warranty date.,Software/Firmware,Active,Not Covered,Available,Missing,Available,Missing,Missing,Missing,4,1,2025-05-16,Authorized Service Center A,Unauthorized,Motherboard,Unknown,Mismatch,Yes,No,Within Period,Yes,No,No,No,Complex,Medium,Borderline warranty date,Manual Review
CLM-1044,PRD-1044,Printer,HP,LaserJet M404,SN10808854,2024-12-09,72000,Digital Hub,12,2024-12-09,2025-12-04,2026-02-02,14,2025-11-16,Power failure,Power failure; synthetic claim scenario: serial mismatch.,Electrical,Active,Covered,Missing,Missing,Available,Missing,Available,Missing,4,2,2025-04-21,Authorized Service Center B,Unknown,Control Board,Unknown,Match,No,No,Uncertain,Yes,Yes,No,No,Complex,Medium,Serial mismatch,Manual Review
CLM-1045,PRD-1045,Television,LG,OLED55,SN89910383,2024-04-30,210000,City Appliances,24,2024-04-30,2026-04-20,2026-10-17,30,2026-08-24,Remote receiver failure,Remote receiver failure; synthetic claim scenario: contradictory dates.,Software/Firmware,Near Expiry,Covered,Missing,Missing,Missing,Missing,Available,Missing,5,0,,,Not Applicable,None,Unknown,Unknown,Yes,Possible,Outside Period,Yes,No,No,No,Complex,High,Contradictory dates,Manual Review
CLM-1046,PRD-1046,Air Conditioner,Orient,Ultron,SN33547318,2023-12-19,165000,Mega Electronics,18,2023-12-19,2025-06-11,2025-05-12,17,2025-03-17,Compressor issue,Compressor issue; synthetic claim scenario: duplicate indicator.,Software/Firmware,Active,Uncertain,Available,Available,Missing,Available,Available,Missing,2,0,,,Not Applicable,None,Mismatch,Unknown,No,Possible,Uncertain,No,No,No,No,Complex,Medium,Duplicate indicator,Manual Review
CLM-1047,PRD-1047,Smartphone,Samsung,Galaxy A55,SN64243868,2023-04-19,125000,Smart Mart,12,2023-04-19,2024-04-13,2024-08-11,16,2024-06-24,Speaker failure,Speaker failure; synthetic claim scenario: missing evidence.,Water/Liquid,Near Expiry,Not Covered,Missing,Available,Missing,Available,Missing,Available,3,0,,,Not Applicable,None,Mismatch,Match,Yes,Yes,Outside Period,No,Yes,No,No,Complex,High,Missing evidence,Manual Review
CLM-1048,PRD-1048,Refrigerator,Haier,HRF-758,SN83332162,2023-02-03,180000,TechWorld,24,2023-02-03,2025-01-23,2024-12-24,23,2024-12-10,Thermostat failure,Thermostat failure; synthetic claim scenario: low-confidence scenario.,Electrical,Expired,Uncertain,Available,Available,Available,Available,Available,Available,0,2,2024-05-07,Independent Repair Shop,Unknown,Motherboard,Match,Match,Possible,No,Uncertain,Yes,Yes,No,Yes,Complex,Medium,Low-confidence scenario,Manual Review
CLM-1049,PRD-1049,Microwave,Samsung,MS23,SN69132249,2025-02-16,45000,Mega Electronics,12,2025-02-16,2026-02-11,2026-02-11,12,2026-01-31,Heating failure,Heating failure; synthetic claim scenario: conflicting model predictions.,Water/Liquid,Expired,Covered,Missing,Available,Missing,Available,Available,Missing,3,2,2025-10-13,Authorized Service Center A,Authorized,Screen,Mismatch,Mismatch,No,Possible,Outside Period,Yes,Uncertain,No,No,Complex,Medium,Conflicting model predictions,Manual Review
CLM-1050,PRD-1050,Microwave,Samsung,MS23,SN34183667,2024-03-19,45000,Smart Mart,12,2024-03-19,2025-03-14,2025-08-11,17,2025-08-10,Control panel issue,Control panel issue; synthetic claim scenario: contradictory dates.,Electrical,Near Expiry,Covered,Available,Missing,Missing,Missing,Available,Available,3,1,2025-02-06,Authorized Service Center A,Unknown,Battery,Unknown,Match,Yes,Yes,Within Period,No,Yes,No,No,Complex,Medium,Contradictory dates,Manual Review
CLM-1051,PRD-1051,Smartphone,Samsung,Galaxy A55,SN88935070,2025-04-21,125000,City Appliances,12,2025-04-21,2026-04-16,2026-04-16,12,2026-03-02,Screen failure,Screen failure; synthetic claim scenario: borderline warranty date.,Physical,Near Expiry,Covered,Missing,Missing,Available,Available,Missing,Not Required,3,1,2025-08-08,Authorized Service Center B,Unknown,Control Board,Mismatch,Match,Possible,No,Uncertain,Unknown,Yes,No,No,Complex,High,Borderline warranty date,Manual Review
CLM-1052,PRD-1052,Air Conditioner,Orient,Ultron,SN32267251,2023-01-24,165000,Mega Electronics,18,2023-01-24,2024-07-17,2024-04-18,15,2024-02-13,Cooling failure,Cooling failure; synthetic claim scenario: multiple rule warnings.,Electrical,Near Expiry,Not Covered,Missing,Available,Missing,Missing,Missing,Missing,5,0,,,Not Applicable,None,Match,Match,Yes,No,Uncertain,Unknown,No,No,No,Complex,Medium,Multiple rule warnings,Manual Review
CLM-1053,PRD-1053,Air Conditioner,Orient,Ultron,SN30664729,2025-03-06,165000,Digital Hub,18,2025-03-06,2026-08-28,2026-08-28,18,2026-06-09,Cooling failure,Cooling failure; synthetic claim scenario: duplicate indicator.,Normal Wear,Active,Not Covered,Missing,Available,Available,Available,Available,Missing,2,0,,,Not Applicable,None,Match,Match,No,No,Within Period,No,Yes,No,No,Complex,Medium,Duplicate indicator,Manual Review
CLM-1054,PRD-1054,Air Conditioner,Orient,Ultron,SN43056454,2023-12-19,165000,City Appliances,18,2023-12-19,2025-06-11,2025-04-12,16,2025-01-22,Fan failure,Fan failure; synthetic claim scenario: conflicting model predictions.,Mechanical,Near Expiry,Covered,Missing,Missing,Missing,Available,Available,Missing,4,2,2024-07-08,Independent Repair Shop,Unknown,Control Board,Mismatch,Unknown,No,Yes,Within Period,No,No,No,No,Complex,Medium,Conflicting model predictions,Manual Review
CLM-1055,PRD-1055,Printer,HP,LaserJet M404,SN25824860,2023-05-16,72000,Mega Electronics,12,2023-05-16,2024-05-10,2024-10-07,17,2024-10-03,Paper feed failure,Paper feed failure; synthetic claim scenario: conflicting model predictions.,Mechanical,Expired,Uncertain,Available,Available,Available,Missing,Missing,Available,2,0,,,Not Applicable,None,Unknown,Match,Possible,Possible,Uncertain,Yes,Yes,No,No,Complex,Medium,Conflicting model predictions,Manual Review
CLM-1056,PRD-1056,Microwave,Samsung,MS23,SN88645798,2024-02-16,45000,Mega Electronics,12,2024-02-16,2025-02-10,2024-12-12,10,2024-10-11,Heating failure,Heating failure; synthetic claim scenario: contradictory dates.,Mechanical,Expired,Not Covered,Missing,Missing,Available,Available,Available,Missing,3,0,,,Not Applicable,None,Unknown,Mismatch,Yes,No,Uncertain,No,Yes,No,No,Complex,High,Contradictory dates,Manual Review
CLM-1057,PRD-1057,Printer,HP,LaserJet M404,SN26168609,2024-04-02,72000,City Appliances,12,2024-04-02,2025-03-28,2025-03-28,12,2025-03-15,Connectivity issue,Connectivity issue; synthetic claim scenario: missing evidence.,Mechanical,Expired,Not Covered,Available,Missing,Available,Missing,Missing,Missing,4,1,2024-12-21,Independent Repair Shop,Unknown,None,Unknown,Mismatch,Possible,Possible,Within Period,No,Uncertain,No,No,Complex,Medium,Missing evidence,Manual Review
CLM-1058,PRD-1058,Laptop,Dell,Inspiron 15,SN99414559,2024-08-07,85000,TechWorld,12,2024-08-07,2025-08-02,2025-12-30,17,2025-11-25,Screen flickering,Screen flickering; synthetic claim scenario: serial mismatch.,Water/Liquid,Expired,Covered,Missing,Available,Available,Available,Available,Available,1,1,2025-08-15,Authorized Service Center B,Unauthorized,Motherboard,Match,Mismatch,No,Possible,Within Period,Unknown,No,Yes,Yes,Complex,High,Serial mismatch,Manual Review
CLM-1059,PRD-1059,Microwave,Samsung,MS23,SN50602354,2024-08-28,45000,Smart Mart,12,2024-08-28,2025-08-23,2025-07-24,11,2025-06-20,Heating failure,Heating failure; synthetic claim scenario: multiple rule warnings.,Software/Firmware,Expired,Uncertain,Available,Missing,Missing,Available,Available,Available,2,2,2024-09-28,Authorized Service Center A,Unknown,Motherboard,Mismatch,Unknown,Yes,Possible,Uncertain,Unknown,No,No,No,Complex,Medium,Multiple rule warnings,Manual Review
CLM-1060,PRD-1060,Laptop,Dell,Inspiron 15,SN54767455,2024-03-17,85000,Smart Mart,12,2024-03-17,2025-03-12,2025-06-10,15,2025-03-28,Motherboard failure,Motherboard failure; synthetic claim scenario: multiple rule warnings.,Physical,Active,Covered,Available,Available,Missing,Missing,Available,Missing,3,2,2025-04-22,Authorized Service Center A,Unauthorized,Control Board,Mismatch,Unknown,Yes,Yes,Outside Period,Yes,Yes,No,No,Complex,Medium,Multiple rule warnings,Manual Review
CLM-1061,PRD-1061,Refrigerator,Haier,HRF-758,SN20757966,2025-04-29,180000,Smart Mart,24,2025-04-29,2027-04-19,2027-06-18,26,2027-03-20,Door seal failure,Door seal failure; synthetic claim scenario: serial mismatch.,Software/Firmware,Expired,Uncertain,Missing,Available,Missing,Available,Available,Not Required,2,2,2027-01-13,Authorized Service Center B,Unauthorized,Battery,Match,Unknown,Yes,No,Outside Period,Yes,No,No,No,Complex,High,Serial mismatch,Manual Review
CLM-1062,PRD-1062,Television,LG,OLED55,SN32753536,2023-06-26,210000,Mega Electronics,24,2023-06-26,2025-06-15,2025-08-14,26,2025-08-12,No display,No display; synthetic claim scenario: serial mismatch.,Mechanical,Active,Uncertain,Available,Missing,Missing,Available,Missing,Missing,4,0,,,Not Applicable,None,Unknown,Mismatch,No,Yes,Outside Period,No,Uncertain,No,No,Complex,Medium,Serial mismatch,Manual Review
CLM-1063,PRD-1063,Washing Machine,Dawlance,DWT-1167,SN34845251,2023-03-31,135000,TechWorld,24,2023-03-31,2025-03-20,2025-09-16,30,2025-07-04,Motor issue,Motor issue; synthetic claim scenario: duplicate indicator.,Software/Firmware,Active,Uncertain,Available,Available,Missing,Missing,Available,Not Required,2,1,2025-08-07,Authorized Service Center A,Unauthorized,Screen,Mismatch,Match,Possible,Possible,Within Period,Unknown,Yes,No,No,Complex,High,Duplicate indicator,Manual Review
CLM-1064,PRD-1064,Laptop,Dell,Inspiron 15,SN80984616,2023-01-20,85000,Mega Electronics,12,2023-01-20,2024-01-15,2024-07-13,18,2024-07-03,Battery failure,Battery failure; synthetic claim scenario: contradictory dates.,Software/Firmware,Active,Uncertain,Available,Available,Available,Missing,Available,Not Required,1,2,2024-03-25,Authorized Service Center A,Authorized,Motherboard,Mismatch,Mismatch,No,No,Uncertain,No,Yes,Yes,Yes,Complex,High,Contradictory dates,Manual Review
CLM-1065,PRD-1065,Laptop,Dell,Inspiron 15,SN36828136,2023-11-25,85000,Digital Hub,12,2023-11-25,2024-11-19,2024-12-19,13,2024-10-28,Screen flickering,Screen flickering; synthetic claim scenario: borderline warranty date.,Software/Firmware,Active,Uncertain,Missing,Available,Missing,Missing,Available,Missing,4,1,2024-08-10,Independent Repair Shop,Unknown,None,Unknown,Mismatch,No,No,Uncertain,Yes,No,No,No,Complex,High,Borderline warranty date,Manual Review
CLM-1066,PRD-1066,Microwave,Samsung,MS23,SN25610085,2025-04-25,45000,Mega Electronics,12,2025-04-25,2026-04-20,2026-03-21,11,2026-02-20,Door switch failure,Door switch failure; synthetic claim scenario: borderline warranty date.,Software/Firmware,Near Expiry,Covered,Available,Available,Missing,Available,Available,Not Required,1,2,2025-10-20,Authorized Service Center B,Unknown,Battery,Match,Mismatch,Possible,No,Within Period,Unknown,No,No,No,Complex,High,Borderline warranty date,Manual Review
CLM-1067,PRD-1067,Microwave,Samsung,MS23,SN21615559,2024-04-26,45000,City Appliances,12,2024-04-26,2025-04-21,2025-09-18,17,2025-08-02,Heating failure,Heating failure; synthetic claim scenario: borderline warranty date.,Water/Liquid,Expired,Not Covered,Available,Missing,Available,Missing,Missing,Available,3,2,2025-08-06,Authorized Service Center B,Unauthorized,Control Board,Match,Mismatch,Possible,Possible,Within Period,Unknown,Uncertain,No,No,Complex,High,Borderline warranty date,Manual Review
CLM-1068,PRD-1068,Refrigerator,Haier,HRF-758,SN86540693,2023-06-26,180000,TechWorld,24,2023-06-26,2025-06-15,2025-05-16,23,2025-05-10,Thermostat failure,Thermostat failure; synthetic claim scenario: duplicate indicator.,Mechanical,Active,Not Covered,Available,Missing,Missing,Missing,Missing,Available,4,1,2025-01-30,Authorized Service Center A,Unauthorized,Screen,Mismatch,Mismatch,Possible,No,Uncertain,Yes,Uncertain,No,No,Complex,High,Duplicate indicator,Manual Review
CLM-1069,PRD-1069,Washing Machine,Dawlance,DWT-1167,SN45959196,2025-03-02,135000,Mega Electronics,24,2025-03-02,2027-02-20,2027-02-20,24,2027-01-02,Control panel failure,Control panel failure; synthetic claim scenario: low-confidence scenario.,Electrical,Active,Not Covered,Available,Missing,Missing,Available,Available,Not Required,2,1,2026-09-17,Authorized Service Center A,Unknown,Motherboard,Match,Match,Yes,Possible,Within Period,Unknown,Yes,No,No,Complex,High,Low-confidence scenario,Manual Review
CLM-1070,PRD-1070,Washing Machine,Dawlance,DWT-1167,SN38491560,2023-08-29,135000,City Appliances,24,2023-08-29,2025-08-18,2026-02-14,30,2025-11-28,Water leakage,Water leakage; synthetic claim scenario: low-confidence scenario.,Electrical,Active,Covered,Available,Missing,Available,Missing,Missing,Available,3,1,2025-05-20,Independent Repair Shop,Unknown,Motherboard,Mismatch,Unknown,No,Possible,Within Period,Yes,Uncertain,No,No,Complex,High,Low-confidence scenario,Manual Review
CLM-1071,PRD-1071,Printer,HP,LaserJet M404,SN30018938,2023-03-26,72000,City Appliances,12,2023-03-26,2024-03-20,2024-05-19,14,2024-03-26,Paper feed failure,Paper feed failure; synthetic claim scenario: multiple rule warnings.,Software/Firmware,Expired,Not Covered,Missing,Available,Missing,Available,Missing,Not Required,3,0,,,Not Applicable,None,Mismatch,Unknown,Possible,Yes,Within Period,Unknown,Yes,No,No,Complex,Medium,Multiple rule warnings,Manual Review
CLM-1072,PRD-1072,Television,LG,OLED55,SN78343137,2024-08-13,210000,Mega Electronics,24,2024-08-13,2026-08-03,2026-05-05,21,2026-02-27,Remote receiver failure,Remote receiver failure; synthetic claim scenario: missing evidence.,Mechanical,Expired,Not Covered,Available,Missing,Missing,Available,Missing,Available,3,1,2025-09-17,Authorized Service Center B,Authorized,None,Mismatch,Match,No,Yes,Within Period,Yes,Yes,No,No,Complex,High,Missing evidence,Manual Review
CLM-1073,PRD-1073,Printer,HP,LaserJet M404,SN77428484,2024-05-09,72000,Digital Hub,12,2024-05-09,2025-05-04,2025-05-04,12,2025-05-01,Print-head issue,Print-head issue; synthetic claim scenario: multiple rule warnings.,Normal Wear,Expired,Not Covered,Available,Available,Available,Available,Missing,Missing,2,1,2024-11-22,Authorized Service Center A,Unknown,Control Board,Match,Unknown,Possible,Yes,Uncertain,Unknown,Yes,No,No,Complex,High,Multiple rule warnings,Manual Review
CLM-1074,PRD-1074,Laptop,Dell,Inspiron 15,SN45213597,2024-02-01,85000,Smart Mart,12,2024-02-01,2025-01-26,2025-01-26,12,2024-11-13,Battery failure,Battery failure; synthetic claim scenario: multiple rule warnings.,Software/Firmware,Expired,Covered,Missing,Available,Missing,Missing,Available,Not Required,3,1,2024-07-25,Authorized Service Center A,Unknown,None,Unknown,Mismatch,Yes,No,Within Period,No,Uncertain,No,No,Complex,High,Multiple rule warnings,Manual Review
CLM-1075,PRD-1075,Printer,HP,LaserJet M404,SN66194219,2024-11-30,72000,Digital Hub,12,2024-11-30,2025-11-25,2025-08-27,9,2025-07-05,Print-head issue,Print-head issue; synthetic claim scenario: multiple rule warnings.,Mechanical,Expired,Covered,Available,Available,Available,Missing,Available,Not Required,1,2,2025-07-31,Authorized Service Center B,Authorized,Battery,Unknown,Unknown,No,Yes,Uncertain,No,Uncertain,Yes,No,Complex,Medium,Multiple rule warnings,Manual Review
CLM-1076,PRD-1076,Microwave,Samsung,MS23,SN53867043,2023-04-03,45000,Digital Hub,12,2023-04-03,2024-03-28,2023-12-29,9,2023-10-21,Turntable failure,Turntable failure; synthetic claim scenario: multiple rule warnings.,Normal Wear,Expired,Not Covered,Missing,Available,Missing,Missing,Available,Available,3,0,,,Not Applicable,None,Unknown,Unknown,Yes,Yes,Uncertain,Unknown,No,No,No,Complex,Medium,Multiple rule warnings,Manual Review
CLM-1077,PRD-1077,Laptop,Dell,Inspiron 15,SN78803991,2023-04-26,85000,Digital Hub,12,2023-04-26,2024-04-20,2024-06-19,14,2024-04-07,Motherboard failure,Motherboard failure; synthetic claim scenario: duplicate indicator.,Normal Wear,Near Expiry,Not Covered,Missing,Available,Missing,Available,Available,Not Required,2,1,2023-08-29,Authorized Service Center B,Authorized,Battery,Match,Mismatch,Possible,Yes,Uncertain,No,Yes,No,No,Complex,Medium,Duplicate indicator,Manual Review
CLM-1078,PRD-1078,Laptop,Dell,Inspiron 15,SN97307475,2024-12-15,85000,Digital Hub,12,2024-12-15,2025-12-10,2025-10-11,10,2025-08-12,Charging issue,Charging issue; synthetic claim scenario: serial mismatch.,Water/Liquid,Near Expiry,Uncertain,Available,Missing,Missing,Available,Missing,Not Required,3,1,2025-05-06,Independent Repair Shop,Authorized,Battery,Unknown,Match,Possible,Yes,Uncertain,Unknown,No,No,No,Complex,Medium,Serial mismatch,Manual Review
CLM-1079,PRD-1079,Smartphone,Samsung,Galaxy A55,SN63970447,2023-12-03,125000,Mega Electronics,12,2023-12-03,2024-11-27,2024-11-27,12,2024-09-30,Screen failure,Screen failure; synthetic claim scenario: conflicting model predictions.,Water/Liquid,Active,Covered,Missing,Available,Available,Missing,Missing,Available,3,1,2024-10-14,Authorized Service Center A,Authorized,Battery,Unknown,Unknown,Yes,No,Uncertain,Unknown,No,No,No,Complex,High,Conflicting model predictions,Manual Review
CLM-1080,PRD-1080,Printer,HP,LaserJet M404,SN66771729,2024-07-17,72000,Smart Mart,12,2024-07-17,2025-07-12,2025-08-11,13,2025-07-03,Paper feed failure,Paper feed failure; synthetic claim scenario: serial mismatch.,Normal Wear,Near Expiry,Not Covered,Available,Available,Missing,Available,Missing,Not Required,2,0,,,Not Applicable,None,Unknown,Unknown,Possible,Yes,Outside Period,No,No,No,No,Complex,High,Serial mismatch,Manual Review
CLM-1081,PRD-1081,Smartphone,Samsung,Galaxy A55,SN39305371,2025-01-06,125000,Digital Hub,12,2025-01-06,2026-01-01,2025-11-02,10,2025-10-11,Camera failure,Camera failure; synthetic claim scenario: borderline warranty date.,Water/Liquid,Expired,Not Covered,Missing,Available,Available,Available,Available,Available,1,0,,,Not Applicable,None,Unknown,Match,Possible,No,Uncertain,No,Yes,Yes,No,Complex,High,Borderline warranty date,Manual Review
CLM-1082,PRD-1082,Printer,HP,LaserJet M404,SN71542767,2024-10-07,72000,Digital Hub,12,2024-10-07,2025-10-02,2025-11-01,13,2025-09-19,Print-head issue,Print-head issue; synthetic claim scenario: serial mismatch.,Mechanical,Near Expiry,Uncertain,Missing,Available,Available,Available,Available,Not Required,1,2,2025-05-14,Independent Repair Shop,Unknown,None,Match,Mismatch,No,Yes,Outside Period,No,Yes,Yes,Yes,Complex,Medium,Serial mismatch,Manual Review
CLM-1083,PRD-1083,Television,LG,OLED55,SN77274241,2024-07-18,210000,TechWorld,24,2024-07-18,2026-07-08,2027-01-04,30,2026-11-07,Panel issue,Panel issue; synthetic claim scenario: duplicate indicator.,Normal Wear,Expired,Uncertain,Available,Available,Missing,Missing,Available,Available,2,1,2026-08-13,Authorized Service Center B,Unauthorized,Control Board,Match,Unknown,Possible,No,Outside Period,Yes,No,No,No,Complex,High,Duplicate indicator,Manual Review
CLM-1084,PRD-1084,Microwave,Samsung,MS23,SN40980281,2025-03-19,45000,City Appliances,12,2025-03-19,2026-03-14,2026-04-13,13,2026-01-16,Turntable failure,Turntable failure; synthetic claim scenario: low-confidence scenario.,Electrical,Active,Covered,Missing,Missing,Available,Available,Missing,Not Required,3,2,2025-08-05,Authorized Service Center B,Authorized,Motherboard,Unknown,Mismatch,Possible,Yes,Outside Period,Yes,No,No,No,Complex,Medium,Low-confidence scenario,Manual Review
CLM-1085,PRD-1085,Printer,HP,LaserJet M404,SN85655250,2025-04-06,72000,Smart Mart,12,2025-04-06,2026-04-01,2026-09-28,18,2026-07-10,Connectivity issue,Connectivity issue; synthetic claim scenario: multiple rule warnings.,Mechanical,Near Expiry,Not Covered,Missing,Available,Available,Missing,Missing,Not Required,3,1,2026-06-11,Authorized Service Center A,Unknown,None,Match,Mismatch,No,Yes,Uncertain,Yes,No,No,No,Complex,Medium,Multiple rule warnings,Manual Review
CLM-1086,PRD-1086,Printer,HP,LaserJet M404,SN84622089,2024-03-02,72000,Smart Mart,12,2024-03-02,2025-02-25,2024-12-27,10,2024-10-29,Connectivity issue,Connectivity issue; synthetic claim scenario: borderline warranty date.,Software/Firmware,Near Expiry,Uncertain,Missing,Available,Available,Missing,Missing,Not Required,3,2,2024-09-19,Independent Repair Shop,Unknown,Motherboard,Unknown,Unknown,Yes,No,Within Period,Yes,Uncertain,No,No,Complex,High,Borderline warranty date,Manual Review
CLM-1087,PRD-1087,Microwave,Samsung,MS23,SN13936735,2024-09-17,45000,TechWorld,12,2024-09-17,2025-09-12,2025-11-11,14,2025-09-16,Heating failure,Heating failure; synthetic claim scenario: serial mismatch.,Electrical,Active,Not Covered,Available,Available,Missing,Available,Available,Not Required,1,1,2025-06-18,Authorized Service Center A,Unauthorized,Screen,Match,Unknown,Yes,Yes,Within Period,Unknown,No,Yes,Yes,Complex,High,Serial mismatch,Manual Review
CLM-1088,PRD-1088,Washing Machine,Dawlance,DWT-1167,SN27769791,2023-02-20,135000,TechWorld,24,2023-02-20,2025-02-09,2025-05-10,27,2025-04-21,Control panel failure,Control panel failure; synthetic claim scenario: multiple rule warnings.,Water/Liquid,Near Expiry,Uncertain,Available,Missing,Available,Available,Missing,Not Required,2,2,2025-03-15,Authorized Service Center A,Unauthorized,Control Board,Match,Match,No,Yes,Uncertain,Yes,Yes,No,No,Complex,Medium,Multiple rule warnings,Manual Review
CLM-1089,PRD-1089,Printer,HP,LaserJet M404,SN84987352,2024-10-21,72000,Smart Mart,12,2024-10-21,2025-10-16,2026-01-14,15,2025-12-06,Power failure,Power failure; synthetic claim scenario: low-confidence scenario.,Software/Firmware,Active,Uncertain,Available,Missing,Available,Missing,Available,Available,2,2,2025-09-23,Authorized Service Center A,Unauthorized,Battery,Match,Match,Yes,Possible,Outside Period,Yes,Uncertain,No,No,Complex,Medium,Low-confidence scenario,Manual Review
CLM-1090,PRD-1090,Laptop,Dell,Inspiron 15,SN51556505,2024-10-26,85000,Mega Electronics,12,2024-10-26,2025-10-21,2026-01-19,15,2025-11-11,Battery failure,Battery failure; synthetic claim scenario: low-confidence scenario.,Physical,Active,Covered,Available,Missing,Missing,Available,Available,Missing,3,2,2025-06-04,Authorized Service Center B,Authorized,Motherboard,Unknown,Mismatch,Yes,Possible,Outside Period,No,Uncertain,No,No,Complex,High,Low-confidence scenario,Manual Review
CLM-1091,PRD-1091,Washing Machine,Dawlance,DWT-1167,SN18336246,2023-05-04,135000,Mega Electronics,24,2023-05-04,2025-04-23,2025-06-22,26,2025-05-24,Water leakage,Water leakage; synthetic claim scenario: serial mismatch.,Software/Firmware,Active,Uncertain,Available,Missing,Missing,Missing,Available,Available,3,0,,,Not Applicable,None,Mismatch,Mismatch,Possible,No,Uncertain,No,No,No,No,Complex,High,Serial mismatch,Manual Review
CLM-1092,PRD-1092,Smartphone,Samsung,Galaxy A55,SN83813063,2025-02-14,125000,Smart Mart,12,2025-02-14,2026-02-09,2025-11-11,9,2025-10-23,Camera failure,Camera failure; synthetic claim scenario: serial mismatch.,Electrical,Near Expiry,Not Covered,Available,Available,Missing,Available,Available,Missing,2,0,,,Not Applicable,None,Match,Mismatch,Yes,No,Outside Period,Yes,Yes,No,No,Complex,High,Serial mismatch,Manual Review
CLM-1093,PRD-1093,Washing Machine,Dawlance,DWT-1167,SN74870281,2024-05-20,135000,Mega Electronics,24,2024-05-20,2026-05-10,2026-02-09,21,2025-12-14,Drainage failure,Drainage failure; synthetic claim scenario: borderline warranty date.,Normal Wear,Near Expiry,Uncertain,Missing,Available,Available,Missing,Available,Available,2,2,2025-05-25,Authorized Service Center B,Unauthorized,Battery,Match,Unknown,No,Possible,Uncertain,No,Uncertain,No,No,Complex,High,Borderline warranty date,Manual Review
CLM-1094,PRD-1094,Air Conditioner,Orient,Ultron,SN43403619,2023-03-22,165000,Smart Mart,18,2023-03-22,2024-09-12,2024-11-11,20,2024-09-22,Fan failure,Fan failure; synthetic claim scenario: duplicate indicator.,Normal Wear,Active,Not Covered,Available,Available,Missing,Available,Missing,Missing,3,2,2024-09-12,Independent Repair Shop,Unknown,None,Match,Mismatch,Possible,Possible,Outside Period,Unknown,Uncertain,No,No,Complex,High,Duplicate indicator,Manual Review
CLM-1095,PRD-1095,Printer,HP,LaserJet M404,SN20930007,2023-02-18,72000,Smart Mart,12,2023-02-18,2024-02-13,2024-06-12,16,2024-06-11,Print-head issue,Print-head issue; synthetic claim scenario: multiple rule warnings.,Electrical,Active,Not Covered,Available,Available,Available,Missing,Missing,Missing,3,0,,,Not Applicable,None,Unknown,Mismatch,No,No,Uncertain,Unknown,Uncertain,No,No,Complex,Medium,Multiple rule warnings,Manual Review
CLM-1096,PRD-1096,Refrigerator,Haier,HRF-758,SN61289497,2024-08-25,180000,Digital Hub,24,2024-08-25,2026-08-15,2026-11-13,27,2026-10-23,Cooling failure,Cooling failure; synthetic claim scenario: borderline warranty date.,Normal Wear,Near Expiry,Uncertain,Available,Available,Missing,Missing,Missing,Not Required,3,2,2026-10-14,Independent Repair Shop,Unauthorized,Motherboard,Unknown,Unknown,No,No,Outside Period,Yes,No,No,No,Complex,High,Borderline warranty date,Manual Review
CLM-1097,PRD-1097,Refrigerator,Haier,HRF-758,SN90071728,2025-06-06,180000,Mega Electronics,24,2025-06-06,2027-05-27,2027-05-27,24,2027-04-13,Cooling failure,Cooling failure; synthetic claim scenario: contradictory dates.,Electrical,Near Expiry,Not Covered,Available,Available,Available,Available,Missing,Missing,2,1,2027-04-27,Independent Repair Shop,Unknown,None,Match,Mismatch,Possible,No,Uncertain,Unknown,Uncertain,No,No,Complex,High,Contradictory dates,Manual Review
CLM-1098,PRD-1098,Smartphone,Samsung,Galaxy A55,SN89725276,2024-07-07,125000,City Appliances,12,2024-07-07,2025-07-02,2025-07-02,12,2025-06-21,Battery swelling,Battery swelling; synthetic claim scenario: duplicate indicator.,Electrical,Active,Covered,Available,Missing,Missing,Available,Available,Missing,3,2,2025-01-22,Independent Repair Shop,Unauthorized,Screen,Unknown,Match,Possible,No,Outside Period,No,No,No,No,Complex,Medium,Duplicate indicator,Manual Review
CLM-1099,PRD-1099,Microwave,Samsung,MS23,SN69564893,2025-03-28,45000,TechWorld,12,2025-03-28,2026-03-23,2026-02-21,11,2026-02-18,Heating failure,Heating failure; synthetic claim scenario: serial mismatch.,Physical,Expired,Covered,Missing,Available,Missing,Missing,Missing,Missing,5,2,2025-09-12,Authorized Service Center B,Unauthorized,Motherboard,Unknown,Unknown,No,Yes,Uncertain,Unknown,No,No,No,Complex,Medium,Serial mismatch,Manual Review
CLM-1100,PRD-1100,Smartphone,Samsung,Galaxy A55,SN61588906,2025-04-22,125000,TechWorld,12,2025-04-22,2026-04-17,2026-04-17,12,2026-02-02,Screen failure,Screen failure; synthetic claim scenario: low-confidence scenario.,Normal Wear,Expired,Not Covered,Missing,Missing,Missing,Available,Missing,Available,4,0,,,Not Applicable,None,Mismatch,Unknown,Yes,Possible,Within Period,Yes,No,No,No,Complex,Medium,Low-confidence scenario,Manual Review
CLM-1101,PRD-1101,Washing Machine,Dawlance,DWT-1167,SN15907834,2023-01-17,135000,Mega Electronics,24,2023-01-17,2025-01-06,2025-03-07,26,2025-01-03,Water leakage,Water leakage; synthetic claim scenario: serial mismatch.,Normal Wear,Near Expiry,Not Covered,Available,Available,Missing,Missing,Available,Missing,3,0,,,Not Applicable,None,Mismatch,Match,No,Possible,Outside Period,No,Yes,No,No,Complex,Medium,Serial mismatch,Manual Review
CLM-1102,PRD-1102,Smartphone,Samsung,Galaxy A55,SN36847704,2024-10-24,125000,City Appliances,12,2024-10-24,2025-10-19,2025-11-18,13,2025-11-16,Screen failure,Screen failure; synthetic claim scenario: borderline warranty date.,Physical,Near Expiry,Uncertain,Available,Available,Available,Available,Available,Available,0,0,,,Not Applicable,None,Unknown,Match,Yes,No,Within Period,Yes,No,Yes,No,Complex,High,Borderline warranty date,Manual Review
CLM-1103,PRD-1103,Microwave,Samsung,MS23,SN15884742,2024-12-13,45000,Digital Hub,12,2024-12-13,2025-12-08,2025-12-08,12,2025-11-23,Turntable failure,Turntable failure; synthetic claim scenario: low-confidence scenario.,Physical,Near Expiry,Uncertain,Available,Missing,Available,Available,Missing,Available,2,0,,,Not Applicable,None,Mismatch,Mismatch,Possible,Possible,Uncertain,Yes,Yes,No,No,Complex,High,Low-confidence scenario,Manual Review
CLM-1104,PRD-1104,Washing Machine,Dawlance,DWT-1167,SN26555484,2024-12-11,135000,City Appliances,24,2024-12-11,2026-12-01,2027-01-30,26,2027-01-01,Motor issue,Motor issue; synthetic claim scenario: duplicate indicator.,Water/Liquid,Near Expiry,Covered,Available,Available,Available,Missing,Missing,Not Required,2,1,2026-04-14,Authorized Service Center A,Unauthorized,Motherboard,Mismatch,Mismatch,Possible,Possible,Within Period,No,Uncertain,No,No,Complex,High,Duplicate indicator,Manual Review
CLM-1105,PRD-1105,Laptop,Dell,Inspiron 15,SN59119994,2023-11-19,85000,Smart Mart,12,2023-11-19,2024-11-13,2025-02-11,15,2025-02-09,Battery failure,Battery failure; synthetic claim scenario: borderline warranty date.,Physical,Active,Not Covered,Available,Missing,Available,Missing,Missing,Available,3,1,2025-01-17,Authorized Service Center B,Unauthorized,None,Unknown,Match,Possible,Possible,Within Period,No,No,No,No,Complex,High,Borderline warranty date,Manual Review
CLM-1106,PRD-1106,Smartphone,Samsung,Galaxy A55,SN50563566,2024-01-19,125000,TechWorld,12,2024-01-19,2025-01-13,2024-10-15,9,2024-10-06,Camera failure,Camera failure; synthetic claim scenario: contradictory dates.,Mechanical,Expired,Covered,Available,Missing,Missing,Available,Missing,Missing,4,0,,,Not Applicable,None,Mismatch,Unknown,Possible,Yes,Within Period,Yes,No,No,No,Complex,Medium,Contradictory dates,Manual Review
CLM-1107,PRD-1107,Refrigerator,Haier,HRF-758,SN68348100,2024-08-27,180000,Digital Hub,24,2024-08-27,2026-08-17,2026-09-16,25,2026-07-21,Thermostat failure,Thermostat failure; synthetic claim scenario: low-confidence scenario.,Normal Wear,Near Expiry,Not Covered,Available,Missing,Missing,Missing,Available,Available,3,2,2026-03-17,Independent Repair Shop,Unauthorized,Motherboard,Unknown,Match,Possible,Yes,Outside Period,No,Uncertain,No,No,Complex,Medium,Low-confidence scenario,Manual Review
CLM-1108,PRD-1108,Refrigerator,Haier,HRF-758,SN82754180,2024-03-15,180000,Digital Hub,24,2024-03-15,2026-03-05,2026-06-03,27,2026-05-18,Cooling failure,Cooling failure; synthetic claim scenario: low-confidence scenario.,Mechanical,Near Expiry,Covered,Available,Missing,Missing,Missing,Missing,Missing,5,2,2026-05-11,Authorized Service Center B,Unknown,None,Mismatch,Match,No,No,Uncertain,Unknown,Yes,No,No,Complex,High,Low-confidence scenario,Manual Review
CLM-1109,PRD-1109,Smartphone,Samsung,Galaxy A55,SN27900806,2024-07-31,125000,Digital Hub,12,2024-07-31,2025-07-26,2025-06-26,11,2025-06-22,Speaker failure,Speaker failure; synthetic claim scenario: serial mismatch.,Mechanical,Near Expiry,Not Covered,Missing,Missing,Available,Available,Available,Available,2,2,2024-10-04,Authorized Service Center A,Unknown,Battery,Match,Match,Yes,Possible,Outside Period,Yes,No,No,No,Complex,Medium,Serial mismatch,Manual Review
CLM-1110,PRD-1110,Printer,HP,LaserJet M404,SN87206285,2025-04-03,72000,TechWorld,12,2025-04-03,2026-03-29,2026-06-27,15,2026-04-08,Paper feed failure,Paper feed failure; synthetic claim scenario: multiple rule warnings.,Physical,Near Expiry,Uncertain,Available,Missing,Available,Missing,Missing,Available,3,2,2026-03-18,Authorized Service Center A,Unknown,None,Unknown,Mismatch,Yes,No,Within Period,No,No,No,No,Complex,Medium,Multiple rule warnings,Manual Review
CLM-1111,PRD-1111,Smartphone,Samsung,Galaxy A55,SN53094912,2024-03-09,125000,TechWorld,12,2024-03-09,2025-03-04,2025-03-04,12,2025-02-09,Camera failure,Camera failure; synthetic claim scenario: contradictory dates.,Physical,Near Expiry,Not Covered,Missing,Available,Available,Missing,Missing,Not Required,3,0,,,Not Applicable,None,Unknown,Unknown,Yes,No,Uncertain,No,Uncertain,No,No,Complex,High,Contradictory dates,Manual Review
CLM-1112,PRD-1112,Washing Machine,Dawlance,DWT-1167,SN68048625,2024-12-07,135000,Mega Electronics,24,2024-12-07,2026-11-27,2026-10-28,23,2026-09-08,Motor issue,Motor issue; synthetic claim scenario: low-confidence scenario.,Mechanical,Active,Not Covered,Missing,Missing,Available,Available,Available,Available,2,0,,,Not Applicable,None,Match,Unknown,Possible,Possible,Within Period,No,Uncertain,No,No,Complex,Medium,Low-confidence scenario,Manual Review
CLM-1113,PRD-1113,Microwave,Samsung,MS23,SN32745303,2024-04-05,45000,Smart Mart,12,2024-04-05,2025-03-31,2025-07-29,16,2025-07-01,Door switch failure,Door switch failure; synthetic claim scenario: multiple rule warnings.,Water/Liquid,Active,Covered,Missing,Available,Missing,Missing,Missing,Not Required,4,1,2025-06-25,Authorized Service Center B,Authorized,Screen,Match,Unknown,Possible,No,Within Period,Yes,No,No,No,Complex,High,Multiple rule warnings,Manual Review
CLM-1114,PRD-1114,Television,LG,OLED55,SN31461553,2024-10-07,210000,TechWorld,24,2024-10-07,2026-09-27,2026-07-29,22,2026-07-24,Sound failure,Sound failure; synthetic claim scenario: duplicate indicator.,Electrical,Near Expiry,Not Covered,Missing,Available,Available,Missing,Missing,Available,3,2,2025-11-29,Authorized Service Center B,Unauthorized,Battery,Unknown,Match,Possible,Possible,Outside Period,No,Yes,No,No,Complex,Medium,Duplicate indicator,Manual Review
CLM-1115,PRD-1115,Printer,HP,LaserJet M404,SN44586225,2023-07-15,72000,Smart Mart,12,2023-07-15,2024-07-09,2024-10-07,15,2024-09-03,Paper feed failure,Paper feed failure; synthetic claim scenario: low-confidence scenario.,Normal Wear,Expired,Uncertain,Available,Missing,Missing,Missing,Missing,Not Required,4,1,2024-06-03,Authorized Service Center A,Unknown,Control Board,Match,Unknown,Yes,Yes,Uncertain,Yes,Uncertain,No,No,Complex,High,Low-confidence scenario,Manual Review
CLM-1116,PRD-1116,Printer,HP,LaserJet M404,SN31065267,2023-02-05,72000,Smart Mart,12,2023-02-05,2024-01-31,2024-03-31,14,2024-03-29,Paper feed failure,Paper feed failure; synthetic claim scenario: low-confidence scenario.,Water/Liquid,Expired,Uncertain,Available,Available,Missing,Missing,Missing,Available,3,0,,,Not Applicable,None,Match,Unknown,No,Yes,Outside Period,Yes,No,No,No,Complex,Medium,Low-confidence scenario,Manual Review
CLM-1117,PRD-1117,Smartphone,Samsung,Galaxy A55,SN89400305,2024-11-07,125000,Smart Mart,12,2024-11-07,2025-11-02,2026-01-01,14,2025-10-14,Screen failure,Screen failure; synthetic claim scenario: missing evidence.,Normal Wear,Expired,Uncertain,Missing,Available,Missing,Available,Available,Not Required,2,0,,,Not Applicable,None,Match,Unknown,Possible,Possible,Uncertain,Unknown,No,No,No,Complex,Medium,Missing evidence,Manual Review
CLM-1118,PRD-1118,Washing Machine,Dawlance,DWT-1167,SN19045273,2024-05-24,135000,City Appliances,24,2024-05-24,2026-05-14,2026-04-14,23,2026-01-22,Water leakage,Water leakage; synthetic claim scenario: duplicate indicator.,Water/Liquid,Active,Not Covered,Missing,Missing,Missing,Available,Available,Available,3,0,,,Not Applicable,None,Mismatch,Unknown,Yes,Yes,Uncertain,Yes,No,No,No,Complex,High,Duplicate indicator,Manual Review
CLM-1119,PRD-1119,Laptop,Dell,Inspiron 15,SN61918178,2024-01-29,85000,Mega Electronics,12,2024-01-29,2025-01-23,2025-01-23,12,2024-10-25,Motherboard failure,Motherboard failure; synthetic claim scenario: missing evidence.,Normal Wear,Near Expiry,Not Covered,Missing,Missing,Missing,Missing,Missing,Missing,6,0,,,Not Applicable,None,Unknown,Mismatch,Yes,Possible,Uncertain,Yes,Uncertain,No,No,Complex,High,Missing evidence,Manual Review
CLM-1120,PRD-1120,Refrigerator,Haier,HRF-758,SN54364861,2023-01-04,180000,City Appliances,24,2023-01-04,2024-12-24,2024-11-24,23,2024-10-29,Door seal failure,Door seal failure; synthetic claim scenario: multiple rule warnings.,Normal Wear,Expired,Covered,Available,Available,Available,Missing,Available,Missing,2,1,2024-08-29,Authorized Service Center A,Authorized,Control Board,Mismatch,Mismatch,Possible,Possible,Uncertain,Yes,Uncertain,No,No,Complex,High,Multiple rule warnings,Manual Review
CLM-1121,PRD-1121,Printer,HP,LaserJet M404,SN17716155,2023-11-27,72000,Digital Hub,12,2023-11-27,2024-11-21,2025-01-20,14,2024-11-17,Power failure,Power failure; synthetic claim scenario: low-confidence scenario.,Electrical,Expired,Covered,Available,Missing,Missing,Missing,Missing,Available,4,0,,,Not Applicable,None,Match,Mismatch,Yes,Possible,Outside Period,Unknown,Yes,No,No,Complex,Medium,Low-confidence scenario,Manual Review
CLM-1122,PRD-1122,Printer,HP,LaserJet M404,SN52718471,2024-01-27,72000,City Appliances,12,2024-01-27,2025-01-21,2025-02-20,13,2025-01-09,Print-head issue,Print-head issue; synthetic claim scenario: low-confidence scenario.,Electrical,Active,Covered,Available,Missing,Missing,Missing,Available,Not Required,3,2,2024-06-04,Authorized Service Center B,Authorized,None,Match,Match,No,Yes,Outside Period,Unknown,Yes,No,No,Complex,Medium,Low-confidence scenario,Manual Review
CLM-1123,PRD-1123,Microwave,Samsung,MS23,SN91700119,2023-01-21,45000,Digital Hub,12,2023-01-21,2024-01-16,2024-04-15,15,2024-03-21,Heating failure,Heating failure; synthetic claim scenario: contradictory dates.,Normal Wear,Active,Uncertain,Missing,Missing,Available,Available,Missing,Available,3,0,,,Not Applicable,None,Match,Unknown,Possible,Yes,Within Period,Unknown,Uncertain,No,No,Complex,Medium,Contradictory dates,Manual Review
CLM-1124,PRD-1124,Smartphone,Samsung,Galaxy A55,SN52650793,2023-08-06,125000,TechWorld,12,2023-08-06,2024-07-31,2025-01-27,18,2025-01-25,Camera failure,Camera failure; synthetic claim scenario: duplicate indicator.,Software/Firmware,Near Expiry,Not Covered,Available,Missing,Missing,Missing,Available,Missing,4,1,2024-10-21,Independent Repair Shop,Unauthorized,Battery,Match,Match,Possible,Possible,Uncertain,Yes,Uncertain,No,No,Complex,Medium,Duplicate indicator,Manual Review
CLM-1125,PRD-1125,Air Conditioner,Orient,Ultron,SN97331933,2025-02-10,165000,TechWorld,18,2025-02-10,2026-08-04,2026-12-02,22,2026-10-24,Compressor issue,Compressor issue; synthetic claim scenario: borderline warranty date.,Mechanical,Near Expiry,Covered,Missing,Missing,Available,Missing,Available,Missing,4,2,2026-02-05,Authorized Service Center A,Authorized,None,Unknown,Mismatch,No,No,Uncertain,Unknown,Yes,No,No,Complex,High,Borderline warranty date,Manual Review
CLM-1126,PRD-1126,Air Conditioner,Orient,Ultron,SN71777181,2024-06-27,165000,Digital Hub,18,2024-06-27,2025-12-19,2026-02-17,20,2025-12-12,Water leakage,Water leakage; synthetic claim scenario: serial mismatch.,Water/Liquid,Expired,Uncertain,Available,Missing,Available,Missing,Available,Available,2,0,,,Not Applicable,None,Match,Unknown,Yes,Possible,Uncertain,Yes,Yes,No,No,Complex,High,Serial mismatch,Manual Review
CLM-1127,PRD-1127,Air Conditioner,Orient,Ultron,SN96278515,2023-04-27,165000,Digital Hub,18,2023-04-27,2024-10-18,2024-08-19,16,2024-06-14,Cooling failure,Cooling failure; synthetic claim scenario: duplicate indicator.,Normal Wear,Expired,Uncertain,Missing,Available,Available,Available,Available,Not Required,1,1,2023-11-07,Authorized Service Center B,Unknown,Control Board,Unknown,Mismatch,No,Yes,Outside Period,No,No,Yes,Yes,Complex,High,Duplicate indicator,Manual Review
CLM-1128,PRD-1128,Printer,HP,LaserJet M404,SN22384634,2025-01-03,72000,Smart Mart,12,2025-01-03,2025-12-29,2025-11-29,11,2025-10-01,Power failure,Power failure; synthetic claim scenario: duplicate indicator.,Electrical,Expired,Not Covered,Missing,Available,Available,Missing,Available,Not Required,2,0,,,Not Applicable,None,Mismatch,Mismatch,No,Yes,Within Period,Unknown,Uncertain,No,No,Complex,Medium,Duplicate indicator,Manual Review
CLM-1129,PRD-1129,Microwave,Samsung,MS23,SN93842298,2024-07-07,45000,Smart Mart,12,2024-07-07,2025-07-02,2025-08-01,13,2025-07-13,Control panel issue,Control panel issue; synthetic claim scenario: serial mismatch.,Water/Liquid,Expired,Not Covered,Missing,Missing,Missing,Available,Missing,Available,4,0,,,Not Applicable,None,Match,Mismatch,Yes,No,Within Period,Unknown,Yes,No,No,Complex,Medium,Serial mismatch,Manual Review
CLM-1130,PRD-1130,Laptop,Dell,Inspiron 15,SN94170608,2023-06-05,85000,City Appliances,12,2023-06-05,2024-05-30,2024-05-30,12,2024-03-30,Battery failure,Battery failure; synthetic claim scenario: serial mismatch.,Software/Firmware,Near Expiry,Uncertain,Available,Available,Missing,Missing,Missing,Not Required,3,2,2023-09-24,Authorized Service Center A,Unknown,Motherboard,Unknown,Mismatch,Possible,Possible,Uncertain,Yes,Uncertain,No,No,Complex,High,Serial mismatch,Manual Review
CLM-1131,PRD-1131,Air Conditioner,Orient,Ultron,SN64356439,2023-11-18,165000,Smart Mart,18,2023-11-18,2025-05-11,2025-11-07,24,2025-08-31,Compressor issue,Compressor issue; synthetic claim scenario: contradictory dates.,Mechanical,Active,Uncertain,Available,Missing,Available,Missing,Available,Missing,3,2,2025-09-15,Authorized Service Center B,Unauthorized,Control Board,Unknown,Match,Yes,Yes,Outside Period,Yes,Uncertain,No,No,Complex,High,Contradictory dates,Manual Review
CLM-1132,PRD-1132,Washing Machine,Dawlance,DWT-1167,SN21840119,2024-07-17,135000,Smart Mart,24,2024-07-17,2026-07-07,2026-10-05,27,2026-09-08,Water leakage,Water leakage; synthetic claim scenario: multiple rule warnings.,Water/Liquid,Near Expiry,Covered,Available,Available,Missing,Missing,Available,Available,2,0,,,Not Applicable,None,Unknown,Mismatch,Yes,No,Within Period,No,Uncertain,No,No,Complex,Medium,Multiple rule warnings,Manual Review
CLM-1133,PRD-1133,Smartphone,Samsung,Galaxy A55,SN84259884,2023-06-08,125000,Smart Mart,12,2023-06-08,2024-06-02,2024-04-03,10,2024-01-28,Charging port failure,Charging port failure; synthetic claim scenario: borderline warranty date.,Mechanical,Active,Covered,Missing,Available,Missing,Missing,Available,Available,3,0,,,Not Applicable,None,Mismatch,Unknown,No,No,Outside Period,No,Uncertain,No,No,Complex,Medium,Borderline warranty date,Manual Review
CLM-1134,PRD-1134,Refrigerator,Haier,HRF-758,SN75342342,2023-10-09,180000,City Appliances,24,2023-10-09,2025-09-28,2025-10-28,25,2025-08-11,Cooling failure,Cooling failure; synthetic claim scenario: borderline warranty date.,Mechanical,Expired,Covered,Available,Missing,Available,Missing,Missing,Missing,4,1,2025-01-20,Independent Repair Shop,Unauthorized,None,Unknown,Unknown,No,No,Outside Period,Yes,Uncertain,No,No,Complex,High,Borderline warranty date,Manual Review
CLM-1135,PRD-1135,Television,LG,OLED55,SN16001207,2025-05-10,210000,Digital Hub,24,2025-05-10,2027-04-30,2027-03-01,22,2027-01-18,Panel issue,Panel issue; synthetic claim scenario: contradictory dates.,Physical,Expired,Not Covered,Available,Missing,Missing,Available,Missing,Available,3,2,2026-12-24,Independent Repair Shop,Unauthorized,Control Board,Unknown,Unknown,Yes,Yes,Within Period,Unknown,Yes,No,No,Complex,High,Contradictory dates,Manual Review
CLM-1136,PRD-1136,Refrigerator,Haier,HRF-758,SN92934499,2023-04-18,180000,City Appliances,24,2023-04-18,2025-04-07,2025-05-07,25,2025-04-28,Thermostat failure,Thermostat failure; synthetic claim scenario: missing evidence.,Water/Liquid,Expired,Not Covered,Available,Available,Available,Available,Missing,Available,1,0,,,Not Applicable,None,Mismatch,Unknown,Possible,No,Outside Period,Unknown,Yes,Yes,Yes,Complex,High,Missing evidence,Manual Review
CLM-1137,PRD-1137,Laptop,Dell,Inspiron 15,SN92296403,2025-06-13,85000,Digital Hub,12,2025-06-13,2026-06-08,2026-06-08,12,2026-03-18,Screen flickering,Screen flickering; synthetic claim scenario: serial mismatch.,Software/Firmware,Expired,Uncertain,Missing,Missing,Missing,Missing,Missing,Missing,6,1,2025-12-20,Authorized Service Center A,Authorized,Battery,Mismatch,Unknown,Possible,Possible,Within Period,No,Yes,No,No,Complex,Medium,Serial mismatch,Manual Review
CLM-1138,PRD-1138,Microwave,Samsung,MS23,SN54483342,2024-06-02,45000,Smart Mart,12,2024-06-02,2025-05-28,2025-03-29,10,2025-02-11,Heating failure,Heating failure; synthetic claim scenario: contradictory dates.,Physical,Near Expiry,Not Covered,Missing,Missing,Available,Available,Missing,Available,3,0,,,Not Applicable,None,Unknown,Mismatch,Yes,Yes,Within Period,Unknown,No,No,No,Complex,Medium,Contradictory dates,Manual Review
CLM-1139,PRD-1139,Washing Machine,Dawlance,DWT-1167,SN73208859,2024-10-19,135000,Digital Hub,24,2024-10-19,2026-10-09,2026-10-09,24,2026-09-09,Control panel failure,Control panel failure; synthetic claim scenario: serial mismatch.,Software/Firmware,Active,Not Covered,Available,Missing,Missing,Available,Missing,Not Required,3,2,2026-05-12,Independent Repair Shop,Authorized,Battery,Unknown,Mismatch,Possible,No,Outside Period,No,Yes,No,No,Complex,High,Serial mismatch,Manual Review
CLM-1140,PRD-1140,Smartphone,Samsung,Galaxy A55,SN85771821,2023-12-20,125000,Smart Mart,12,2023-12-20,2024-12-14,2025-05-13,17,2025-04-06,Charging port failure,Charging port failure; synthetic claim scenario: low-confidence scenario.,Electrical,Near Expiry,Covered,Missing,Missing,Available,Missing,Available,Missing,4,0,,,Not Applicable,None,Mismatch,Match,No,No,Within Period,Unknown,Uncertain,No,No,Complex,Medium,Low-confidence scenario,Manual Review
CLM-1141,PRD-1141,Washing Machine,Dawlance,DWT-1167,SN13848263,2023-04-12,135000,Mega Electronics,24,2023-04-12,2025-04-01,2025-05-01,25,2025-03-26,Motor issue,Motor issue; synthetic claim scenario: contradictory dates.,Software/Firmware,Near Expiry,Not Covered,Missing,Available,Missing,Available,Missing,Missing,4,1,2025-03-29,Independent Repair Shop,Authorized,Screen,Unknown,Unknown,No,Yes,Outside Period,Yes,Uncertain,No,No,Complex,Medium,Contradictory dates,Manual Review
CLM-1142,PRD-1142,Laptop,Dell,Inspiron 15,SN33339936,2024-08-11,85000,TechWorld,12,2024-08-11,2025-08-06,2025-07-07,11,2025-06-22,Keyboard failure,Keyboard failure; synthetic claim scenario: borderline warranty date.,Mechanical,Near Expiry,Covered,Missing,Missing,Missing,Missing,Available,Not Required,4,2,2024-12-06,Authorized Service Center B,Unauthorized,Battery,Mismatch,Match,No,No,Outside Period,Unknown,Yes,No,No,Complex,Medium,Borderline warranty date,Manual Review
CLM-1143,PRD-1143,Television,LG,OLED55,SN92445680,2024-11-27,210000,TechWorld,24,2024-11-27,2026-11-17,2026-12-17,25,2026-09-29,Sound failure,Sound failure; synthetic claim scenario: contradictory dates.,Physical,Near Expiry,Uncertain,Available,Available,Available,Missing,Missing,Not Required,2,0,,,Not Applicable,None,Mismatch,Mismatch,Possible,Yes,Uncertain,No,No,No,No,Complex,High,Contradictory dates,Manual Review
CLM-1144,PRD-1144,Television,LG,OLED55,SN24769811,2024-10-12,210000,Smart Mart,24,2024-10-12,2026-10-02,2026-11-01,25,2026-09-10,No display,No display; synthetic claim scenario: duplicate indicator.,Software/Firmware,Active,Not Covered,Missing,Available,Available,Available,Available,Missing,2,0,,,Not Applicable,None,Mismatch,Mismatch,Possible,Possible,Outside Period,Yes,No,No,No,Complex,High,Duplicate indicator,Manual Review
CLM-1145,PRD-1145,Refrigerator,Haier,HRF-758,SN39035574,2024-05-16,180000,Smart Mart,24,2024-05-16,2026-05-06,2026-08-04,27,2026-07-07,Cooling failure,Cooling failure; synthetic claim scenario: serial mismatch.,Physical,Active,Uncertain,Missing,Missing,Missing,Missing,Available,Not Required,4,0,,,Not Applicable,None,Mismatch,Unknown,Possible,Possible,Outside Period,No,Yes,No,No,Complex,Medium,Serial mismatch,Manual Review
CLM-1146,PRD-1146,Laptop,Dell,Inspiron 15,SN41329793,2023-07-03,85000,TechWorld,12,2023-07-03,2024-06-27,2024-08-26,14,2024-08-17,Screen flickering,Screen flickering; synthetic claim scenario: low-confidence scenario.,Physical,Near Expiry,Uncertain,Available,Missing,Missing,Missing,Missing,Missing,5,0,,,Not Applicable,None,Match,Unknown,Yes,No,Uncertain,No,Yes,No,No,Complex,High,Low-confidence scenario,Manual Review
CLM-1147,PRD-1147,Air Conditioner,Orient,Ultron,SN11874217,2023-10-10,165000,Smart Mart,18,2023-10-10,2025-04-02,2025-02-01,16,2024-12-15,Fan failure,Fan failure; synthetic claim scenario: borderline warranty date.,Physical,Near Expiry,Not Covered,Missing,Available,Available,Missing,Available,Available,2,1,2024-05-23,Independent Repair Shop,Unknown,Screen,Mismatch,Unknown,Possible,No,Within Period,No,Uncertain,No,No,Complex,Medium,Borderline warranty date,Manual Review
CLM-1148,PRD-1148,Refrigerator,Haier,HRF-758,SN74609875,2024-03-27,180000,Smart Mart,24,2024-03-27,2026-03-17,2026-06-15,27,2026-04-21,Thermostat failure,Thermostat failure; synthetic claim scenario: multiple rule warnings.,Software/Firmware,Active,Uncertain,Available,Available,Missing,Available,Available,Available,1,2,2025-08-25,Authorized Service Center B,Authorized,Battery,Match,Mismatch,No,Yes,Within Period,Yes,No,Yes,No,Complex,Medium,Multiple rule warnings,Manual Review
CLM-1149,PRD-1149,Smartphone,Samsung,Galaxy A55,SN98120072,2025-03-30,125000,Mega Electronics,12,2025-03-30,2026-03-25,2026-07-23,16,2026-05-13,Speaker failure,Speaker failure; synthetic claim scenario: conflicting model predictions.,Mechanical,Active,Uncertain,Missing,Available,Available,Missing,Missing,Missing,4,1,2026-04-29,Authorized Service Center B,Unauthorized,None,Match,Mismatch,Yes,Yes,Uncertain,No,No,No,No,Complex,High,Conflicting model predictions,Manual Review
CLM-1150,PRD-1150,Air Conditioner,Orient,Ultron,SN30589340,2023-09-27,165000,TechWorld,18,2023-09-27,2025-03-20,2025-03-20,18,2025-03-18,Fan failure,Fan failure; synthetic claim scenario: serial mismatch.,Software/Firmware,Expired,Covered,Available,Available,Available,Available,Available,Not Required,0,1,2024-09-10,Independent Repair Shop,Unknown,Motherboard,Mismatch,Unknown,No,Yes,Outside Period,No,No,No,Yes,Complex,Medium,Serial mismatch,Manual Review
CLM-1151,PRD-1151,Microwave,Samsung,MS23,SN52884727,2023-02-07,45000,Mega Electronics,12,2023-02-07,2024-02-02,2024-04-02,14,2024-03-23,Heating failure,Heating failure; synthetic claim scenario: missing evidence.,Water/Liquid,Expired,Not Covered,Available,Available,Available,Missing,Missing,Available,2,0,,,Not Applicable,None,Unknown,Unknown,No,No,Within Period,No,Yes,No,No,Complex,Medium,Missing evidence,Manual Review
CLM-1152,PRD-1152,Television,LG,OLED55,SN38813492,2023-07-08,210000,Mega Electronics,24,2023-07-08,2025-06-27,2025-03-29,21,2025-02-09,No display,No display; synthetic claim scenario: serial mismatch.,Mechanical,Expired,Covered,Available,Available,Available,Available,Available,Available,0,1,2024-06-09,Authorized Service Center B,Authorized,Control Board,Match,Unknown,No,No,Within Period,Unknown,No,No,Yes,Complex,High,Serial mismatch,Manual Review
CLM-1153,PRD-1153,Washing Machine,Dawlance,DWT-1167,SN88295005,2023-12-10,135000,Digital Hub,24,2023-12-10,2025-11-29,2025-12-29,25,2025-11-16,Drainage failure,Drainage failure; synthetic claim scenario: borderline warranty date.,Mechanical,Active,Covered,Missing,Available,Missing,Missing,Missing,Not Required,4,1,2025-05-04,Authorized Service Center A,Authorized,Motherboard,Mismatch,Unknown,Yes,Possible,Outside Period,No,Yes,No,No,Complex,Medium,Borderline warranty date,Manual Review
CLM-1154,PRD-1154,Microwave,Samsung,MS23,SN75488223,2024-10-13,45000,City Appliances,12,2024-10-13,2025-10-08,2025-10-08,12,2025-09-02,Door switch failure,Door switch failure; synthetic claim scenario: multiple rule warnings.,Mechanical,Near Expiry,Uncertain,Missing,Available,Missing,Available,Missing,Missing,4,0,,,Not Applicable,None,Mismatch,Unknown,No,Possible,Outside Period,Yes,Yes,No,No,Complex,Medium,Multiple rule warnings,Manual Review
CLM-1155,PRD-1155,Air Conditioner,Orient,Ultron,SN62855838,2025-03-17,165000,City Appliances,18,2025-03-17,2026-09-08,2027-02-05,23,2027-01-28,Fan failure,Fan failure; synthetic claim scenario: contradictory dates.,Normal Wear,Near Expiry,Not Covered,Missing,Missing,Available,Missing,Missing,Missing,5,0,,,Not Applicable,None,Match,Mismatch,Yes,Yes,Outside Period,No,Yes,No,No,Complex,High,Contradictory dates,Manual Review
CLM-1156,PRD-1156,Air Conditioner,Orient,Ultron,SN20978502,2024-11-13,165000,Mega Electronics,18,2024-11-13,2026-05-07,2026-07-06,20,2026-06-09,Water leakage,Water leakage; synthetic claim scenario: contradictory dates.,Normal Wear,Near Expiry,Uncertain,Missing,Available,Missing,Available,Available,Missing,3,0,,,Not Applicable,None,Unknown,Mismatch,Possible,Yes,Within Period,Yes,No,No,No,Complex,High,Contradictory dates,Manual Review
CLM-1157,PRD-1157,Microwave,Samsung,MS23,SN85901032,2025-06-03,45000,City Appliances,12,2025-06-03,2026-05-29,2026-05-29,12,2026-03-09,Door switch failure,Door switch failure; synthetic claim scenario: borderline warranty date.,Water/Liquid,Near Expiry,Covered,Missing,Missing,Available,Missing,Missing,Not Required,4,1,2025-08-26,Independent Repair Shop,Unauthorized,Battery,Match,Unknown,Yes,No,Outside Period,No,Yes,No,No,Complex,Medium,Borderline warranty date,Manual Review
CLM-1158,PRD-1158,Smartphone,Samsung,Galaxy A55,SN32286339,2024-03-01,125000,TechWorld,12,2024-03-01,2025-02-24,2025-04-25,14,2025-03-27,Charging port failure,Charging port failure; synthetic claim scenario: missing evidence.,Electrical,Near Expiry,Uncertain,Available,Available,Missing,Available,Missing,Available,2,0,,,Not Applicable,None,Match,Match,Possible,No,Outside Period,No,Yes,No,No,Complex,Medium,Missing evidence,Manual Review
CLM-1159,PRD-1159,Washing Machine,Dawlance,DWT-1167,SN96227411,2024-07-03,135000,Digital Hub,24,2024-07-03,2026-06-23,2026-10-21,28,2026-08-11,Water leakage,Water leakage; synthetic claim scenario: borderline warranty date.,Mechanical,Near Expiry,Covered,Available,Missing,Missing,Available,Available,Available,2,0,,,Not Applicable,None,Mismatch,Mismatch,No,Yes,Outside Period,Yes,Yes,No,No,Complex,Medium,Borderline warranty date,Manual Review
CLM-1160,PRD-1160,Television,LG,OLED55,SN86122518,2024-02-02,210000,City Appliances,24,2024-02-02,2026-01-22,2026-03-23,26,2026-01-30,Panel issue,Panel issue; synthetic claim scenario: duplicate indicator.,Electrical,Active,Covered,Available,Missing,Available,Missing,Available,Available,2,1,2025-10-20,Independent Repair Shop,Unknown,Control Board,Match,Unknown,No,No,Uncertain,Yes,Uncertain,No,No,Complex,High,Duplicate indicator,Manual Review
CLM-1161,PRD-1161,Printer,HP,LaserJet M404,SN40389767,2024-04-07,72000,Mega Electronics,12,2024-04-07,2025-04-02,2025-07-01,15,2025-04-04,Print-head issue,Print-head issue; synthetic claim scenario: conflicting model predictions.,Physical,Near Expiry,Covered,Available,Missing,Available,Available,Available,Available,1,1,2025-04-17,Authorized Service Center A,Unauthorized,Screen,Unknown,Match,No,Possible,Uncertain,No,Uncertain,No,Yes,Complex,Medium,Conflicting model predictions,Manual Review
CLM-1162,PRD-1162,Refrigerator,Haier,HRF-758,SN63748388,2024-05-02,180000,TechWorld,24,2024-05-02,2026-04-22,2026-08-20,28,2026-05-27,Cooling failure,Cooling failure; synthetic claim scenario: borderline warranty date.,Physical,Active,Uncertain,Missing,Available,Missing,Available,Missing,Available,3,2,2026-06-30,Authorized Service Center A,Unauthorized,Control Board,Mismatch,Unknown,No,No,Within Period,Yes,Uncertain,No,No,Complex,Medium,Borderline warranty date,Manual Review
CLM-1163,PRD-1163,Smartphone,Samsung,Galaxy A55,SN77369800,2025-03-01,125000,Digital Hub,12,2025-03-01,2026-02-24,2025-11-26,9,2025-10-17,Camera failure,Camera failure; synthetic claim scenario: conflicting model predictions.,Physical,Near Expiry,Covered,Available,Available,Missing,Missing,Available,Missing,3,2,2025-10-21,Independent Repair Shop,Authorized,Control Board,Unknown,Unknown,No,No,Outside Period,No,No,No,No,Complex,Medium,Conflicting model predictions,Manual Review
CLM-1164,PRD-1164,Washing Machine,Dawlance,DWT-1167,SN76506548,2023-06-09,135000,TechWorld,24,2023-06-09,2025-05-29,2025-05-29,24,2025-04-18,Drainage failure,Drainage failure; synthetic claim scenario: conflicting model predictions.,Mechanical,Active,Covered,Missing,Available,Missing,Available,Missing,Not Required,3,0,,,Not Applicable,None,Match,Unknown,Possible,No,Within Period,Yes,Yes,No,No,Complex,Medium,Conflicting model predictions,Manual Review
CLM-1165,PRD-1165,Television,LG,OLED55,SN20077458,2025-03-12,210000,Smart Mart,24,2025-03-12,2027-03-02,2027-08-29,30,2027-06-02,Sound failure,Sound failure; synthetic claim scenario: missing evidence.,Mechanical,Expired,Covered,Available,Missing,Missing,Available,Available,Not Required,2,2,2027-06-25,Authorized Service Center B,Authorized,Motherboard,Match,Match,Yes,Possible,Uncertain,Yes,Yes,No,No,Complex,Medium,Missing evidence,Manual Review
CLM-1166,PRD-1166,Microwave,Samsung,MS23,SN16427033,2025-05-19,45000,TechWorld,12,2025-05-19,2026-05-14,2026-09-11,16,2026-07-24,Door switch failure,Door switch failure; synthetic claim scenario: low-confidence scenario.,Normal Wear,Expired,Not Covered,Available,Available,Available,Available,Available,Not Required,0,1,2026-03-21,Independent Repair Shop,Authorized,Battery,Unknown,Mismatch,No,Yes,Outside Period,No,No,Yes,Yes,Complex,High,Low-confidence scenario,Manual Review
CLM-1167,PRD-1167,Smartphone,Samsung,Galaxy A55,SN94959363,2023-12-10,125000,Digital Hub,12,2023-12-10,2024-12-04,2025-02-02,14,2025-01-26,Screen failure,Screen failure; synthetic claim scenario: contradictory dates.,Physical,Expired,Uncertain,Missing,Available,Missing,Available,Missing,Not Required,3,1,2024-07-21,Authorized Service Center B,Authorized,Motherboard,Mismatch,Match,Yes,Possible,Uncertain,Yes,No,No,No,Complex,Medium,Contradictory dates,Manual Review
CLM-1168,PRD-1168,Smartphone,Samsung,Galaxy A55,SN56690065,2024-12-25,125000,City Appliances,12,2024-12-25,2025-12-20,2026-06-18,18,2026-04-09,Charging port failure,Charging port failure; synthetic claim scenario: multiple rule warnings.,Mechanical,Near Expiry,Uncertain,Missing,Missing,Missing,Missing,Missing,Not Required,5,2,2026-02-05,Authorized Service Center A,Authorized,Screen,Mismatch,Match,Yes,Yes,Uncertain,Unknown,Yes,No,No,Complex,High,Multiple rule warnings,Manual Review
CLM-1169,PRD-1169,Air Conditioner,Orient,Ultron,SN49468102,2025-03-07,165000,Digital Hub,18,2025-03-07,2026-08-29,2026-07-30,17,2026-07-06,Cooling failure,Cooling failure; synthetic claim scenario: duplicate indicator.,Electrical,Expired,Uncertain,Available,Missing,Available,Missing,Missing,Available,3,2,2026-01-06,Authorized Service Center B,Unauthorized,Battery,Match,Mismatch,Possible,No,Outside Period,No,Uncertain,No,No,Complex,Medium,Duplicate indicator,Manual Review
CLM-1170,PRD-1170,Laptop,Dell,Inspiron 15,SN73312164,2025-04-18,85000,City Appliances,12,2025-04-18,2026-04-13,2026-09-10,17,2026-06-19,Battery failure,Battery failure; synthetic claim scenario: borderline warranty date.,Mechanical,Expired,Covered,Missing,Available,Missing,Available,Available,Available,2,2,2026-01-23,Authorized Service Center B,Unknown,Battery,Unknown,Match,Yes,Possible,Within Period,Yes,No,No,No,Complex,Medium,Borderline warranty date,Manual Review
CLM-1171,PRD-1171,Smartphone,Samsung,Galaxy A55,SN22384194,2023-05-05,125000,TechWorld,12,2023-05-05,2024-04-29,2024-03-30,11,2024-03-12,Camera failure,Camera failure; synthetic claim scenario: low-confidence scenario.,Normal Wear,Active,Covered,Available,Available,Available,Available,Missing,Available,1,2,2023-10-20,Authorized Service Center B,Unauthorized,Control Board,Match,Unknown,No,Possible,Uncertain,Unknown,Uncertain,No,Yes,Complex,Medium,Low-confidence scenario,Manual Review
CLM-1172,PRD-1172,Washing Machine,Dawlance,DWT-1167,SN75682810,2024-04-08,135000,Smart Mart,24,2024-04-08,2026-03-29,2026-03-29,24,2026-02-09,Water leakage,Water leakage; synthetic claim scenario: missing evidence.,Electrical,Active,Uncertain,Available,Available,Missing,Available,Missing,Available,2,1,2025-07-26,Authorized Service Center A,Authorized,Control Board,Unknown,Unknown,Yes,No,Within Period,Yes,Yes,No,No,Complex,Medium,Missing evidence,Manual Review
CLM-1173,PRD-1173,Microwave,Samsung,MS23,SN84580788,2024-06-20,45000,City Appliances,12,2024-06-20,2025-06-15,2025-03-17,9,2025-02-28,Control panel issue,Control panel issue; synthetic claim scenario: contradictory dates.,Software/Firmware,Near Expiry,Covered,Available,Available,Missing,Available,Missing,Not Required,2,1,2024-10-24,Authorized Service Center B,Authorized,Screen,Unknown,Mismatch,No,Yes,Within Period,Unknown,Yes,No,No,Complex,High,Contradictory dates,Manual Review
CLM-1174,PRD-1174,Television,LG,OLED55,SN69677601,2024-07-17,210000,Digital Hub,24,2024-07-17,2026-07-07,2026-06-07,23,2026-05-27,Remote receiver failure,Remote receiver failure; synthetic claim scenario: conflicting model predictions.,Mechanical,Near Expiry,Uncertain,Available,Available,Missing,Available,Missing,Missing,3,2,2026-05-06,Independent Repair Shop,Authorized,Motherboard,Mismatch,Unknown,Yes,No,Uncertain,No,No,No,No,Complex,Medium,Conflicting model predictions,Manual Review
CLM-1175,PRD-1175,Laptop,Dell,Inspiron 15,SN91569064,2023-11-23,85000,Smart Mart,12,2023-11-23,2024-11-17,2025-04-16,17,2025-03-05,Motherboard failure,Motherboard failure; synthetic claim scenario: low-confidence scenario.,Software/Firmware,Expired,Not Covered,Missing,Missing,Available,Missing,Available,Not Required,3,2,2025-03-27,Authorized Service Center B,Unknown,None,Mismatch,Unknown,Yes,No,Uncertain,Yes,Yes,No,No,Complex,Medium,Low-confidence scenario,Manual Review
CLM-1176,PRD-1176,Printer,HP,LaserJet M404,SN99104753,2023-03-10,72000,Smart Mart,12,2023-03-10,2024-03-04,2024-06-02,15,2024-04-20,Connectivity issue,Connectivity issue; synthetic claim scenario: conflicting model predictions.,Electrical,Expired,Not Covered,Available,Available,Missing,Missing,Missing,Missing,4,0,,,Not Applicable,None,Match,Mismatch,Possible,No,Outside Period,Yes,No,No,No,Complex,Medium,Conflicting model predictions,Manual Review
CLM-1177,PRD-1177,Washing Machine,Dawlance,DWT-1167,SN81337227,2024-08-24,135000,Digital Hub,24,2024-08-24,2026-08-14,2026-07-15,23,2026-05-30,Drainage failure,Drainage failure; synthetic claim scenario: conflicting model predictions.,Normal Wear,Active,Uncertain,Available,Missing,Available,Missing,Missing,Not Required,3,2,2026-04-04,Independent Repair Shop,Unknown,Battery,Mismatch,Mismatch,Possible,Possible,Outside Period,Yes,No,No,No,Complex,High,Conflicting model predictions,Manual Review
CLM-1178,PRD-1178,Refrigerator,Haier,HRF-758,SN81749735,2025-01-31,180000,Digital Hub,24,2025-01-31,2027-01-21,2027-02-20,25,2027-01-28,Door seal failure,Door seal failure; synthetic claim scenario: serial mismatch.,Physical,Active,Not Covered,Available,Available,Missing,Available,Missing,Not Required,2,0,,,Not Applicable,None,Mismatch,Match,Yes,Possible,Outside Period,No,Yes,No,No,Complex,Medium,Serial mismatch,Manual Review
CLM-1179,PRD-1179,Microwave,Samsung,MS23,SN34331410,2023-10-16,45000,Mega Electronics,12,2023-10-16,2024-10-10,2025-01-08,15,2024-12-16,Door switch failure,Door switch failure; synthetic claim scenario: conflicting model predictions.,Electrical,Expired,Uncertain,Missing,Available,Available,Missing,Available,Missing,3,1,2024-11-18,Authorized Service Center A,Authorized,Screen,Match,Unknown,No,Yes,Outside Period,Unknown,Uncertain,No,No,Complex,High,Conflicting model predictions,Manual Review
CLM-1180,PRD-1180,Television,LG,OLED55,SN21678669,2024-06-21,210000,City Appliances,24,2024-06-21,2026-06-11,2026-06-11,24,2026-06-05,Panel issue,Panel issue; synthetic claim scenario: borderline warranty date.,Software/Firmware,Expired,Covered,Available,Missing,Missing,Available,Available,Missing,3,0,,,Not Applicable,None,Match,Mismatch,Possible,No,Uncertain,No,No,No,No,Complex,Medium,Borderline warranty date,Manual Review
CLM-1181,PRD-1181,Television,LG,OLED55,SN81355354,2023-05-03,210000,Digital Hub,24,2023-05-03,2025-04-22,2025-04-22,24,2025-02-05,Panel issue,Panel issue; synthetic claim scenario: low-confidence scenario.,Electrical,Active,Not Covered,Missing,Available,Missing,Available,Missing,Available,3,0,,,Not Applicable,None,Mismatch,Match,No,No,Within Period,Unknown,No,No,No,Complex,Medium,Low-confidence scenario,Manual Review
CLM-1182,PRD-1182,Television,LG,OLED55,SN23347955,2023-06-04,210000,City Appliances,24,2023-06-04,2025-05-24,2025-08-22,27,2025-08-09,Sound failure,Sound failure; synthetic claim scenario: conflicting model predictions.,Mechanical,Near Expiry,Uncertain,Available,Available,Available,Available,Available,Missing,1,2,2025-04-09,Authorized Service Center B,Unknown,Battery,Mismatch,Match,Yes,No,Within Period,No,Uncertain,Yes,Yes,Complex,High,Conflicting model predictions,Manual Review
CLM-1183,PRD-1183,Air Conditioner,Orient,Ultron,SN97360918,2024-01-21,165000,City Appliances,18,2024-01-21,2025-07-14,2025-11-11,22,2025-11-02,Water leakage,Water leakage; synthetic claim scenario: duplicate indicator.,Software/Firmware,Near Expiry,Uncertain,Missing,Missing,Missing,Available,Missing,Not Required,4,2,2025-08-10,Authorized Service Center A,Authorized,Control Board,Mismatch,Mismatch,Yes,No,Within Period,Unknown,No,No,No,Complex,Medium,Duplicate indicator,Manual Review
CLM-1184,PRD-1184,Smartphone,Samsung,Galaxy A55,SN67446677,2023-10-19,125000,Digital Hub,12,2023-10-19,2024-10-13,2025-01-11,15,2024-12-04,Charging port failure,Charging port failure; synthetic claim scenario: low-confidence scenario.,Electrical,Expired,Uncertain,Missing,Available,Missing,Available,Available,Not Required,2,1,2024-06-25,Authorized Service Center A,Unknown,Screen,Unknown,Unknown,No,No,Uncertain,Yes,Yes,No,No,Complex,High,Low-confidence scenario,Manual Review
CLM-1185,PRD-1185,Television,LG,OLED55,SN94028831,2024-11-05,210000,Smart Mart,24,2024-11-05,2026-10-26,2027-01-24,27,2027-01-15,Sound failure,Sound failure; synthetic claim scenario: multiple rule warnings.,Normal Wear,Active,Covered,Available,Available,Missing,Missing,Available,Missing,3,2,2026-11-28,Independent Repair Shop,Unknown,Motherboard,Match,Match,No,No,Within Period,Unknown,No,No,No,Complex,High,Multiple rule warnings,Manual Review
CLM-1186,PRD-1186,Laptop,Dell,Inspiron 15,SN21245841,2024-01-31,85000,TechWorld,12,2024-01-31,2025-01-25,2025-04-25,15,2025-03-29,Charging issue,Charging issue; synthetic claim scenario: multiple rule warnings.,Physical,Expired,Covered,Available,Available,Available,Missing,Available,Not Required,1,1,2025-01-16,Authorized Service Center A,Authorized,Battery,Mismatch,Unknown,Yes,Yes,Outside Period,Unknown,Uncertain,No,No,Complex,Medium,Multiple rule warnings,Manual Review
CLM-1187,PRD-1187,Washing Machine,Dawlance,DWT-1167,SN92222559,2023-07-17,135000,Mega Electronics,24,2023-07-17,2025-07-06,2025-04-07,21,2025-04-03,Control panel failure,Control panel failure; synthetic claim scenario: conflicting model predictions.,Mechanical,Near Expiry,Covered,Missing,Missing,Available,Available,Available,Not Required,2,2,2025-02-09,Authorized Service Center A,Authorized,Motherboard,Mismatch,Mismatch,Possible,Yes,Uncertain,Unknown,Uncertain,No,No,Complex,High,Conflicting model predictions,Manual Review
CLM-1188,PRD-1188,Washing Machine,Dawlance,DWT-1167,SN67441199,2023-04-16,135000,City Appliances,24,2023-04-16,2025-04-05,2025-09-02,29,2025-08-07,Motor issue,Motor issue; synthetic claim scenario: multiple rule warnings.,Physical,Near Expiry,Not Covered,Missing,Missing,Available,Missing,Available,Not Required,3,0,,,Not Applicable,None,Match,Match,No,Possible,Uncertain,No,Yes,No,No,Complex,High,Multiple rule warnings,Manual Review
CLM-1189,PRD-1189,Television,LG,OLED55,SN44920461,2024-03-17,210000,Smart Mart,24,2024-03-17,2026-03-07,2026-03-07,24,2026-01-18,Sound failure,Sound failure; synthetic claim scenario: multiple rule warnings.,Software/Firmware,Active,Covered,Missing,Available,Missing,Missing,Missing,Available,4,0,,,Not Applicable,None,Mismatch,Mismatch,Yes,Possible,Outside Period,Yes,Uncertain,No,No,Complex,High,Multiple rule warnings,Manual Review
CLM-1190,PRD-1190,Washing Machine,Dawlance,DWT-1167,SN29192400,2024-08-25,135000,TechWorld,24,2024-08-25,2026-08-15,2026-07-16,23,2026-06-24,Drainage failure,Drainage failure; synthetic claim scenario: borderline warranty date.,Software/Firmware,Expired,Uncertain,Missing,Missing,Available,Available,Missing,Missing,4,2,2026-04-17,Authorized Service Center B,Authorized,Battery,Mismatch,Unknown,No,Yes,Outside Period,Yes,Yes,No,No,Complex,High,Borderline warranty date,Manual Review
CLM-1191,PRD-1191,Microwave,Samsung,MS23,SN36291051,2025-06-15,45000,Digital Hub,12,2025-06-15,2026-06-10,2026-10-08,16,2026-09-15,Turntable failure,Turntable failure; synthetic claim scenario: borderline warranty date.,Software/Firmware,Near Expiry,Covered,Missing,Available,Missing,Available,Missing,Not Required,3,1,2026-07-10,Authorized Service Center A,Authorized,Motherboard,Unknown,Match,Possible,Possible,Uncertain,Yes,No,No,No,Complex,Medium,Borderline warranty date,Manual Review
CLM-1192,PRD-1192,Laptop,Dell,Inspiron 15,SN29329805,2023-10-21,85000,Mega Electronics,12,2023-10-21,2024-10-15,2025-02-12,16,2024-12-01,Motherboard failure,Motherboard failure; synthetic claim scenario: low-confidence scenario.,Mechanical,Expired,Covered,Missing,Available,Missing,Available,Missing,Available,3,0,,,Not Applicable,None,Match,Unknown,Yes,Yes,Within Period,No,Yes,No,No,Complex,High,Low-confidence scenario,Manual Review
CLM-1193,PRD-1193,Microwave,Samsung,MS23,SN10583081,2024-10-22,45000,TechWorld,12,2024-10-22,2025-10-17,2025-07-19,9,2025-05-07,Turntable failure,Turntable failure; synthetic claim scenario: serial mismatch.,Electrical,Near Expiry,Uncertain,Missing,Missing,Available,Missing,Missing,Missing,5,2,2024-11-14,Authorized Service Center A,Unauthorized,Battery,Match,Mismatch,Yes,No,Uncertain,No,Uncertain,No,No,Complex,High,Serial mismatch,Manual Review
CLM-1194,PRD-1194,Television,LG,OLED55,SN95649359,2023-01-28,210000,TechWorld,24,2023-01-28,2025-01-17,2025-06-16,29,2025-05-09,Sound failure,Sound failure; synthetic claim scenario: conflicting model predictions.,Normal Wear,Near Expiry,Not Covered,Available,Missing,Missing,Available,Available,Available,2,1,2024-10-08,Independent Repair Shop,Unknown,Battery,Mismatch,Match,Yes,No,Uncertain,Unknown,Uncertain,No,No,Complex,High,Conflicting model predictions,Manual Review
CLM-1195,PRD-1195,Printer,HP,LaserJet M404,SN97655433,2023-01-09,72000,TechWorld,12,2023-01-09,2024-01-04,2024-02-03,13,2023-11-17,Paper feed failure,Paper feed failure; synthetic claim scenario: low-confidence scenario.,Electrical,Expired,Not Covered,Available,Available,Missing,Missing,Missing,Not Required,3,2,2023-12-19,Authorized Service Center A,Authorized,None,Match,Mismatch,Yes,Possible,Within Period,Unknown,No,No,No,Complex,High,Low-confidence scenario,Manual Review
CLM-1196,PRD-1196,Air Conditioner,Orient,Ultron,SN38665803,2023-10-26,165000,Digital Hub,18,2023-10-26,2025-04-18,2025-02-17,16,2024-12-18,Cooling failure,Cooling failure; synthetic claim scenario: borderline warranty date.,Mechanical,Expired,Uncertain,Available,Available,Available,Available,Missing,Missing,2,2,2024-12-25,Authorized Service Center A,Unauthorized,Control Board,Match,Mismatch,No,No,Outside Period,Yes,Yes,No,No,Complex,High,Borderline warranty date,Manual Review
CLM-1197,PRD-1197,Smartphone,Samsung,Galaxy A55,SN72087735,2023-10-09,125000,TechWorld,12,2023-10-09,2024-10-03,2025-01-31,16,2024-12-22,Screen failure,Screen failure; synthetic claim scenario: contradictory dates.,Software/Firmware,Expired,Not Covered,Missing,Available,Available,Available,Available,Available,1,1,2024-04-22,Authorized Service Center B,Unauthorized,Control Board,Mismatch,Mismatch,No,Possible,Outside Period,Unknown,Yes,Yes,Yes,Complex,Medium,Contradictory dates,Manual Review
CLM-1198,PRD-1198,Refrigerator,Haier,HRF-758,SN65542411,2024-05-10,180000,TechWorld,24,2024-05-10,2026-04-30,2026-07-29,27,2026-07-17,Compressor issue,Compressor issue; synthetic claim scenario: missing evidence.,Software/Firmware,Active,Not Covered,Missing,Missing,Missing,Available,Available,Not Required,3,2,2025-11-11,Authorized Service Center B,Unauthorized,None,Mismatch,Unknown,Yes,Yes,Uncertain,No,Uncertain,No,No,Complex,Medium,Missing evidence,Manual Review
CLM-1199,PRD-1199,Air Conditioner,Orient,Ultron,SN31370463,2025-06-04,165000,City Appliances,18,2025-06-04,2026-11-26,2027-01-25,20,2026-11-17,Fan failure,Fan failure; synthetic claim scenario: conflicting model predictions.,Software/Firmware,Active,Not Covered,Available,Missing,Missing,Available,Missing,Missing,4,1,2026-05-25,Independent Repair Shop,Authorized,Battery,Unknown,Mismatch,No,Possible,Within Period,No,Uncertain,No,No,Complex,Medium,Conflicting model predictions,Manual Review
CLM-1200,PRD-1200,Smartphone,Samsung,Galaxy A55,SN33994037,2024-04-24,125000,City Appliances,12,2024-04-24,2025-04-19,2025-06-18,14,2025-04-07,Charging port failure,Charging port failure; synthetic claim scenario: multiple rule warnings.,Software/Firmware,Active,Covered,Missing,Missing,Missing,Missing,Missing,Not Required,5,0,,,Not Applicable,None,Match,Match,No,No,Uncertain,Yes,No,No,No,Complex,Medium,Multiple rule warnings,Manual Review
CLM-1201,PRD-1201,Printer,HP,LaserJet M404,SN11070085,2024-08-29,72000,City Appliances,12,2024-08-29,2025-08-24,2025-09-23,13,2025-08-13,Print-head issue,Print-head issue; synthetic claim scenario: contradictory dates.,Mechanical,Active,Uncertain,Missing,Available,Available,Missing,Available,Not Required,2,1,2025-04-03,Authorized Service Center B,Authorized,Control Board,Match,Match,Yes,Possible,Within Period,No,Uncertain,No,No,Complex,High,Contradictory dates,Manual Review
CLM-1202,PRD-1202,Television,LG,OLED55,SN19822504,2024-05-10,210000,TechWorld,24,2024-05-10,2026-04-30,2026-08-28,28,2026-06-30,Power failure,Power failure; synthetic claim scenario: multiple rule warnings.,Mechanical,Near Expiry,Covered,Available,Missing,Available,Missing,Available,Not Required,2,2,2025-12-05,Independent Repair Shop,Unknown,Screen,Mismatch,Match,No,Yes,Within Period,No,Yes,No,No,Complex,Medium,Multiple rule warnings,Manual Review
CLM-1203,PRD-1203,Television,LG,OLED55,SN63520789,2023-07-18,210000,City Appliances,24,2023-07-18,2025-07-07,2025-08-06,25,2025-06-04,Panel issue,Panel issue; synthetic claim scenario: duplicate indicator.,Software/Firmware,Active,Uncertain,Available,Missing,Missing,Missing,Missing,Available,4,2,2024-12-11,Authorized Service Center A,Unknown,Motherboard,Unknown,Unknown,Yes,Possible,Within Period,Yes,Yes,No,No,Complex,High,Duplicate indicator,Manual Review
CLM-1204,PRD-1204,Washing Machine,Dawlance,DWT-1167,SN21843840,2023-02-11,135000,Smart Mart,24,2023-02-11,2025-01-31,2025-06-30,29,2025-05-30,Motor issue,Motor issue; synthetic claim scenario: borderline warranty date.,Electrical,Active,Not Covered,Missing,Available,Available,Missing,Available,Available,2,1,2025-04-01,Independent Repair Shop,Unauthorized,Screen,Unknown,Unknown,Possible,No,Outside Period,Unknown,No,No,No,Complex,Medium,Borderline warranty date,Manual Review
CLM-1205,PRD-1205,Refrigerator,Haier,HRF-758,SN63279797,2024-09-30,180000,Mega Electronics,24,2024-09-30,2026-09-20,2027-01-18,28,2027-01-15,Cooling failure,Cooling failure; synthetic claim scenario: conflicting model predictions.,Software/Firmware,Expired,Uncertain,Missing,Missing,Available,Missing,Available,Available,3,1,2026-04-21,Independent Repair Shop,Unknown,None,Match,Match,Possible,No,Uncertain,Unknown,No,No,No,Complex,Medium,Conflicting model predictions,Manual Review
CLM-1206,PRD-1206,Laptop,Dell,Inspiron 15,SN21980116,2024-05-31,85000,Smart Mart,12,2024-05-31,2025-05-26,2025-04-26,11,2025-03-05,Charging issue,Charging issue; synthetic claim scenario: conflicting model predictions.,Mechanical,Expired,Uncertain,Available,Missing,Missing,Missing,Missing,Not Required,4,0,,,Not Applicable,None,Match,Mismatch,Possible,Yes,Uncertain,Unknown,No,No,No,Complex,High,Conflicting model predictions,Manual Review
CLM-1207,PRD-1207,Smartphone,Samsung,Galaxy A55,SN58971640,2023-10-18,125000,Mega Electronics,12,2023-10-18,2024-10-12,2025-02-09,16,2024-11-28,Charging port failure,Charging port failure; synthetic claim scenario: borderline warranty date.,Water/Liquid,Active,Not Covered,Missing,Available,Missing,Missing,Missing,Not Required,4,0,,,Not Applicable,None,Match,Match,No,No,Outside Period,Unknown,No,No,No,Complex,High,Borderline warranty date,Manual Review
CLM-1208,PRD-1208,Television,LG,OLED55,SN21591136,2023-11-14,210000,Digital Hub,24,2023-11-14,2025-11-03,2026-04-02,29,2026-02-18,No display,No display; synthetic claim scenario: borderline warranty date.,Normal Wear,Expired,Uncertain,Available,Missing,Available,Missing,Available,Available,2,0,,,Not Applicable,None,Unknown,Unknown,Yes,Yes,Within Period,No,Uncertain,No,No,Complex,High,Borderline warranty date,Manual Review
CLM-1209,PRD-1209,Printer,HP,LaserJet M404,SN90298801,2025-03-19,72000,Mega Electronics,12,2025-03-19,2026-03-14,2026-05-13,14,2026-05-01,Connectivity issue,Connectivity issue; synthetic claim scenario: conflicting model predictions.,Electrical,Near Expiry,Covered,Missing,Missing,Available,Available,Missing,Available,3,1,2026-01-10,Independent Repair Shop,Authorized,None,Unknown,Unknown,Yes,No,Within Period,Yes,Yes,No,No,Complex,Medium,Conflicting model predictions,Manual Review
CLM-1210,PRD-1210,Laptop,Dell,Inspiron 15,SN16787706,2023-02-28,85000,Smart Mart,12,2023-02-28,2024-02-23,2024-08-21,18,2024-08-14,Motherboard failure,Motherboard failure; synthetic claim scenario: conflicting model predictions.,Normal Wear,Near Expiry,Uncertain,Available,Available,Missing,Available,Available,Missing,2,2,2024-07-10,Authorized Service Center A,Unknown,Battery,Unknown,Match,Possible,Yes,Outside Period,No,Yes,No,No,Complex,Medium,Conflicting model predictions,Manual Review
CLM-1211,PRD-1211,Laptop,Dell,Inspiron 15,SN50681370,2023-09-26,85000,City Appliances,12,2023-09-26,2024-09-20,2025-01-18,16,2024-11-25,Motherboard failure,Motherboard failure; synthetic claim scenario: contradictory dates.,Normal Wear,Expired,Covered,Available,Missing,Missing,Available,Available,Not Required,2,0,,,Not Applicable,None,Match,Match,Yes,Yes,Outside Period,Unknown,No,No,No,Complex,High,Contradictory dates,Manual Review
CLM-1212,PRD-1212,Washing Machine,Dawlance,DWT-1167,SN51396067,2025-02-26,135000,Mega Electronics,24,2025-02-26,2027-02-16,2026-11-18,21,2026-10-04,Drainage failure,Drainage failure; synthetic claim scenario: multiple rule warnings.,Normal Wear,Near Expiry,Covered,Available,Available,Available,Missing,Available,Not Required,1,2,2026-06-26,Authorized Service Center A,Unknown,Motherboard,Mismatch,Mismatch,No,Yes,Outside Period,Unknown,Uncertain,No,Yes,Complex,Medium,Multiple rule warnings,Manual Review
CLM-1213,PRD-1213,Refrigerator,Haier,HRF-758,SN41700552,2024-04-30,180000,City Appliances,24,2024-04-30,2026-04-20,2026-06-19,26,2026-03-28,Thermostat failure,Thermostat failure; synthetic claim scenario: borderline warranty date.,Water/Liquid,Active,Uncertain,Available,Missing,Missing,Missing,Missing,Not Required,4,0,,,Not Applicable,None,Unknown,Mismatch,Possible,Possible,Within Period,Unknown,Uncertain,No,No,Complex,Medium,Borderline warranty date,Manual Review
CLM-1214,PRD-1214,Air Conditioner,Orient,Ultron,SN63039291,2023-01-26,165000,Digital Hub,18,2023-01-26,2024-07-19,2024-10-17,21,2024-07-27,Cooling failure,Cooling failure; synthetic claim scenario: missing evidence.,Mechanical,Active,Not Covered,Missing,Available,Available,Available,Missing,Missing,3,1,2024-02-13,Independent Repair Shop,Unknown,Battery,Unknown,Match,Yes,Yes,Uncertain,No,Yes,No,No,Complex,High,Missing evidence,Manual Review
CLM-1215,PRD-1215,Laptop,Dell,Inspiron 15,SN13306687,2024-04-19,85000,Digital Hub,12,2024-04-19,2025-04-14,2025-10-11,18,2025-07-28,Motherboard failure,Motherboard failure; synthetic claim scenario: duplicate indicator.,Electrical,Active,Not Covered,Available,Available,Missing,Missing,Missing,Missing,4,1,2025-07-06,Authorized Service Center B,Unauthorized,None,Unknown,Mismatch,Possible,Possible,Within Period,Unknown,No,No,No,Complex,High,Duplicate indicator,Manual Review
CLM-1216,PRD-1216,Washing Machine,Dawlance,DWT-1167,SN17527260,2023-05-08,135000,Digital Hub,24,2023-05-08,2025-04-27,2025-02-26,22,2025-01-07,Drainage failure,Drainage failure; synthetic claim scenario: multiple rule warnings.,Electrical,Expired,Not Covered,Available,Available,Available,Missing,Missing,Missing,3,0,,,Not Applicable,None,Unknown,Unknown,Possible,No,Uncertain,No,Yes,No,No,Complex,High,Multiple rule warnings,Manual Review
CLM-1217,PRD-1217,Laptop,Dell,Inspiron 15,SN95043049,2025-01-05,85000,TechWorld,12,2025-01-05,2025-12-31,2026-01-30,13,2025-12-26,Keyboard failure,Keyboard failure; synthetic claim scenario: serial mismatch.,Electrical,Near Expiry,Uncertain,Available,Missing,Missing,Missing,Missing,Available,4,2,2025-09-13,Independent Repair Shop,Authorized,Control Board,Match,Unknown,No,No,Within Period,No,Uncertain,No,No,Complex,Medium,Serial mismatch,Manual Review
CLM-1218,PRD-1218,Printer,HP,LaserJet M404,SN32568467,2025-05-05,72000,TechWorld,12,2025-05-05,2026-04-30,2026-08-28,16,2026-07-23,Connectivity issue,Connectivity issue; synthetic claim scenario: conflicting model predictions.,Electrical,Active,Uncertain,Available,Missing,Missing,Available,Available,Available,2,0,,,Not Applicable,None,Match,Mismatch,Yes,No,Within Period,Unknown,Uncertain,No,No,Complex,Medium,Conflicting model predictions,Manual Review
CLM-1219,PRD-1219,Microwave,Samsung,MS23,SN96167913,2024-10-16,45000,Digital Hub,12,2024-10-16,2025-10-11,2025-07-13,9,2025-06-25,Heating failure,Heating failure; synthetic claim scenario: contradictory dates.,Physical,Expired,Covered,Missing,Missing,Available,Missing,Missing,Missing,5,0,,,Not Applicable,None,Mismatch,Unknown,Yes,Possible,Within Period,Unknown,Yes,No,No,Complex,High,Contradictory dates,Manual Review
CLM-1220,PRD-1220,Printer,HP,LaserJet M404,SN57504462,2024-11-10,72000,Smart Mart,12,2024-11-10,2025-11-05,2026-02-03,15,2025-11-08,Connectivity issue,Connectivity issue; synthetic claim scenario: low-confidence scenario.,Mechanical,Expired,Not Covered,Available,Missing,Missing,Available,Missing,Not Required,3,1,2025-09-07,Authorized Service Center B,Authorized,Screen,Mismatch,Mismatch,Yes,No,Outside Period,Yes,Uncertain,No,No,Complex,High,Low-confidence scenario,Manual Review
CLM-1221,PRD-1221,Refrigerator,Haier,HRF-758,SN78168182,2025-03-16,180000,Smart Mart,24,2025-03-16,2027-03-06,2027-08-03,29,2027-07-04,Cooling failure,Cooling failure; synthetic claim scenario: duplicate indicator.,Physical,Near Expiry,Not Covered,Missing,Available,Missing,Missing,Available,Missing,4,1,2027-02-11,Independent Repair Shop,Unauthorized,Battery,Match,Match,No,Yes,Outside Period,Yes,Yes,No,No,Complex,High,Duplicate indicator,Manual Review
CLM-1222,PRD-1222,Television,LG,OLED55,SN33470447,2025-03-02,210000,Smart Mart,24,2025-03-02,2027-02-20,2027-08-19,30,2027-06-08,Remote receiver failure,Remote receiver failure; synthetic claim scenario: borderline warranty date.,Physical,Active,Uncertain,Missing,Missing,Available,Missing,Missing,Not Required,4,0,,,Not Applicable,None,Mismatch,Match,Yes,Possible,Outside Period,No,Yes,No,No,Complex,Medium,Borderline warranty date,Manual Review
CLM-1223,PRD-1223,Printer,HP,LaserJet M404,SN42438964,2024-04-19,72000,Smart Mart,12,2024-04-19,2025-04-14,2025-01-14,9,2025-01-07,Paper feed failure,Paper feed failure; synthetic claim scenario: serial mismatch.,Electrical,Expired,Covered,Missing,Available,Available,Available,Missing,Missing,3,0,,,Not Applicable,None,Unknown,Mismatch,No,Yes,Outside Period,Yes,Uncertain,No,No,Complex,High,Serial mismatch,Manual Review
CLM-1224,PRD-1224,Smartphone,Samsung,Galaxy A55,SN28692391,2024-03-07,125000,City Appliances,12,2024-03-07,2025-03-02,2025-05-01,14,2025-02-18,Battery swelling,Battery swelling; synthetic claim scenario: serial mismatch.,Water/Liquid,Expired,Covered,Missing,Available,Available,Available,Missing,Missing,3,0,,,Not Applicable,None,Unknown,Match,Yes,No,Outside Period,No,Yes,No,No,Complex,Medium,Serial mismatch,Manual Review
CLM-1225,PRD-1225,Washing Machine,Dawlance,DWT-1167,SN99635689,2025-03-01,135000,Digital Hub,24,2025-03-01,2027-02-19,2027-02-19,24,2026-12-18,Motor issue,Motor issue; synthetic claim scenario: contradictory dates.,Electrical,Near Expiry,Not Covered,Available,Available,Available,Available,Available,Available,0,2,2026-08-03,Independent Repair Shop,Authorized,None,Mismatch,Match,Possible,Possible,Within Period,Yes,Yes,Yes,No,Complex,High,Contradictory dates,Manual Review
CLM-1226,PRD-1226,Air Conditioner,Orient,Ultron,SN56173586,2024-05-22,165000,Digital Hub,18,2024-05-22,2025-11-13,2026-04-12,23,2026-03-18,Fan failure,Fan failure; synthetic claim scenario: contradictory dates.,Physical,Near Expiry,Uncertain,Missing,Missing,Missing,Missing,Available,Missing,5,2,2025-08-15,Authorized Service Center A,Unknown,Battery,Unknown,Match,Yes,No,Outside Period,No,No,No,No,Complex,High,Contradictory dates,Manual Review
CLM-1227,PRD-1227,Microwave,Samsung,MS23,SN44537995,2024-12-16,45000,TechWorld,12,2024-12-16,2025-12-11,2026-03-11,15,2026-02-21,Control panel issue,Control panel issue; synthetic claim scenario: conflicting model predictions.,Mechanical,Expired,Covered,Available,Missing,Missing,Available,Available,Missing,3,1,2025-08-06,Authorized Service Center A,Authorized,Motherboard,Match,Unknown,Possible,Possible,Outside Period,Yes,Uncertain,No,No,Complex,Medium,Conflicting model predictions,Manual Review
CLM-1228,PRD-1228,Laptop,Dell,Inspiron 15,SN76313197,2024-06-10,85000,TechWorld,12,2024-06-10,2025-06-05,2025-11-02,17,2025-10-17,Charging issue,Charging issue; synthetic claim scenario: duplicate indicator.,Physical,Near Expiry,Uncertain,Missing,Missing,Available,Available,Available,Missing,3,2,2025-06-16,Authorized Service Center A,Unknown,Screen,Mismatch,Match,No,No,Uncertain,Unknown,Yes,No,No,Complex,Medium,Duplicate indicator,Manual Review
CLM-1229,PRD-1229,Laptop,Dell,Inspiron 15,SN98257644,2024-12-30,85000,Digital Hub,12,2024-12-30,2025-12-25,2026-06-23,18,2026-04-08,Battery failure,Battery failure; synthetic claim scenario: low-confidence scenario.,Normal Wear,Near Expiry,Covered,Available,Missing,Missing,Available,Available,Available,2,0,,,Not Applicable,None,Mismatch,Match,Yes,Yes,Uncertain,No,Yes,No,No,Complex,High,Low-confidence scenario,Manual Review
CLM-1230,PRD-1230,Television,LG,OLED55,SN72620390,2023-02-28,210000,Mega Electronics,24,2023-02-28,2025-02-17,2025-04-18,26,2025-01-30,Sound failure,Sound failure; synthetic claim scenario: serial mismatch.,Water/Liquid,Active,Not Covered,Missing,Missing,Available,Available,Available,Not Required,2,0,,,Not Applicable,None,Match,Match,Possible,No,Outside Period,Yes,Yes,No,No,Complex,High,Serial mismatch,Manual Review
CLM-1231,PRD-1231,Smartphone,Samsung,Galaxy A55,SN25931957,2023-04-23,125000,TechWorld,12,2023-04-23,2024-04-17,2024-05-17,13,2024-03-02,Charging port failure,Charging port failure; synthetic claim scenario: low-confidence scenario.,Physical,Active,Uncertain,Missing,Missing,Available,Available,Available,Not Required,2,1,2023-12-22,Authorized Service Center B,Unknown,None,Mismatch,Match,No,No,Uncertain,Unknown,No,No,No,Complex,High,Low-confidence scenario,Manual Review
CLM-1232,PRD-1232,Printer,HP,LaserJet M404,SN93020794,2023-05-31,72000,Mega Electronics,12,2023-05-31,2024-05-25,2024-09-22,16,2024-07-06,Print-head issue,Print-head issue; synthetic claim scenario: missing evidence.,Mechanical,Active,Not Covered,Missing,Available,Missing,Available,Available,Not Required,2,0,,,Not Applicable,None,Mismatch,Match,Yes,Yes,Within Period,Unknown,No,No,No,Complex,High,Missing evidence,Manual Review
CLM-1233,PRD-1233,Smartphone,Samsung,Galaxy A55,SN96364990,2024-08-30,125000,Digital Hub,12,2024-08-30,2025-08-25,2025-11-23,15,2025-09-11,Charging port failure,Charging port failure; synthetic claim scenario: contradictory dates.,Physical,Active,Not Covered,Missing,Available,Missing,Missing,Missing,Available,4,0,,,Not Applicable,None,Mismatch,Match,Yes,Yes,Uncertain,Yes,Yes,No,No,Complex,Medium,Contradictory dates,Manual Review
CLM-1234,PRD-1234,Smartphone,Samsung,Galaxy A55,SN52440768,2024-01-18,125000,Smart Mart,12,2024-01-18,2025-01-12,2024-10-14,9,2024-09-11,Speaker failure,Speaker failure; synthetic claim scenario: contradictory dates.,Software/Firmware,Expired,Not Covered,Available,Available,Available,Available,Available,Not Required,0,1,2024-01-02,Authorized Service Center A,Unknown,Motherboard,Mismatch,Unknown,Yes,No,Within Period,Unknown,Yes,No,Yes,Complex,Medium,Contradictory dates,Manual Review
CLM-1235,PRD-1235,Printer,HP,LaserJet M404,SN42693683,2023-02-18,72000,Smart Mart,12,2023-02-18,2024-02-13,2023-11-15,9,2023-10-11,Paper feed failure,Paper feed failure; synthetic claim scenario: contradictory dates.,Normal Wear,Active,Uncertain,Available,Missing,Missing,Missing,Missing,Missing,5,2,2023-09-21,Independent Repair Shop,Unknown,Battery,Unknown,Match,No,Possible,Uncertain,Unknown,No,No,No,Complex,Medium,Contradictory dates,Manual Review
CLM-1236,PRD-1236,Microwave,Samsung,MS23,SN14231385,2023-06-26,45000,Smart Mart,12,2023-06-26,2024-06-20,2024-03-22,9,2024-02-10,Turntable failure,Turntable failure; synthetic claim scenario: missing evidence.,Normal Wear,Active,Covered,Available,Missing,Missing,Available,Available,Not Required,2,1,2023-12-12,Authorized Service Center A,Authorized,Battery,Match,Match,Yes,Yes,Uncertain,No,Yes,No,No,Complex,Medium,Missing evidence,Manual Review
CLM-1237,PRD-1237,Smartphone,Samsung,Galaxy A55,SN67500307,2025-02-09,125000,City Appliances,12,2025-02-09,2026-02-04,2026-07-04,17,2026-06-18,Charging port failure,Charging port failure; synthetic claim scenario: borderline warranty date.,Mechanical,Near Expiry,Uncertain,Missing,Available,Missing,Available,Available,Not Required,2,2,2026-05-01,Independent Repair Shop,Unknown,None,Mismatch,Match,Yes,Possible,Uncertain,No,Yes,No,No,Complex,High,Borderline warranty date,Manual Review
CLM-1238,PRD-1238,Laptop,Dell,Inspiron 15,SN39083852,2023-01-24,85000,City Appliances,12,2023-01-24,2024-01-19,2023-12-20,11,2023-12-09,Screen flickering,Screen flickering; synthetic claim scenario: low-confidence scenario.,Electrical,Expired,Uncertain,Available,Available,Missing,Available,Missing,Available,2,1,2023-07-30,Authorized Service Center B,Unknown,Control Board,Mismatch,Match,Yes,Yes,Uncertain,Unknown,Yes,No,No,Complex,Medium,Low-confidence scenario,Manual Review
CLM-1239,PRD-1239,Air Conditioner,Orient,Ultron,SN20502180,2023-03-24,165000,Mega Electronics,18,2023-03-24,2024-09-14,2025-03-13,24,2025-03-02,Water leakage,Water leakage; synthetic claim scenario: missing evidence.,Software/Firmware,Near Expiry,Not Covered,Missing,Missing,Missing,Missing,Missing,Not Required,5,1,2024-12-11,Independent Repair Shop,Unauthorized,Motherboard,Mismatch,Mismatch,Possible,No,Uncertain,No,Yes,No,No,Complex,High,Missing evidence,Manual Review
CLM-1240,PRD-1240,Smartphone,Samsung,Galaxy A55,SN16246261,2024-12-05,125000,Mega Electronics,12,2024-12-05,2025-11-30,2025-10-31,11,2025-09-06,Camera failure,Camera failure; synthetic claim scenario: borderline warranty date.,Normal Wear,Active,Uncertain,Missing,Missing,Available,Available,Missing,Missing,4,1,2025-01-06,Authorized Service Center A,Authorized,Battery,Mismatch,Mismatch,Possible,No,Outside Period,No,No,No,No,Complex,High,Borderline warranty date,Manual Review
CLM-1241,PRD-1241,Refrigerator,Haier,HRF-758,SN94048411,2024-12-04,180000,TechWorld,24,2024-12-04,2026-11-24,2027-02-22,27,2027-02-13,Compressor issue,Compressor issue; synthetic claim scenario: duplicate indicator.,Physical,Expired,Not Covered,Missing,Missing,Available,Missing,Missing,Available,4,2,2026-10-14,Authorized Service Center A,Unauthorized,Battery,Unknown,Match,No,Possible,Outside Period,No,Uncertain,No,No,Complex,High,Duplicate indicator,Manual Review
CLM-1242,PRD-1242,Washing Machine,Dawlance,DWT-1167,SN83981681,2024-06-07,135000,Smart Mart,24,2024-06-07,2026-05-28,2026-03-29,22,2026-01-11,Control panel failure,Control panel failure; synthetic claim scenario: contradictory dates.,Mechanical,Expired,Uncertain,Missing,Available,Missing,Missing,Missing,Available,4,1,2025-08-23,Authorized Service Center B,Unauthorized,None,Unknown,Unknown,Possible,Yes,Uncertain,Yes,No,No,No,Complex,Medium,Contradictory dates,Manual Review
CLM-1243,PRD-1243,Laptop,Dell,Inspiron 15,SN17737798,2023-10-12,85000,City Appliances,12,2023-10-12,2024-10-06,2025-02-03,16,2024-11-07,Charging issue,Charging issue; synthetic claim scenario: contradictory dates.,Physical,Near Expiry,Uncertain,Available,Missing,Available,Available,Missing,Not Required,2,0,,,Not Applicable,None,Unknown,Match,Yes,Yes,Within Period,Unknown,Uncertain,No,No,Complex,Medium,Contradictory dates,Manual Review
CLM-1244,PRD-1244,Refrigerator,Haier,HRF-758,SN54918084,2023-10-14,180000,City Appliances,24,2023-10-14,2025-10-03,2025-07-05,21,2025-06-01,Thermostat failure,Thermostat failure; synthetic claim scenario: missing evidence.,Water/Liquid,Active,Not Covered,Available,Available,Available,Missing,Available,Available,1,2,2025-03-27,Authorized Service Center B,Unauthorized,Control Board,Match,Unknown,No,No,Within Period,Unknown,No,No,No,Complex,Medium,Missing evidence,Manual Review
CLM-1245,PRD-1245,Washing Machine,Dawlance,DWT-1167,SN11263412,2025-05-02,135000,City Appliances,24,2025-05-02,2027-04-22,2027-05-22,25,2027-03-08,Drainage failure,Drainage failure; synthetic claim scenario: multiple rule warnings.,Electrical,Near Expiry,Not Covered,Available,Missing,Available,Available,Available,Missing,2,0,,,Not Applicable,None,Match,Mismatch,Yes,Possible,Outside Period,Yes,Yes,No,No,Complex,Medium,Multiple rule warnings,Manual Review
CLM-1246,PRD-1246,Microwave,Samsung,MS23,SN21902422,2023-08-05,45000,Smart Mart,12,2023-08-05,2024-07-30,2024-10-28,15,2024-09-26,Heating failure,Heating failure; synthetic claim scenario: low-confidence scenario.,Mechanical,Active,Not Covered,Available,Available,Available,Missing,Missing,Missing,3,1,2024-07-09,Independent Repair Shop,Unauthorized,Control Board,Match,Mismatch,Yes,Possible,Uncertain,Yes,No,No,No,Complex,High,Low-confidence scenario,Manual Review
CLM-1247,PRD-1247,Laptop,Dell,Inspiron 15,SN26177844,2024-02-06,85000,Mega Electronics,12,2024-02-06,2025-01-31,2024-11-02,9,2024-10-18,Charging issue,Charging issue; synthetic claim scenario: serial mismatch.,Electrical,Active,Uncertain,Available,Missing,Available,Missing,Missing,Missing,4,0,,,Not Applicable,None,Unknown,Unknown,No,No,Outside Period,No,Uncertain,No,No,Complex,Medium,Serial mismatch,Manual Review
CLM-1248,PRD-1248,Microwave,Samsung,MS23,SN74670005,2024-09-20,45000,Digital Hub,12,2024-09-20,2025-09-15,2025-10-15,13,2025-08-01,Turntable failure,Turntable failure; synthetic claim scenario: low-confidence scenario.,Normal Wear,Active,Covered,Missing,Available,Available,Missing,Available,Not Required,2,1,2025-04-27,Authorized Service Center B,Unknown,Battery,Mismatch,Unknown,No,Possible,Uncertain,Yes,No,No,No,Complex,Medium,Low-confidence scenario,Manual Review
CLM-1249,PRD-1249,Television,LG,OLED55,SN86698495,2023-05-29,210000,Smart Mart,24,2023-05-29,2025-05-18,2025-07-17,26,2025-07-03,Power failure,Power failure; synthetic claim scenario: low-confidence scenario.,Physical,Expired,Not Covered,Available,Available,Missing,Available,Missing,Missing,3,1,2025-03-28,Authorized Service Center A,Unknown,Screen,Match,Unknown,No,Possible,Within Period,No,Uncertain,No,No,Complex,High,Low-confidence scenario,Manual Review
CLM-1250,PRD-1250,Washing Machine,Dawlance,DWT-1167,SN97323688,2023-04-11,135000,Smart Mart,24,2023-04-11,2025-03-31,2025-08-28,29,2025-07-26,Drainage failure,Drainage failure; synthetic claim scenario: contradictory dates.,Software/Firmware,Expired,Covered,Available,Missing,Missing,Available,Available,Not Required,2,0,,,Not Applicable,None,Match,Mismatch,Yes,Possible,Uncertain,Unknown,Uncertain,No,No,Complex,High,Contradictory dates,Manual Review
CLM-1251,PRD-1251,Washing Machine,Dawlance,DWT-1167,SN38963196,2024-01-07,135000,Smart Mart,24,2024-01-07,2025-12-27,2025-11-27,23,2025-09-07,Motor issue,Motor issue; synthetic claim scenario: multiple rule warnings.,Software/Firmware,Expired,Uncertain,Available,Available,Available,Missing,Missing,Not Required,2,0,,,Not Applicable,None,Mismatch,Unknown,No,Possible,Outside Period,Unknown,No,No,No,Complex,Medium,Multiple rule warnings,Manual Review
CLM-1252,PRD-1252,Refrigerator,Haier,HRF-758,SN92776015,2024-03-15,180000,Smart Mart,24,2024-03-15,2026-03-05,2025-12-05,21,2025-10-04,Cooling failure,Cooling failure; synthetic claim scenario: multiple rule warnings.,Normal Wear,Near Expiry,Covered,Available,Missing,Available,Missing,Available,Not Required,2,0,,,Not Applicable,None,Mismatch,Match,Yes,No,Uncertain,No,Uncertain,No,No,Complex,High,Multiple rule warnings,Manual Review
CLM-1253,PRD-1253,Refrigerator,Haier,HRF-758,SN47515276,2025-04-10,180000,Mega Electronics,24,2025-04-10,2027-03-31,2027-06-29,27,2027-04-03,Compressor issue,Compressor issue; synthetic claim scenario: conflicting model predictions.,Physical,Active,Covered,Available,Missing,Missing,Missing,Available,Available,3,2,2027-04-19,Independent Repair Shop,Unauthorized,None,Mismatch,Mismatch,No,Possible,Uncertain,Yes,No,No,No,Complex,Medium,Conflicting model predictions,Manual Review
CLM-1254,PRD-1254,Washing Machine,Dawlance,DWT-1167,SN72741164,2024-03-25,135000,TechWorld,24,2024-03-25,2026-03-15,2026-05-14,26,2026-02-13,Motor issue,Motor issue; synthetic claim scenario: borderline warranty date.,Physical,Active,Covered,Missing,Available,Missing,Missing,Missing,Available,4,2,2025-11-30,Authorized Service Center A,Unauthorized,Screen,Mismatch,Mismatch,No,Yes,Uncertain,Unknown,Uncertain,No,No,Complex,Medium,Borderline warranty date,Manual Review
CLM-1255,PRD-1255,Television,LG,OLED55,SN74462748,2023-11-04,210000,City Appliances,24,2023-11-04,2025-10-24,2025-08-25,22,2025-05-29,Power failure,Power failure; synthetic claim scenario: low-confidence scenario.,Normal Wear,Near Expiry,Uncertain,Available,Available,Missing,Available,Available,Available,1,2,2025-04-25,Authorized Service Center B,Unauthorized,Motherboard,Mismatch,Unknown,Possible,No,Uncertain,Unknown,Uncertain,Yes,Yes,Complex,Medium,Low-confidence scenario,Manual Review
CLM-1256,PRD-1256,Printer,HP,LaserJet M404,SN47640380,2024-08-20,72000,Mega Electronics,12,2024-08-20,2025-08-15,2026-02-11,18,2026-01-19,Print-head issue,Print-head issue; synthetic claim scenario: borderline warranty date.,Physical,Active,Uncertain,Missing,Available,Available,Missing,Available,Not Required,2,1,2025-12-06,Authorized Service Center A,Unknown,None,Unknown,Match,Yes,Yes,Within Period,Unknown,No,No,No,Complex,High,Borderline warranty date,Manual Review
CLM-1257,PRD-1257,Printer,HP,LaserJet M404,SN78146413,2024-03-10,72000,City Appliances,12,2024-03-10,2025-03-05,2025-08-02,17,2025-07-08,Paper feed failure,Paper feed failure; synthetic claim scenario: serial mismatch.,Physical,Expired,Not Covered,Available,Available,Missing,Available,Available,Missing,2,0,,,Not Applicable,None,Mismatch,Mismatch,No,Yes,Uncertain,Yes,Yes,No,No,Complex,High,Serial mismatch,Manual Review
CLM-1258,PRD-1258,Washing Machine,Dawlance,DWT-1167,SN74371388,2023-06-29,135000,TechWorld,24,2023-06-29,2025-06-18,2025-06-18,24,2025-04-07,Water leakage,Water leakage; synthetic claim scenario: duplicate indicator.,Mechanical,Active,Not Covered,Available,Missing,Missing,Available,Missing,Missing,4,0,,,Not Applicable,None,Mismatch,Match,Yes,Possible,Within Period,Unknown,Uncertain,No,No,Complex,High,Duplicate indicator,Manual Review
CLM-1259,PRD-1259,Printer,HP,LaserJet M404,SN38489931,2025-04-06,72000,Digital Hub,12,2025-04-06,2026-04-01,2026-05-01,13,2026-03-20,Connectivity issue,Connectivity issue; synthetic claim scenario: borderline warranty date.,Physical,Active,Not Covered,Available,Missing,Missing,Missing,Available,Missing,4,1,2026-02-07,Independent Repair Shop,Unknown,Control Board,Match,Match,No,Yes,Uncertain,Yes,Yes,No,No,Complex,Medium,Borderline warranty date,Manual Review
CLM-1260,PRD-1260,Printer,HP,LaserJet M404,SN80276331,2024-11-13,72000,Digital Hub,12,2024-11-13,2025-11-08,2026-04-07,17,2026-02-10,Print-head issue,Print-head issue; synthetic claim scenario: borderline warranty date.,Normal Wear,Expired,Not Covered,Missing,Missing,Available,Missing,Available,Missing,4,2,2026-03-07,Authorized Service Center B,Unknown,Motherboard,Match,Match,Possible,Yes,Outside Period,No,No,No,No,Complex,Medium,Borderline warranty date,Manual Review
CLM-1261,PRD-1261,Smartphone,Samsung,Galaxy A55,SN37848456,2023-12-11,125000,Digital Hub,12,2023-12-11,2024-12-05,2025-04-04,16,2025-02-17,Camera failure,Camera failure; synthetic claim scenario: borderline warranty date.,Water/Liquid,Expired,Not Covered,Missing,Available,Missing,Available,Missing,Available,3,2,2025-01-25,Authorized Service Center B,Unauthorized,Motherboard,Unknown,Mismatch,Possible,Yes,Uncertain,Unknown,No,No,No,Complex,Medium,Borderline warranty date,Manual Review
CLM-1262,PRD-1262,Air Conditioner,Orient,Ultron,SN82082891,2023-01-20,165000,Smart Mart,18,2023-01-20,2024-07-13,2024-09-11,20,2024-09-08,Water leakage,Water leakage; synthetic claim scenario: duplicate indicator.,Mechanical,Near Expiry,Not Covered,Missing,Missing,Available,Missing,Missing,Missing,5,0,,,Not Applicable,None,Match,Unknown,Yes,Possible,Within Period,Unknown,Yes,No,No,Complex,Medium,Duplicate indicator,Manual Review
CLM-1263,PRD-1263,Air Conditioner,Orient,Ultron,SN64653981,2025-03-31,165000,Smart Mart,18,2025-03-31,2026-09-22,2026-07-24,16,2026-06-15,Compressor issue,Compressor issue; synthetic claim scenario: multiple rule warnings.,Electrical,Active,Covered,Missing,Available,Available,Missing,Missing,Missing,4,2,2026-04-07,Authorized Service Center B,Unauthorized,Motherboard,Unknown,Match,Yes,Possible,Within Period,Unknown,Uncertain,No,No,Complex,High,Multiple rule warnings,Manual Review
CLM-1264,PRD-1264,Refrigerator,Haier,HRF-758,SN57013536,2023-11-27,180000,Smart Mart,24,2023-11-27,2025-11-16,2025-11-16,24,2025-11-13,Thermostat failure,Thermostat failure; synthetic claim scenario: low-confidence scenario.,Software/Firmware,Near Expiry,Covered,Available,Available,Available,Missing,Missing,Not Required,2,1,2025-09-14,Independent Repair Shop,Unknown,Motherboard,Match,Match,Possible,Yes,Uncertain,Yes,No,No,No,Complex,High,Low-confidence scenario,Manual Review
CLM-1265,PRD-1265,Laptop,Dell,Inspiron 15,SN24086365,2023-08-10,85000,Smart Mart,12,2023-08-10,2024-08-04,2024-10-03,14,2024-08-10,Screen flickering,Screen flickering; synthetic claim scenario: borderline warranty date.,Electrical,Active,Covered,Available,Missing,Available,Missing,Missing,Not Required,3,1,2024-05-28,Independent Repair Shop,Unknown,Battery,Mismatch,Mismatch,Yes,Yes,Outside Period,Unknown,Uncertain,No,No,Complex,Medium,Borderline warranty date,Manual Review
CLM-1266,PRD-1266,Refrigerator,Haier,HRF-758,SN69659268,2023-08-16,180000,Smart Mart,24,2023-08-16,2025-08-05,2025-12-03,28,2025-09-07,Thermostat failure,Thermostat failure; synthetic claim scenario: low-confidence scenario.,Physical,Expired,Covered,Missing,Available,Missing,Available,Available,Missing,3,1,2025-06-23,Authorized Service Center B,Unauthorized,None,Mismatch,Mismatch,No,Yes,Outside Period,No,Yes,No,No,Complex,Medium,Low-confidence scenario,Manual Review
CLM-1267,PRD-1267,Microwave,Samsung,MS23,SN84836134,2025-04-13,45000,City Appliances,12,2025-04-13,2026-04-08,2026-05-08,13,2026-03-05,Control panel issue,Control panel issue; synthetic claim scenario: multiple rule warnings.,Physical,Expired,Uncertain,Missing,Missing,Available,Missing,Missing,Available,4,2,2025-10-19,Authorized Service Center A,Unauthorized,None,Unknown,Mismatch,Possible,No,Within Period,Yes,Yes,No,No,Complex,High,Multiple rule warnings,Manual Review
CLM-1268,PRD-1268,Washing Machine,Dawlance,DWT-1167,SN96348938,2025-06-12,135000,TechWorld,24,2025-06-12,2027-06-02,2027-03-04,21,2027-01-01,Drainage failure,Drainage failure; synthetic claim scenario: serial mismatch.,Water/Liquid,Expired,Not Covered,Missing,Available,Missing,Missing,Missing,Available,4,1,2026-12-29,Authorized Service Center A,Unauthorized,Screen,Mismatch,Match,Yes,No,Within Period,Unknown,Uncertain,No,No,Complex,Medium,Serial mismatch,Manual Review
CLM-1269,PRD-1269,Laptop,Dell,Inspiron 15,SN67691785,2025-03-26,85000,TechWorld,12,2025-03-26,2026-03-21,2026-05-20,14,2026-03-30,Charging issue,Charging issue; synthetic claim scenario: borderline warranty date.,Normal Wear,Expired,Uncertain,Available,Available,Missing,Missing,Missing,Available,3,2,2025-11-11,Independent Repair Shop,Unknown,None,Mismatch,Mismatch,No,Possible,Within Period,No,Uncertain,No,No,Complex,Medium,Borderline warranty date,Manual Review
CLM-1270,PRD-1270,Laptop,Dell,Inspiron 15,SN20784367,2023-09-24,85000,TechWorld,12,2023-09-24,2024-09-18,2024-06-20,9,2024-04-07,Keyboard failure,Keyboard failure; synthetic claim scenario: multiple rule warnings.,Water/Liquid,Near Expiry,Covered,Available,Available,Available,Missing,Missing,Missing,3,0,,,Not Applicable,None,Match,Unknown,Yes,Yes,Uncertain,Unknown,Uncertain,No,No,Complex,High,Multiple rule warnings,Manual Review
CLM-1271,PRD-1271,Smartphone,Samsung,Galaxy A55,SN71949302,2024-11-30,125000,Smart Mart,12,2024-11-30,2025-11-25,2026-04-24,17,2026-03-27,Camera failure,Camera failure; synthetic claim scenario: low-confidence scenario.,Software/Firmware,Near Expiry,Not Covered,Missing,Missing,Missing,Available,Missing,Not Required,4,1,2025-08-07,Authorized Service Center B,Unauthorized,Motherboard,Match,Unknown,Yes,Yes,Outside Period,Unknown,Yes,No,No,Complex,Medium,Low-confidence scenario,Manual Review
CLM-1272,PRD-1272,Printer,HP,LaserJet M404,SN76622941,2024-07-14,72000,City Appliances,12,2024-07-14,2025-07-09,2026-01-05,18,2026-01-02,Print-head issue,Print-head issue; synthetic claim scenario: serial mismatch.,Physical,Near Expiry,Not Covered,Available,Missing,Missing,Missing,Missing,Available,4,2,2025-11-12,Authorized Service Center B,Unknown,None,Match,Unknown,No,Yes,Within Period,No,Uncertain,No,No,Complex,Medium,Serial mismatch,Manual Review
CLM-1273,PRD-1273,Air Conditioner,Orient,Ultron,SN70541218,2023-10-12,165000,Mega Electronics,18,2023-10-12,2025-04-04,2025-04-04,18,2025-01-14,Fan failure,Fan failure; synthetic claim scenario: multiple rule warnings.,Mechanical,Near Expiry,Not Covered,Available,Available,Available,Missing,Available,Missing,2,0,,,Not Applicable,None,Match,Match,Yes,Possible,Outside Period,No,Yes,No,No,Complex,High,Multiple rule warnings,Manual Review
CLM-1274,PRD-1274,Smartphone,Samsung,Galaxy A55,SN57962541,2023-09-17,125000,TechWorld,12,2023-09-17,2024-09-11,2025-02-08,17,2024-12-26,Screen failure,Screen failure; synthetic claim scenario: multiple rule warnings.,Water/Liquid,Active,Not Covered,Missing,Missing,Missing,Available,Available,Available,3,1,2024-09-07,Authorized Service Center B,Authorized,Motherboard,Match,Unknown,Yes,No,Uncertain,No,Uncertain,No,No,Complex,High,Multiple rule warnings,Manual Review
CLM-1275,PRD-1275,Printer,HP,LaserJet M404,SN95590035,2023-11-14,72000,Mega Electronics,12,2023-11-14,2024-11-08,2025-03-08,16,2025-01-28,Power failure,Power failure; synthetic claim scenario: multiple rule warnings.,Normal Wear,Active,Covered,Available,Available,Missing,Available,Available,Available,1,0,,,Not Applicable,None,Mismatch,Unknown,Possible,No,Outside Period,Yes,Yes,Yes,No,Complex,Medium,Multiple rule warnings,Manual Review
CLM-1276,PRD-1276,Smartphone,Samsung,Galaxy A55,SN81470064,2024-05-15,125000,Smart Mart,12,2024-05-15,2025-05-10,2025-07-09,14,2025-04-20,Camera failure,Camera failure; synthetic claim scenario: low-confidence scenario.,Electrical,Near Expiry,Covered,Missing,Available,Available,Missing,Missing,Missing,4,2,2025-04-24,Authorized Service Center B,Unauthorized,Control Board,Mismatch,Unknown,No,No,Uncertain,No,No,No,No,Complex,Medium,Low-confidence scenario,Manual Review
CLM-1277,PRD-1277,Laptop,Dell,Inspiron 15,SN88870241,2025-01-19,85000,TechWorld,12,2025-01-19,2026-01-14,2026-01-14,12,2025-11-06,Battery failure,Battery failure; synthetic claim scenario: conflicting model predictions.,Mechanical,Active,Not Covered,Missing,Available,Missing,Available,Available,Missing,3,0,,,Not Applicable,None,Match,Unknown,Yes,Possible,Uncertain,Yes,Uncertain,No,No,Complex,Medium,Conflicting model predictions,Manual Review
CLM-1278,PRD-1278,Smartphone,Samsung,Galaxy A55,SN39991893,2024-06-11,125000,TechWorld,12,2024-06-11,2025-06-06,2025-05-07,11,2025-03-07,Camera failure,Camera failure; synthetic claim scenario: low-confidence scenario.,Mechanical,Active,Not Covered,Available,Available,Missing,Missing,Available,Available,2,0,,,Not Applicable,None,Match,Mismatch,Yes,Possible,Outside Period,No,No,No,No,Complex,Medium,Low-confidence scenario,Manual Review
CLM-1279,PRD-1279,Laptop,Dell,Inspiron 15,SN50745258,2025-04-07,85000,TechWorld,12,2025-04-07,2026-04-02,2026-05-02,13,2026-04-30,Keyboard failure,Keyboard failure; synthetic claim scenario: duplicate indicator.,Water/Liquid,Expired,Not Covered,Available,Available,Available,Missing,Missing,Not Required,2,2,2025-11-08,Independent Repair Shop,Unauthorized,Battery,Mismatch,Mismatch,Possible,Yes,Uncertain,Yes,No,No,No,Complex,High,Duplicate indicator,Manual Review
CLM-1280,PRD-1280,Smartphone,Samsung,Galaxy A55,SN17901857,2023-05-25,125000,Smart Mart,12,2023-05-25,2024-05-19,2024-11-15,18,2024-08-30,Battery swelling,Battery swelling; synthetic claim scenario: borderline warranty date.,Normal Wear,Expired,Not Covered,Available,Available,Missing,Missing,Available,Not Required,2,2,2024-09-04,Authorized Service Center A,Unauthorized,Battery,Match,Unknown,Yes,Possible,Uncertain,Yes,Uncertain,No,No,Complex,Medium,Borderline warranty date,Manual Review
CLM-1281,PRD-1281,Television,LG,OLED55,SN86898062,2024-11-11,210000,TechWorld,24,2024-11-11,2026-11-01,2026-10-02,23,2026-09-16,Sound failure,Sound failure; synthetic claim scenario: duplicate indicator.,Normal Wear,Expired,Uncertain,Available,Missing,Available,Available,Available,Not Required,1,1,2026-03-14,Independent Repair Shop,Unauthorized,None,Match,Unknown,Possible,Yes,Uncertain,Yes,No,Yes,Yes,Complex,High,Duplicate indicator,Manual Review
CLM-1282,PRD-1282,Laptop,Dell,Inspiron 15,SN76215748,2023-12-20,85000,Mega Electronics,12,2023-12-20,2024-12-14,2024-11-14,11,2024-08-21,Motherboard failure,Motherboard failure; synthetic claim scenario: contradictory dates.,Physical,Near Expiry,Uncertain,Missing,Missing,Available,Available,Missing,Available,3,2,2024-07-14,Authorized Service Center A,Authorized,Battery,Match,Match,Yes,Yes,Outside Period,Yes,Uncertain,No,No,Complex,High,Contradictory dates,Manual Review
CLM-1283,PRD-1283,Microwave,Samsung,MS23,SN34418079,2023-05-06,45000,Digital Hub,12,2023-05-06,2024-04-30,2024-10-27,18,2024-09-12,Turntable failure,Turntable failure; synthetic claim scenario: serial mismatch.,Electrical,Active,Not Covered,Missing,Available,Available,Missing,Available,Not Required,2,0,,,Not Applicable,None,Unknown,Unknown,Possible,No,Outside Period,No,Yes,No,No,Complex,Medium,Serial mismatch,Manual Review
CLM-1284,PRD-1284,Printer,HP,LaserJet M404,SN62201134,2025-03-12,72000,Digital Hub,12,2025-03-12,2026-03-07,2026-04-06,13,2026-02-03,Paper feed failure,Paper feed failure; synthetic claim scenario: low-confidence scenario.,Normal Wear,Expired,Not Covered,Missing,Missing,Available,Available,Missing,Available,3,2,2025-07-03,Independent Repair Shop,Unknown,Screen,Unknown,Mismatch,Possible,Possible,Uncertain,Yes,No,No,No,Complex,Medium,Low-confidence scenario,Manual Review
CLM-1285,PRD-1285,Printer,HP,LaserJet M404,SN23111315,2025-04-04,72000,Mega Electronics,12,2025-04-04,2026-03-30,2026-03-30,12,2026-01-23,Paper feed failure,Paper feed failure; synthetic claim scenario: serial mismatch.,Water/Liquid,Near Expiry,Not Covered,Missing,Missing,Missing,Missing,Available,Available,4,0,,,Not Applicable,None,Mismatch,Unknown,No,Possible,Uncertain,No,No,No,No,Complex,Medium,Serial mismatch,Manual Review
CLM-1286,PRD-1286,Printer,HP,LaserJet M404,SN89070526,2023-01-10,72000,TechWorld,12,2023-01-10,2024-01-05,2024-05-04,16,2024-02-18,Paper feed failure,Paper feed failure; synthetic claim scenario: duplicate indicator.,Physical,Expired,Uncertain,Missing,Available,Available,Available,Available,Available,1,1,2024-02-12,Independent Repair Shop,Unknown,Motherboard,Mismatch,Unknown,Yes,Possible,Uncertain,No,Uncertain,Yes,No,Complex,High,Duplicate indicator,Manual Review
CLM-1287,PRD-1287,Laptop,Dell,Inspiron 15,SN44339270,2024-01-06,85000,Smart Mart,12,2024-01-06,2024-12-31,2025-01-30,13,2024-12-04,Motherboard failure,Motherboard failure; synthetic claim scenario: contradictory dates.,Water/Liquid,Active,Uncertain,Available,Missing,Available,Missing,Missing,Available,3,2,2024-12-13,Independent Repair Shop,Unauthorized,Motherboard,Unknown,Match,No,Yes,Uncertain,Yes,Yes,No,No,Complex,Medium,Contradictory dates,Manual Review
CLM-1288,PRD-1288,Printer,HP,LaserJet M404,SN75090023,2025-05-04,72000,City Appliances,12,2025-05-04,2026-04-29,2026-07-28,15,2026-04-30,Connectivity issue,Connectivity issue; synthetic claim scenario: low-confidence scenario.,Normal Wear,Near Expiry,Covered,Available,Missing,Available,Available,Available,Not Required,1,2,2026-07-08,Authorized Service Center A,Unknown,Motherboard,Match,Match,No,Possible,Within Period,No,Yes,No,No,Complex,High,Low-confidence scenario,Manual Review
CLM-1289,PRD-1289,Laptop,Dell,Inspiron 15,SN54258702,2024-09-17,85000,Smart Mart,12,2024-09-17,2025-09-12,2025-10-12,13,2025-08-31,Keyboard failure,Keyboard failure; synthetic claim scenario: borderline warranty date.,Normal Wear,Near Expiry,Covered,Missing,Missing,Missing,Missing,Missing,Missing,6,0,,,Not Applicable,None,Match,Match,Possible,Yes,Within Period,No,Yes,No,No,Complex,High,Borderline warranty date,Manual Review
CLM-1290,PRD-1290,Television,LG,OLED55,SN44517026,2024-05-30,210000,Digital Hub,24,2024-05-30,2026-05-20,2026-06-19,25,2026-04-11,Sound failure,Sound failure; synthetic claim scenario: multiple rule warnings.,Mechanical,Near Expiry,Not Covered,Missing,Available,Available,Missing,Missing,Not Required,3,0,,,Not Applicable,None,Mismatch,Mismatch,Possible,No,Uncertain,Unknown,No,No,No,Complex,High,Multiple rule warnings,Manual Review
CLM-1291,PRD-1291,Washing Machine,Dawlance,DWT-1167,SN24798481,2024-09-19,135000,City Appliances,24,2024-09-19,2026-09-09,2026-11-08,26,2026-09-28,Drainage failure,Drainage failure; synthetic claim scenario: borderline warranty date.,Mechanical,Active,Not Covered,Missing,Missing,Available,Missing,Missing,Not Required,4,2,2026-03-15,Authorized Service Center A,Unknown,None,Match,Match,Yes,No,Outside Period,Unknown,Uncertain,No,No,Complex,Medium,Borderline warranty date,Manual Review
CLM-1292,PRD-1292,Smartphone,Samsung,Galaxy A55,SN21114927,2025-02-15,125000,Smart Mart,12,2025-02-15,2026-02-10,2026-08-09,18,2026-06-09,Battery swelling,Battery swelling; synthetic claim scenario: low-confidence scenario.,Electrical,Near Expiry,Uncertain,Available,Available,Missing,Available,Available,Not Required,1,1,2025-10-16,Independent Repair Shop,Authorized,Screen,Mismatch,Unknown,Yes,No,Outside Period,Yes,Yes,Yes,No,Complex,High,Low-confidence scenario,Manual Review
CLM-1293,PRD-1293,Laptop,Dell,Inspiron 15,SN42889839,2025-03-23,85000,Smart Mart,12,2025-03-23,2026-03-18,2026-03-18,12,2026-02-07,Keyboard failure,Keyboard failure; synthetic claim scenario: contradictory dates.,Mechanical,Near Expiry,Covered,Available,Missing,Available,Missing,Available,Missing,3,2,2025-08-06,Authorized Service Center B,Unknown,Motherboard,Mismatch,Match,Possible,Possible,Outside Period,Yes,Yes,No,No,Complex,Medium,Contradictory dates,Manual Review
CLM-1294,PRD-1294,Laptop,Dell,Inspiron 15,SN56845230,2024-09-21,85000,City Appliances,12,2024-09-21,2025-09-16,2026-01-14,16,2025-12-10,Motherboard failure,Motherboard failure; synthetic claim scenario: borderline warranty date.,Software/Firmware,Near Expiry,Not Covered,Available,Missing,Available,Available,Missing,Not Required,2,0,,,Not Applicable,None,Mismatch,Unknown,Possible,Yes,Uncertain,No,No,No,No,Complex,Medium,Borderline warranty date,Manual Review
CLM-1295,PRD-1295,Television,LG,OLED55,SN74114803,2025-04-02,210000,Smart Mart,24,2025-04-02,2027-03-23,2026-12-23,21,2026-12-01,Sound failure,Sound failure; synthetic claim scenario: low-confidence scenario.,Physical,Active,Not Covered,Missing,Available,Available,Available,Missing,Missing,3,1,2026-06-23,Independent Repair Shop,Authorized,Screen,Match,Match,Possible,No,Outside Period,Yes,No,No,No,Complex,High,Low-confidence scenario,Manual Review
CLM-1296,PRD-1296,Printer,HP,LaserJet M404,SN37650014,2023-01-03,72000,TechWorld,12,2023-01-03,2023-12-29,2024-05-27,17,2024-03-09,Power failure,Power failure; synthetic claim scenario: multiple rule warnings.,Software/Firmware,Active,Not Covered,Missing,Available,Available,Available,Missing,Missing,3,1,2023-10-31,Authorized Service Center A,Authorized,Screen,Unknown,Unknown,Yes,Possible,Outside Period,No,Yes,No,No,Complex,Medium,Multiple rule warnings,Manual Review
CLM-1297,PRD-1297,Television,LG,OLED55,SN95717754,2024-06-16,210000,Digital Hub,24,2024-06-16,2026-06-06,2026-11-03,29,2026-08-12,Power failure,Power failure; synthetic claim scenario: contradictory dates.,Mechanical,Expired,Uncertain,Missing,Missing,Missing,Missing,Missing,Missing,6,1,2026-05-04,Independent Repair Shop,Authorized,Motherboard,Mismatch,Match,Possible,Possible,Outside Period,Unknown,Uncertain,No,No,Complex,High,Contradictory dates,Manual Review
CLM-1298,PRD-1298,Microwave,Samsung,MS23,SN24735742,2024-11-04,45000,TechWorld,12,2024-11-04,2025-10-30,2025-08-31,10,2025-07-18,Heating failure,Heating failure; synthetic claim scenario: multiple rule warnings.,Physical,Expired,Uncertain,Available,Available,Available,Missing,Available,Missing,2,1,2025-04-10,Authorized Service Center B,Authorized,Screen,Mismatch,Match,Possible,Yes,Outside Period,Yes,No,No,No,Complex,Medium,Multiple rule warnings,Manual Review
CLM-1299,PRD-1299,Microwave,Samsung,MS23,SN22781645,2024-04-10,45000,City Appliances,12,2024-04-10,2025-04-05,2025-05-05,13,2025-02-15,Door switch failure,Door switch failure; synthetic claim scenario: contradictory dates.,Water/Liquid,Expired,Covered,Available,Missing,Missing,Available,Available,Missing,3,1,2024-08-19,Independent Repair Shop,Unauthorized,Screen,Mismatch,Mismatch,No,No,Outside Period,Yes,Uncertain,No,No,Complex,High,Contradictory dates,Manual Review
CLM-1300,PRD-1300,Air Conditioner,Orient,Ultron,SN58603644,2024-04-23,165000,Smart Mart,18,2024-04-23,2025-10-15,2026-04-13,24,2026-01-17,Water leakage,Water leakage; synthetic claim scenario: contradictory dates.,Electrical,Expired,Covered,Available,Available,Missing,Missing,Missing,Not Required,3,0,,,Not Applicable,None,Unknown,Unknown,Yes,Possible,Outside Period,Unknown,Uncertain,No,No,Complex,High,Contradictory dates,Manual Review
CLM-1301,PRD-1301,Printer,HP,LaserJet M404,SN99850845,2024-02-17,72000,Smart Mart,12,2024-02-17,2025-02-11,2025-01-12,11,2024-11-05,Connectivity issue,Connectivity issue; synthetic claim scenario: conflicting model predictions.,Software/Firmware,Expired,Uncertain,Available,Available,Missing,Available,Available,Available,1,2,2024-07-22,Authorized Service Center B,Authorized,Battery,Mismatch,Match,Possible,No,Outside Period,Yes,Uncertain,No,Yes,Complex,High,Conflicting model predictions,Manual Review
CLM-1302,PRD-1302,Washing Machine,Dawlance,DWT-1167,SN56698992,2023-05-08,135000,Smart Mart,24,2023-05-08,2025-04-27,2025-06-26,26,2025-04-13,Control panel failure,Control panel failure; synthetic claim scenario: low-confidence scenario.,Normal Wear,Expired,Covered,Available,Missing,Missing,Missing,Missing,Available,4,0,,,Not Applicable,None,Mismatch,Match,No,Yes,Outside Period,No,No,No,No,Complex,Medium,Low-confidence scenario,Manual Review
CLM-1303,PRD-1303,Laptop,Dell,Inspiron 15,SN41722456,2024-11-05,85000,Smart Mart,12,2024-11-05,2025-10-31,2025-09-01,10,2025-07-06,Motherboard failure,Motherboard failure; synthetic claim scenario: conflicting model predictions.,Water/Liquid,Near Expiry,Covered,Missing,Missing,Missing,Available,Missing,Not Required,4,1,2025-05-13,Independent Repair Shop,Unauthorized,Motherboard,Mismatch,Unknown,No,Possible,Uncertain,No,No,No,No,Complex,High,Conflicting model predictions,Manual Review
CLM-1304,PRD-1304,Microwave,Samsung,MS23,SN40935029,2024-02-16,45000,Digital Hub,12,2024-02-16,2025-02-10,2025-04-11,14,2025-03-16,Turntable failure,Turntable failure; synthetic claim scenario: contradictory dates.,Electrical,Expired,Not Covered,Available,Missing,Missing,Missing,Available,Missing,4,0,,,Not Applicable,None,Mismatch,Match,No,Yes,Uncertain,No,Yes,No,No,Complex,Medium,Contradictory dates,Manual Review
CLM-1305,PRD-1305,Refrigerator,Haier,HRF-758,SN18396069,2024-09-18,180000,Digital Hub,24,2024-09-18,2026-09-08,2026-07-10,22,2026-06-05,Thermostat failure,Thermostat failure; synthetic claim scenario: conflicting model predictions.,Water/Liquid,Active,Covered,Missing,Missing,Available,Missing,Missing,Not Required,4,0,,,Not Applicable,None,Mismatch,Mismatch,Yes,No,Outside Period,Yes,Uncertain,No,No,Complex,High,Conflicting model predictions,Manual Review
CLM-1306,PRD-1306,Laptop,Dell,Inspiron 15,SN45489387,2023-07-20,85000,TechWorld,12,2023-07-20,2024-07-14,2024-04-15,9,2024-02-16,Motherboard failure,Motherboard failure; synthetic claim scenario: conflicting model predictions.,Mechanical,Near Expiry,Uncertain,Available,Missing,Missing,Missing,Available,Missing,4,0,,,Not Applicable,None,Unknown,Match,Possible,No,Uncertain,Yes,No,No,No,Complex,High,Conflicting model predictions,Manual Review
CLM-1307,PRD-1307,Printer,HP,LaserJet M404,SN93040008,2024-03-15,72000,Digital Hub,12,2024-03-15,2025-03-10,2025-01-09,10,2024-12-23,Power failure,Power failure; synthetic claim scenario: missing evidence.,Software/Firmware,Near Expiry,Covered,Available,Available,Available,Missing,Available,Missing,2,0,,,Not Applicable,None,Mismatch,Match,No,Yes,Outside Period,Unknown,Uncertain,No,No,Complex,Medium,Missing evidence,Manual Review
CLM-1308,PRD-1308,Air Conditioner,Orient,Ultron,SN38699665,2024-04-07,165000,City Appliances,18,2024-04-07,2025-09-29,2025-10-29,19,2025-09-10,Cooling failure,Cooling failure; synthetic claim scenario: duplicate indicator.,Software/Firmware,Expired,Uncertain,Available,Available,Missing,Missing,Missing,Missing,4,0,,,Not Applicable,None,Match,Unknown,No,Yes,Uncertain,Unknown,Uncertain,No,No,Complex,High,Duplicate indicator,Manual Review
CLM-1309,PRD-1309,Refrigerator,Haier,HRF-758,SN36618901,2024-06-07,180000,Mega Electronics,24,2024-06-07,2026-05-28,2026-07-27,26,2026-07-08,Compressor issue,Compressor issue; synthetic claim scenario: conflicting model predictions.,Physical,Active,Covered,Available,Available,Missing,Missing,Missing,Available,3,2,2026-02-14,Authorized Service Center B,Authorized,Screen,Mismatch,Mismatch,Yes,No,Within Period,No,No,No,No,Complex,High,Conflicting model predictions,Manual Review
CLM-1310,PRD-1310,Laptop,Dell,Inspiron 15,SN41841589,2023-04-10,85000,City Appliances,12,2023-04-10,2024-04-04,2024-03-05,11,2024-01-08,Motherboard failure,Motherboard failure; synthetic claim scenario: missing evidence.,Software/Firmware,Active,Uncertain,Available,Missing,Available,Available,Available,Not Required,1,1,2023-07-27,Authorized Service Center B,Unauthorized,Battery,Mismatch,Match,Yes,Yes,Within Period,Yes,Uncertain,No,No,Complex,Medium,Missing evidence,Manual Review
CLM-1311,PRD-1311,Air Conditioner,Orient,Ultron,SN77243601,2023-01-03,165000,City Appliances,18,2023-01-03,2024-06-26,2024-09-24,21,2024-07-02,Cooling failure,Cooling failure; synthetic claim scenario: multiple rule warnings.,Water/Liquid,Expired,Uncertain,Available,Missing,Available,Available,Missing,Available,2,0,,,Not Applicable,None,Mismatch,Unknown,Yes,Yes,Outside Period,Unknown,No,No,No,Complex,High,Multiple rule warnings,Manual Review
CLM-1312,PRD-1312,Refrigerator,Haier,HRF-758,SN61929332,2023-02-15,180000,Digital Hub,24,2023-02-15,2025-02-04,2025-01-05,23,2024-11-16,Cooling failure,Cooling failure; synthetic claim scenario: contradictory dates.,Water/Liquid,Expired,Uncertain,Missing,Missing,Missing,Missing,Missing,Missing,6,0,,,Not Applicable,None,Unknown,Unknown,No,Possible,Within Period,Yes,Uncertain,No,No,Complex,Medium,Contradictory dates,Manual Review
CLM-1313,PRD-1313,Laptop,Dell,Inspiron 15,SN62514007,2024-08-01,85000,City Appliances,12,2024-08-01,2025-07-27,2025-04-28,9,2025-03-29,Motherboard failure,Motherboard failure; synthetic claim scenario: multiple rule warnings.,Electrical,Expired,Covered,Missing,Available,Missing,Available,Available,Not Required,2,0,,,Not Applicable,None,Unknown,Mismatch,Yes,Yes,Within Period,No,Yes,No,No,Complex,Medium,Multiple rule warnings,Manual Review
CLM-1314,PRD-1314,Microwave,Samsung,MS23,SN47090318,2023-10-11,45000,Smart Mart,12,2023-10-11,2024-10-05,2024-08-06,10,2024-06-24,Door switch failure,Door switch failure; synthetic claim scenario: serial mismatch.,Electrical,Active,Covered,Available,Missing,Available,Missing,Available,Missing,3,0,,,Not Applicable,None,Match,Match,No,Possible,Uncertain,Unknown,No,No,No,Complex,High,Serial mismatch,Manual Review
CLM-1315,PRD-1315,Television,LG,OLED55,SN13489432,2025-06-04,210000,Mega Electronics,24,2025-06-04,2027-05-25,2027-05-25,24,2027-04-07,No display,No display; synthetic claim scenario: contradictory dates.,Normal Wear,Near Expiry,Covered,Missing,Available,Available,Available,Missing,Missing,3,1,2027-01-03,Authorized Service Center B,Authorized,None,Mismatch,Mismatch,Possible,Possible,Outside Period,Unknown,No,No,No,Complex,High,Contradictory dates,Manual Review
CLM-1316,PRD-1316,Washing Machine,Dawlance,DWT-1167,SN77151414,2023-02-18,135000,City Appliances,24,2023-02-18,2025-02-07,2025-01-08,23,2024-10-30,Control panel failure,Control panel failure; synthetic claim scenario: missing evidence.,Electrical,Active,Covered,Available,Missing,Missing,Missing,Available,Available,3,1,2024-05-01,Authorized Service Center A,Unauthorized,Control Board,Mismatch,Match,Possible,Yes,Within Period,No,No,No,No,Complex,High,Missing evidence,Manual Review
CLM-1317,PRD-1317,Washing Machine,Dawlance,DWT-1167,SN72382819,2023-03-17,135000,City Appliances,24,2023-03-17,2025-03-06,2025-04-05,25,2025-01-05,Control panel failure,Control panel failure; synthetic claim scenario: serial mismatch.,Electrical,Expired,Covered,Missing,Available,Missing,Missing,Available,Not Required,3,2,2024-10-03,Authorized Service Center A,Authorized,None,Mismatch,Mismatch,Yes,Possible,Within Period,Unknown,Yes,No,No,Complex,High,Serial mismatch,Manual Review
CLM-1318,PRD-1318,Printer,HP,LaserJet M404,SN77091759,2023-10-14,72000,Digital Hub,12,2023-10-14,2024-10-08,2024-11-07,13,2024-09-26,Power failure,Power failure; synthetic claim scenario: contradictory dates.,Physical,Near Expiry,Uncertain,Missing,Available,Available,Missing,Available,Available,2,0,,,Not Applicable,None,Match,Match,Possible,Yes,Outside Period,Unknown,Uncertain,No,No,Complex,High,Contradictory dates,Manual Review
CLM-1319,PRD-1319,Smartphone,Samsung,Galaxy A55,SN89772506,2025-03-09,125000,Smart Mart,12,2025-03-09,2026-03-04,2026-04-03,13,2026-01-23,Charging port failure,Charging port failure; synthetic claim scenario: conflicting model predictions.,Physical,Expired,Uncertain,Available,Missing,Missing,Available,Available,Not Required,2,0,,,Not Applicable,None,Mismatch,Mismatch,No,Possible,Outside Period,No,Yes,No,No,Complex,Medium,Conflicting model predictions,Manual Review
CLM-1320,PRD-1320,Washing Machine,Dawlance,DWT-1167,SN32336433,2025-04-02,135000,City Appliances,24,2025-04-02,2027-03-23,2027-06-21,27,2027-06-05,Motor issue,Motor issue; synthetic claim scenario: multiple rule warnings.,Normal Wear,Active,Covered,Available,Missing,Missing,Missing,Missing,Missing,5,1,2027-01-04,Independent Repair Shop,Unknown,Control Board,Mismatch,Mismatch,Possible,Possible,Within Period,Unknown,Uncertain,No,No,Complex,High,Multiple rule warnings,Manual Review
CLM-1321,PRD-1321,Refrigerator,Haier,HRF-758,SN64998006,2023-10-31,180000,Smart Mart,24,2023-10-31,2025-10-20,2025-11-19,25,2025-08-23,Compressor issue,Compressor issue; synthetic claim scenario: low-confidence scenario.,Software/Firmware,Active,Covered,Available,Missing,Missing,Missing,Missing,Available,4,1,2025-04-19,Independent Repair Shop,Unknown,None,Unknown,Unknown,No,Yes,Uncertain,Yes,No,No,No,Complex,Medium,Low-confidence scenario,Manual Review
CLM-1322,PRD-1322,Microwave,Samsung,MS23,SN26535987,2024-03-27,45000,Mega Electronics,12,2024-03-27,2025-03-22,2025-07-20,16,2025-05-04,Door switch failure,Door switch failure; synthetic claim scenario: multiple rule warnings.,Water/Liquid,Expired,Not Covered,Available,Available,Missing,Available,Missing,Available,2,1,2024-11-03,Independent Repair Shop,Authorized,Control Board,Unknown,Mismatch,No,Yes,Within Period,No,Yes,No,No,Complex,Medium,Multiple rule warnings,Manual Review
CLM-1323,PRD-1323,Printer,HP,LaserJet M404,SN85967070,2023-06-26,72000,Digital Hub,12,2023-06-26,2024-06-20,2024-03-22,9,2024-01-29,Connectivity issue,Connectivity issue; synthetic claim scenario: serial mismatch.,Normal Wear,Near Expiry,Uncertain,Available,Missing,Available,Available,Available,Available,1,2,2023-10-31,Authorized Service Center A,Authorized,Battery,Match,Unknown,Yes,No,Outside Period,Yes,Yes,Yes,No,Complex,Medium,Serial mismatch,Manual Review
CLM-1324,PRD-1324,Laptop,Dell,Inspiron 15,SN81364647,2024-02-13,85000,City Appliances,12,2024-02-13,2025-02-07,2025-01-08,11,2024-12-14,Keyboard failure,Keyboard failure; synthetic claim scenario: low-confidence scenario.,Physical,Expired,Not Covered,Missing,Missing,Available,Missing,Available,Available,3,2,2024-06-27,Authorized Service Center A,Unauthorized,Battery,Unknown,Match,No,Possible,Outside Period,Yes,Uncertain,No,No,Complex,High,Low-confidence scenario,Manual Review
CLM-1325,PRD-1325,Smartphone,Samsung,Galaxy A55,SN63269327,2023-04-30,125000,TechWorld,12,2023-04-30,2024-04-24,2024-05-24,13,2024-05-02,Speaker failure,Speaker failure; synthetic claim scenario: conflicting model predictions.,Normal Wear,Expired,Not Covered,Missing,Available,Available,Missing,Available,Missing,3,1,2023-12-02,Authorized Service Center A,Unauthorized,Battery,Mismatch,Match,Possible,Yes,Outside Period,Unknown,Uncertain,No,No,Complex,High,Conflicting model predictions,Manual Review
CLM-1326,PRD-1326,Laptop,Dell,Inspiron 15,SN79711961,2023-08-23,85000,City Appliances,12,2023-08-23,2024-08-17,2024-07-18,11,2024-07-02,Screen flickering,Screen flickering; synthetic claim scenario: serial mismatch.,Mechanical,Active,Covered,Missing,Available,Available,Missing,Missing,Missing,4,0,,,Not Applicable,None,Unknown,Unknown,Yes,No,Uncertain,Yes,Uncertain,No,No,Complex,High,Serial mismatch,Manual Review
CLM-1327,PRD-1327,Smartphone,Samsung,Galaxy A55,SN10602514,2023-09-15,125000,TechWorld,12,2023-09-15,2024-09-09,2024-10-09,13,2024-07-28,Charging port failure,Charging port failure; synthetic claim scenario: serial mismatch.,Physical,Expired,Not Covered,Available,Available,Missing,Missing,Missing,Missing,4,0,,,Not Applicable,None,Mismatch,Match,No,No,Within Period,Unknown,Uncertain,No,No,Complex,Medium,Serial mismatch,Manual Review
CLM-1328,PRD-1328,Smartphone,Samsung,Galaxy A55,SN18968863,2024-12-19,125000,City Appliances,12,2024-12-19,2025-12-14,2025-11-14,11,2025-09-07,Camera failure,Camera failure; synthetic claim scenario: conflicting model predictions.,Physical,Expired,Not Covered,Missing,Available,Available,Available,Available,Not Required,1,0,,,Not Applicable,None,Unknown,Unknown,Yes,No,Within Period,Unknown,Yes,No,No,Complex,High,Conflicting model predictions,Manual Review
CLM-1329,PRD-1329,Microwave,Samsung,MS23,SN17435952,2024-09-26,45000,City Appliances,12,2024-09-26,2025-09-21,2025-07-23,10,2025-07-15,Control panel issue,Control panel issue; synthetic claim scenario: serial mismatch.,Water/Liquid,Expired,Not Covered,Missing,Available,Missing,Missing,Available,Available,3,1,2025-04-07,Authorized Service Center B,Unknown,Screen,Unknown,Unknown,Possible,Possible,Outside Period,No,No,No,No,Complex,Medium,Serial mismatch,Manual Review
CLM-1330,PRD-1330,Washing Machine,Dawlance,DWT-1167,SN75152850,2025-01-22,135000,TechWorld,24,2025-01-22,2027-01-12,2027-01-12,24,2027-01-10,Control panel failure,Control panel failure; synthetic claim scenario: contradictory dates.,Physical,Near Expiry,Not Covered,Missing,Available,Available,Available,Missing,Not Required,2,2,2026-12-18,Authorized Service Center B,Authorized,Control Board,Match,Mismatch,Possible,Possible,Uncertain,No,No,No,No,Complex,Medium,Contradictory dates,Manual Review
CLM-1331,PRD-1331,Air Conditioner,Orient,Ultron,SN85477483,2024-05-27,165000,Mega Electronics,18,2024-05-27,2025-11-18,2026-05-17,24,2026-02-24,Cooling failure,Cooling failure; synthetic claim scenario: missing evidence.,Water/Liquid,Expired,Covered,Available,Missing,Available,Available,Missing,Missing,3,2,2025-08-23,Independent Repair Shop,Authorized,Screen,Match,Unknown,No,Possible,Within Period,Unknown,No,No,No,Complex,Medium,Missing evidence,Manual Review
CLM-1332,PRD-1332,Television,LG,OLED55,SN91115559,2023-09-01,210000,City Appliances,24,2023-09-01,2025-08-21,2025-07-22,23,2025-05-10,Power failure,Power failure; synthetic claim scenario: contradictory dates.,Electrical,Expired,Covered,Missing,Available,Missing,Missing,Available,Not Required,3,0,,,Not Applicable,None,Mismatch,Unknown,Yes,Possible,Outside Period,No,No,No,No,Complex,High,Contradictory dates,Manual Review
CLM-1333,PRD-1333,Washing Machine,Dawlance,DWT-1167,SN33866225,2024-09-07,135000,Digital Hub,24,2024-09-07,2026-08-28,2026-05-30,21,2026-03-31,Drainage failure,Drainage failure; synthetic claim scenario: serial mismatch.,Normal Wear,Expired,Not Covered,Missing,Available,Missing,Available,Missing,Not Required,3,1,2026-01-09,Independent Repair Shop,Unauthorized,Control Board,Match,Mismatch,No,Possible,Uncertain,No,Uncertain,No,No,Complex,Medium,Serial mismatch,Manual Review
CLM-1334,PRD-1334,Microwave,Samsung,MS23,SN73961851,2025-01-15,45000,TechWorld,12,2025-01-15,2026-01-10,2026-01-10,12,2025-10-19,Door switch failure,Door switch failure; synthetic claim scenario: multiple rule warnings.,Physical,Expired,Uncertain,Missing,Missing,Available,Missing,Missing,Available,4,2,2025-07-18,Authorized Service Center A,Unknown,Motherboard,Mismatch,Mismatch,Yes,Possible,Uncertain,Yes,No,No,No,Complex,High,Multiple rule warnings,Manual Review
CLM-1335,PRD-1335,Washing Machine,Dawlance,DWT-1167,SN57558261,2023-08-17,135000,City Appliances,24,2023-08-17,2025-08-06,2025-07-07,23,2025-04-19,Control panel failure,Control panel failure; synthetic claim scenario: conflicting model predictions.,Mechanical,Near Expiry,Covered,Available,Missing,Available,Missing,Available,Missing,3,1,2024-11-15,Authorized Service Center A,Unknown,Motherboard,Match,Unknown,No,Yes,Outside Period,No,Uncertain,No,No,Complex,Medium,Conflicting model predictions,Manual Review
CLM-1336,PRD-1336,Printer,HP,LaserJet M404,SN23456105,2023-05-11,72000,Digital Hub,12,2023-05-11,2024-05-05,2024-04-05,11,2024-02-13,Paper feed failure,Paper feed failure; synthetic claim scenario: duplicate indicator.,Mechanical,Expired,Uncertain,Available,Available,Missing,Missing,Available,Available,2,0,,,Not Applicable,None,Mismatch,Unknown,No,No,Uncertain,No,Uncertain,No,No,Complex,High,Duplicate indicator,Manual Review
CLM-1337,PRD-1337,Microwave,Samsung,MS23,SN70179889,2023-09-05,45000,Digital Hub,12,2023-09-05,2024-08-30,2024-07-01,10,2024-05-03,Door switch failure,Door switch failure; synthetic claim scenario: missing evidence.,Mechanical,Active,Covered,Missing,Missing,Available,Missing,Missing,Missing,5,1,2024-06-05,Authorized Service Center A,Unknown,Battery,Match,Unknown,Possible,No,Uncertain,No,No,No,No,Complex,High,Missing evidence,Manual Review
CLM-1338,PRD-1338,Refrigerator,Haier,HRF-758,SN53546572,2025-05-04,180000,TechWorld,24,2025-05-04,2027-04-24,2027-10-21,30,2027-08-28,Thermostat failure,Thermostat failure; synthetic claim scenario: low-confidence scenario.,Electrical,Near Expiry,Not Covered,Missing,Missing,Available,Missing,Available,Not Required,3,0,,,Not Applicable,None,Match,Match,Possible,No,Uncertain,Yes,Yes,No,No,Complex,Medium,Low-confidence scenario,Manual Review
CLM-1339,PRD-1339,Refrigerator,Haier,HRF-758,SN98403676,2023-05-27,180000,TechWorld,24,2023-05-27,2025-05-16,2025-11-12,30,2025-11-07,Door seal failure,Door seal failure; synthetic claim scenario: conflicting model predictions.,Normal Wear,Near Expiry,Uncertain,Available,Missing,Missing,Missing,Missing,Available,4,2,2025-05-17,Authorized Service Center B,Authorized,Screen,Mismatch,Unknown,Possible,No,Uncertain,Unknown,Yes,No,No,Complex,High,Conflicting model predictions,Manual Review
CLM-1340,PRD-1340,Television,LG,OLED55,SN38455725,2024-10-18,210000,Smart Mart,24,2024-10-18,2026-10-08,2026-08-09,22,2026-06-18,Panel issue,Panel issue; synthetic claim scenario: contradictory dates.,Mechanical,Near Expiry,Not Covered,Available,Available,Missing,Missing,Missing,Missing,4,2,2026-03-27,Independent Repair Shop,Authorized,Screen,Mismatch,Match,Yes,Yes,Outside Period,Unknown,No,No,No,Complex,High,Contradictory dates,Manual Review
CLM-1341,PRD-1341,Television,LG,OLED55,SN66787600,2024-06-09,210000,Digital Hub,24,2024-06-09,2026-05-30,2026-10-27,29,2026-07-30,Power failure,Power failure; synthetic claim scenario: multiple rule warnings.,Electrical,Active,Not Covered,Missing,Available,Available,Available,Available,Available,1,0,,,Not Applicable,None,Mismatch,Match,Possible,Possible,Within Period,Unknown,Uncertain,Yes,Yes,Complex,Medium,Multiple rule warnings,Manual Review
CLM-1342,PRD-1342,Television,LG,OLED55,SN53842699,2023-06-06,210000,TechWorld,24,2023-06-06,2025-05-26,2025-09-23,28,2025-08-21,Power failure,Power failure; synthetic claim scenario: duplicate indicator.,Electrical,Active,Uncertain,Missing,Available,Missing,Available,Available,Available,2,0,,,Not Applicable,None,Mismatch,Match,Possible,No,Outside Period,No,No,No,No,Complex,Medium,Duplicate indicator,Manual Review
CLM-1343,PRD-1343,Microwave,Samsung,MS23,SN89689261,2024-12-26,45000,Smart Mart,12,2024-12-26,2025-12-21,2026-02-19,14,2026-01-04,Heating failure,Heating failure; synthetic claim scenario: missing evidence.,Mechanical,Expired,Uncertain,Missing,Available,Missing,Available,Missing,Available,3,0,,,Not Applicable,None,Unknown,Unknown,Yes,Possible,Outside Period,Yes,Yes,No,No,Complex,Medium,Missing evidence,Manual Review
CLM-1344,PRD-1344,Air Conditioner,Orient,Ultron,SN76734716,2025-04-12,165000,Digital Hub,18,2025-04-12,2026-10-04,2026-08-05,16,2026-07-19,Fan failure,Fan failure; synthetic claim scenario: low-confidence scenario.,Physical,Expired,Covered,Available,Missing,Available,Available,Available,Not Required,1,1,2026-07-06,Authorized Service Center B,Unknown,Motherboard,Unknown,Match,Yes,Yes,Outside Period,Unknown,Yes,Yes,No,Complex,Medium,Low-confidence scenario,Manual Review
CLM-1345,PRD-1345,Smartphone,Samsung,Galaxy A55,SN41869535,2024-02-06,125000,Digital Hub,12,2024-02-06,2025-01-31,2025-01-31,12,2025-01-08,Charging port failure,Charging port failure; synthetic claim scenario: borderline warranty date.,Mechanical,Near Expiry,Uncertain,Available,Missing,Missing,Available,Available,Missing,3,0,,,Not Applicable,None,Unknown,Mismatch,No,No,Uncertain,Unknown,Uncertain,No,No,Complex,High,Borderline warranty date,Manual Review
CLM-1346,PRD-1346,Laptop,Dell,Inspiron 15,SN38960412,2025-06-13,85000,City Appliances,12,2025-06-13,2026-06-08,2026-10-06,16,2026-08-11,Screen flickering,Screen flickering; synthetic claim scenario: conflicting model predictions.,Electrical,Active,Not Covered,Available,Missing,Available,Available,Missing,Not Required,2,2,2026-03-03,Independent Repair Shop,Unauthorized,Control Board,Unknown,Unknown,Possible,Yes,Outside Period,Yes,No,No,No,Complex,High,Conflicting model predictions,Manual Review
CLM-1347,PRD-1347,Laptop,Dell,Inspiron 15,SN42624704,2025-02-02,85000,Smart Mart,12,2025-02-02,2026-01-28,2025-11-29,10,2025-11-23,Charging issue,Charging issue; synthetic claim scenario: conflicting model predictions.,Water/Liquid,Active,Not Covered,Missing,Available,Available,Available,Available,Missing,2,2,2025-02-14,Independent Repair Shop,Unknown,None,Match,Unknown,Yes,No,Within Period,Yes,Yes,No,No,Complex,Medium,Conflicting model predictions,Manual Review
CLM-1348,PRD-1348,Printer,HP,LaserJet M404,SN74312760,2024-06-04,72000,Mega Electronics,12,2024-06-04,2025-05-30,2025-10-27,17,2025-09-11,Paper feed failure,Paper feed failure; synthetic claim scenario: multiple rule warnings.,Normal Wear,Active,Uncertain,Missing,Missing,Available,Missing,Available,Not Required,3,2,2025-03-26,Authorized Service Center B,Unauthorized,Motherboard,Unknown,Unknown,No,Possible,Outside Period,No,Uncertain,No,No,Complex,Medium,Multiple rule warnings,Manual Review
CLM-1349,PRD-1349,Television,LG,OLED55,SN63733032,2025-04-23,210000,Smart Mart,24,2025-04-23,2027-04-13,2027-09-10,29,2027-08-26,No display,No display; synthetic claim scenario: conflicting model predictions.,Software/Firmware,Near Expiry,Uncertain,Missing,Missing,Available,Available,Missing,Available,3,1,2027-01-18,Authorized Service Center B,Authorized,Control Board,Mismatch,Unknown,No,Yes,Uncertain,Unknown,No,No,No,Complex,Medium,Conflicting model predictions,Manual Review
CLM-1350,PRD-1350,Air Conditioner,Orient,Ultron,SN85321208,2023-04-16,165000,Digital Hub,18,2023-04-16,2024-10-07,2024-12-06,20,2024-10-30,Cooling failure,Cooling failure; synthetic claim scenario: duplicate indicator.,Software/Firmware,Near Expiry,Uncertain,Available,Missing,Missing,Available,Missing,Missing,4,1,2024-07-05,Independent Repair Shop,Authorized,None,Mismatch,Mismatch,Yes,Yes,Uncertain,Yes,Yes,No,No,Complex,High,Duplicate indicator,Manual Review
CLM-1351,PRD-1351,Smartphone,Samsung,Galaxy A55,SN81035534,2024-03-11,125000,Digital Hub,12,2024-03-11,2025-03-06,2025-05-05,14,2025-03-10,Camera failure,Camera failure; synthetic claim scenario: duplicate indicator.,Software/Firmware,Active,Not Covered,Missing,Missing,Available,Missing,Available,Available,3,2,2025-03-22,Independent Repair Shop,Unknown,Screen,Mismatch,Match,Yes,No,Within Period,Unknown,No,No,No,Complex,Medium,Duplicate indicator,Manual Review
CLM-1352,PRD-1352,Refrigerator,Haier,HRF-758,SN45248418,2023-09-03,180000,TechWorld,24,2023-09-03,2025-08-23,2025-12-21,28,2025-10-20,Compressor issue,Compressor issue; synthetic claim scenario: multiple rule warnings.,Mechanical,Active,Covered,Available,Available,Missing,Missing,Missing,Available,3,2,2025-09-10,Authorized Service Center B,Authorized,Screen,Mismatch,Mismatch,Yes,Possible,Uncertain,No,No,No,No,Complex,Medium,Multiple rule warnings,Manual Review
CLM-1353,PRD-1353,Washing Machine,Dawlance,DWT-1167,SN37138540,2023-12-12,135000,Digital Hub,24,2023-12-12,2025-12-01,2025-09-02,21,2025-06-09,Drainage failure,Drainage failure; synthetic claim scenario: low-confidence scenario.,Mechanical,Active,Not Covered,Missing,Available,Available,Available,Missing,Missing,3,2,2024-12-22,Authorized Service Center A,Unknown,Control Board,Unknown,Mismatch,No,Possible,Outside Period,No,Yes,No,No,Complex,Medium,Low-confidence scenario,Manual Review
CLM-1354,PRD-1354,Refrigerator,Haier,HRF-758,SN46436071,2025-03-01,180000,City Appliances,24,2025-03-01,2027-02-19,2026-11-21,21,2026-11-17,Door seal failure,Door seal failure; synthetic claim scenario: conflicting model predictions.,Software/Firmware,Near Expiry,Covered,Missing,Available,Missing,Available,Missing,Not Required,3,0,,,Not Applicable,None,Match,Mismatch,Yes,Yes,Outside Period,No,Yes,No,No,Complex,High,Conflicting model predictions,Manual Review
CLM-1355,PRD-1355,Television,LG,OLED55,SN61303604,2024-06-08,210000,City Appliances,24,2024-06-08,2026-05-29,2026-05-29,24,2026-04-13,Panel issue,Panel issue; synthetic claim scenario: multiple rule warnings.,Software/Firmware,Active,Uncertain,Missing,Available,Available,Missing,Available,Missing,3,1,2025-10-15,Authorized Service Center A,Authorized,None,Match,Match,No,No,Within Period,No,Yes,No,No,Complex,Medium,Multiple rule warnings,Manual Review
CLM-1356,PRD-1356,Television,LG,OLED55,SN87727463,2024-01-04,210000,Mega Electronics,24,2024-01-04,2025-12-24,2026-02-22,26,2025-12-17,Power failure,Power failure; synthetic claim scenario: missing evidence.,Software/Firmware,Near Expiry,Uncertain,Available,Missing,Available,Available,Available,Missing,2,0,,,Not Applicable,None,Mismatch,Mismatch,Possible,No,Uncertain,Unknown,No,No,No,Complex,Medium,Missing evidence,Manual Review
CLM-1357,PRD-1357,Washing Machine,Dawlance,DWT-1167,SN84533976,2025-02-28,135000,Mega Electronics,24,2025-02-28,2027-02-18,2027-06-18,28,2027-03-28,Water leakage,Water leakage; synthetic claim scenario: duplicate indicator.,Physical,Near Expiry,Covered,Missing,Available,Missing,Available,Missing,Available,3,1,2026-11-10,Independent Repair Shop,Unauthorized,Control Board,Unknown,Mismatch,Possible,Possible,Within Period,No,No,No,No,Complex,Medium,Duplicate indicator,Manual Review
CLM-1358,PRD-1358,Printer,HP,LaserJet M404,SN26310364,2023-07-15,72000,Smart Mart,12,2023-07-15,2024-07-09,2024-07-09,12,2024-05-10,Power failure,Power failure; synthetic claim scenario: missing evidence.,Mechanical,Active,Not Covered,Available,Missing,Missing,Available,Available,Available,2,0,,,Not Applicable,None,Unknown,Match,Yes,No,Outside Period,Unknown,Yes,No,No,Complex,Medium,Missing evidence,Manual Review
CLM-1359,PRD-1359,Printer,HP,LaserJet M404,SN39587553,2023-01-07,72000,Digital Hub,12,2023-01-07,2024-01-02,2023-11-03,10,2023-10-30,Paper feed failure,Paper feed failure; synthetic claim scenario: borderline warranty date.,Electrical,Expired,Not Covered,Available,Available,Available,Available,Missing,Missing,2,2,2023-08-02,Authorized Service Center B,Unknown,Screen,Mismatch,Mismatch,Yes,Yes,Uncertain,No,Yes,No,No,Complex,Medium,Borderline warranty date,Manual Review
CLM-1360,PRD-1360,Smartphone,Samsung,Galaxy A55,SN15174414,2023-07-22,125000,Smart Mart,12,2023-07-22,2024-07-16,2024-12-13,17,2024-11-29,Charging port failure,Charging port failure; synthetic claim scenario: missing evidence.,Physical,Active,Uncertain,Available,Missing,Available,Missing,Available,Not Required,2,2,2024-07-28,Authorized Service Center A,Unauthorized,Motherboard,Unknown,Match,Possible,Yes,Uncertain,No,Yes,No,No,Complex,High,Missing evidence,Manual Review
CLM-1361,PRD-1361,Laptop,Dell,Inspiron 15,SN54039823,2024-08-09,85000,City Appliances,12,2024-08-09,2025-08-04,2025-05-06,9,2025-03-17,Charging issue,Charging issue; synthetic claim scenario: duplicate indicator.,Water/Liquid,Expired,Covered,Missing,Missing,Available,Available,Available,Available,2,0,,,Not Applicable,None,Mismatch,Mismatch,Possible,Possible,Outside Period,Yes,No,No,No,Complex,Medium,Duplicate indicator,Manual Review
CLM-1362,PRD-1362,Washing Machine,Dawlance,DWT-1167,SN94567044,2025-03-20,135000,City Appliances,24,2025-03-20,2027-03-10,2027-07-08,28,2027-06-03,Motor issue,Motor issue; synthetic claim scenario: conflicting model predictions.,Physical,Active,Covered,Available,Missing,Missing,Missing,Missing,Available,4,2,2027-02-21,Authorized Service Center A,Unknown,None,Match,Unknown,No,Possible,Uncertain,Unknown,Yes,No,No,Complex,Medium,Conflicting model predictions,Manual Review
CLM-1363,PRD-1363,Laptop,Dell,Inspiron 15,SN64627111,2025-05-03,85000,TechWorld,12,2025-05-03,2026-04-28,2026-01-28,9,2025-12-30,Keyboard failure,Keyboard failure; synthetic claim scenario: borderline warranty date.,Mechanical,Active,Not Covered,Missing,Missing,Available,Available,Available,Missing,3,1,2025-06-19,Authorized Service Center A,Authorized,Screen,Unknown,Match,No,No,Uncertain,Unknown,Yes,No,No,Complex,High,Borderline warranty date,Manual Review
CLM-1364,PRD-1364,Refrigerator,Haier,HRF-758,SN11626322,2024-02-10,180000,Mega Electronics,24,2024-02-10,2026-01-30,2026-04-30,27,2026-03-24,Thermostat failure,Thermostat failure; synthetic claim scenario: conflicting model predictions.,Software/Firmware,Active,Covered,Missing,Missing,Missing,Missing,Missing,Not Required,5,1,2025-09-29,Independent Repair Shop,Unknown,None,Unknown,Unknown,Yes,Possible,Uncertain,Yes,Uncertain,No,No,Complex,Medium,Conflicting model predictions,Manual Review
CLM-1365,PRD-1365,Laptop,Dell,Inspiron 15,SN87005329,2023-02-24,85000,City Appliances,12,2023-02-24,2024-02-19,2024-06-18,16,2024-06-17,Battery failure,Battery failure; synthetic claim scenario: multiple rule warnings.,Electrical,Active,Not Covered,Missing,Available,Missing,Missing,Missing,Not Required,4,0,,,Not Applicable,None,Match,Match,Possible,Yes,Within Period,No,No,No,No,Complex,High,Multiple rule warnings,Manual Review
CLM-1366,PRD-1366,Laptop,Dell,Inspiron 15,SN60200866,2023-10-12,85000,Mega Electronics,12,2023-10-12,2024-10-06,2024-09-06,11,2024-08-25,Keyboard failure,Keyboard failure; synthetic claim scenario: conflicting model predictions.,Mechanical,Expired,Not Covered,Missing,Available,Missing,Missing,Missing,Missing,5,1,2024-04-23,Authorized Service Center A,Authorized,Control Board,Unknown,Unknown,Yes,Possible,Uncertain,Unknown,Uncertain,No,No,Complex,High,Conflicting model predictions,Manual Review
CLM-1367,PRD-1367,Smartphone,Samsung,Galaxy A55,SN23927190,2024-05-06,125000,City Appliances,12,2024-05-06,2025-05-01,2025-05-01,12,2025-04-01,Screen failure,Screen failure; synthetic claim scenario: conflicting model predictions.,Mechanical,Expired,Covered,Available,Available,Missing,Available,Missing,Not Required,2,1,2024-10-15,Authorized Service Center A,Unknown,Control Board,Mismatch,Unknown,No,Yes,Uncertain,Yes,Uncertain,No,No,Complex,High,Conflicting model predictions,Manual Review
CLM-1368,PRD-1368,Washing Machine,Dawlance,DWT-1167,SN20501313,2025-02-20,135000,Mega Electronics,24,2025-02-20,2027-02-10,2027-01-11,23,2026-12-07,Water leakage,Water leakage; synthetic claim scenario: borderline warranty date.,Physical,Near Expiry,Not Covered,Available,Available,Missing,Missing,Missing,Not Required,3,0,,,Not Applicable,None,Unknown,Match,Possible,Yes,Outside Period,Unknown,Yes,No,No,Complex,Medium,Borderline warranty date,Manual Review
CLM-1369,PRD-1369,Refrigerator,Haier,HRF-758,SN55499968,2025-03-21,180000,TechWorld,24,2025-03-21,2027-03-11,2027-07-09,28,2027-04-22,Compressor issue,Compressor issue; synthetic claim scenario: missing evidence.,Software/Firmware,Expired,Not Covered,Available,Missing,Available,Missing,Missing,Not Required,3,2,2027-04-29,Authorized Service Center B,Authorized,Control Board,Mismatch,Mismatch,Yes,No,Within Period,Unknown,No,No,No,Complex,High,Missing evidence,Manual Review
CLM-1370,PRD-1370,Refrigerator,Haier,HRF-758,SN23295108,2025-06-16,180000,Smart Mart,24,2025-06-16,2027-06-06,2027-07-06,25,2027-05-16,Thermostat failure,Thermostat failure; synthetic claim scenario: low-confidence scenario.,Software/Firmware,Expired,Not Covered,Available,Missing,Available,Available,Missing,Not Required,2,2,2026-12-31,Authorized Service Center B,Unauthorized,Motherboard,Match,Match,Yes,Yes,Within Period,Yes,Uncertain,No,No,Complex,Medium,Low-confidence scenario,Manual Review
CLM-1371,PRD-1371,Television,LG,OLED55,SN19905212,2024-01-06,210000,City Appliances,24,2024-01-06,2025-12-26,2025-11-26,23,2025-09-09,Sound failure,Sound failure; synthetic claim scenario: low-confidence scenario.,Electrical,Near Expiry,Covered,Missing,Available,Available,Missing,Available,Available,2,0,,,Not Applicable,None,Unknown,Match,No,Yes,Uncertain,No,No,No,No,Complex,High,Low-confidence scenario,Manual Review
CLM-1372,PRD-1372,Microwave,Samsung,MS23,SN36392862,2023-07-17,45000,Mega Electronics,12,2023-07-17,2024-07-11,2024-08-10,13,2024-05-22,Turntable failure,Turntable failure; synthetic claim scenario: duplicate indicator.,Electrical,Near Expiry,Uncertain,Available,Available,Available,Available,Available,Available,0,2,2023-11-02,Authorized Service Center A,Unknown,None,Match,Unknown,Possible,Yes,Outside Period,Unknown,Uncertain,Yes,No,Complex,High,Duplicate indicator,Manual Review
CLM-1373,PRD-1373,Washing Machine,Dawlance,DWT-1167,SN20953672,2024-11-12,135000,Smart Mart,24,2024-11-12,2026-11-02,2027-04-01,29,2027-03-16,Motor issue,Motor issue; synthetic claim scenario: duplicate indicator.,Normal Wear,Expired,Uncertain,Missing,Available,Missing,Missing,Missing,Not Required,4,1,2027-02-05,Independent Repair Shop,Authorized,Motherboard,Match,Match,Yes,Yes,Within Period,No,No,No,No,Complex,High,Duplicate indicator,Manual Review
CLM-1374,PRD-1374,Washing Machine,Dawlance,DWT-1167,SN93976791,2023-05-05,135000,Smart Mart,24,2023-05-05,2025-04-24,2025-07-23,27,2025-07-14,Water leakage,Water leakage; synthetic claim scenario: multiple rule warnings.,Water/Liquid,Near Expiry,Uncertain,Available,Available,Available,Available,Missing,Missing,2,0,,,Not Applicable,None,Unknown,Unknown,Possible,Yes,Within Period,Yes,Uncertain,No,No,Complex,Medium,Multiple rule warnings,Manual Review
CLM-1375,PRD-1375,Smartphone,Samsung,Galaxy A55,SN44901538,2024-02-28,125000,Smart Mart,12,2024-02-28,2025-02-22,2025-05-23,15,2025-04-17,Speaker failure,Speaker failure; synthetic claim scenario: multiple rule warnings.,Water/Liquid,Active,Covered,Available,Available,Available,Available,Available,Missing,1,0,,,Not Applicable,None,Unknown,Match,Yes,Possible,Outside Period,No,No,No,Yes,Complex,High,Multiple rule warnings,Manual Review
CLM-1376,PRD-1376,Air Conditioner,Orient,Ultron,SN16218599,2025-05-15,165000,City Appliances,18,2025-05-15,2026-11-06,2026-10-07,17,2026-08-27,Compressor issue,Compressor issue; synthetic claim scenario: serial mismatch.,Physical,Active,Uncertain,Missing,Missing,Missing,Missing,Missing,Available,5,2,2026-02-10,Independent Repair Shop,Unknown,None,Unknown,Mismatch,Yes,No,Within Period,No,Yes,No,No,Complex,Medium,Serial mismatch,Manual Review
CLM-1377,PRD-1377,Laptop,Dell,Inspiron 15,SN41592244,2023-11-25,85000,City Appliances,12,2023-11-25,2024-11-19,2025-03-19,16,2025-03-08,Charging issue,Charging issue; synthetic claim scenario: multiple rule warnings.,Mechanical,Expired,Not Covered,Missing,Available,Missing,Available,Missing,Not Required,3,1,2025-02-01,Authorized Service Center A,Unauthorized,None,Unknown,Match,Yes,No,Within Period,Unknown,Uncertain,No,No,Complex,High,Multiple rule warnings,Manual Review
CLM-1378,PRD-1378,Printer,HP,LaserJet M404,SN90751332,2023-07-02,72000,Digital Hub,12,2023-07-02,2024-06-26,2024-09-24,15,2024-09-21,Print-head issue,Print-head issue; synthetic claim scenario: borderline warranty date.,Software/Firmware,Active,Covered,Available,Missing,Missing,Available,Available,Available,2,2,2024-03-25,Authorized Service Center B,Unknown,Control Board,Unknown,Unknown,Yes,Possible,Outside Period,No,Uncertain,No,No,Complex,High,Borderline warranty date,Manual Review
CLM-1379,PRD-1379,Air Conditioner,Orient,Ultron,SN67859742,2025-02-20,165000,TechWorld,18,2025-02-20,2026-08-14,2026-06-15,16,2026-04-03,Water leakage,Water leakage; synthetic claim scenario: low-confidence scenario.,Electrical,Near Expiry,Covered,Missing,Missing,Missing,Available,Available,Available,3,1,2026-02-05,Authorized Service Center B,Unauthorized,Battery,Match,Match,Yes,Yes,Outside Period,No,Yes,No,No,Complex,High,Low-confidence scenario,Manual Review
CLM-1380,PRD-1380,Air Conditioner,Orient,Ultron,SN32989289,2024-07-22,165000,TechWorld,18,2024-07-22,2026-01-13,2025-12-14,17,2025-11-17,Compressor issue,Compressor issue; synthetic claim scenario: duplicate indicator.,Electrical,Active,Covered,Available,Available,Missing,Missing,Available,Available,2,2,2025-03-09,Independent Repair Shop,Authorized,Motherboard,Unknown,Match,Yes,Possible,Uncertain,Unknown,No,No,No,Complex,High,Duplicate indicator,Manual Review
CLM-1381,PRD-1381,Refrigerator,Haier,HRF-758,SN19308637,2023-03-27,180000,City Appliances,24,2023-03-27,2025-03-16,2025-07-14,28,2025-06-14,Door seal failure,Door seal failure; synthetic claim scenario: serial mismatch.,Normal Wear,Near Expiry,Not Covered,Missing,Missing,Missing,Available,Available,Available,3,1,2025-04-17,Authorized Service Center A,Authorized,Battery,Unknown,Mismatch,No,Yes,Outside Period,No,Uncertain,No,No,Complex,High,Serial mismatch,Manual Review
CLM-1382,PRD-1382,Microwave,Samsung,MS23,SN27290104,2024-09-19,45000,City Appliances,12,2024-09-19,2025-09-14,2025-09-14,12,2025-06-25,Turntable failure,Turntable failure; synthetic claim scenario: borderline warranty date.,Mechanical,Expired,Not Covered,Available,Available,Missing,Missing,Missing,Available,3,2,2025-08-16,Authorized Service Center A,Unauthorized,Battery,Match,Match,Yes,No,Uncertain,Yes,Uncertain,No,No,Complex,High,Borderline warranty date,Manual Review
CLM-1383,PRD-1383,Laptop,Dell,Inspiron 15,SN37475896,2023-01-14,85000,Smart Mart,12,2023-01-14,2024-01-09,2024-04-08,15,2024-04-06,Keyboard failure,Keyboard failure; synthetic claim scenario: contradictory dates.,Electrical,Expired,Covered,Available,Available,Missing,Available,Available,Not Required,1,2,2023-06-23,Authorized Service Center A,Authorized,Motherboard,Unknown,Match,Yes,Possible,Uncertain,No,Uncertain,No,Yes,Complex,High,Contradictory dates,Manual Review
CLM-1384,PRD-1384,Television,LG,OLED55,SN18627194,2025-05-19,210000,TechWorld,24,2025-05-19,2027-05-09,2027-11-05,30,2027-10-21,Panel issue,Panel issue; synthetic claim scenario: conflicting model predictions.,Software/Firmware,Expired,Uncertain,Missing,Available,Available,Missing,Missing,Not Required,3,1,2027-02-17,Independent Repair Shop,Unknown,None,Mismatch,Match,No,No,Within Period,Yes,Yes,No,No,Complex,High,Conflicting model predictions,Manual Review
CLM-1385,PRD-1385,Printer,HP,LaserJet M404,SN49690619,2024-02-05,72000,TechWorld,12,2024-02-05,2025-01-30,2025-07-29,18,2025-05-30,Print-head issue,Print-head issue; synthetic claim scenario: duplicate indicator.,Electrical,Active,Covered,Missing,Missing,Missing,Available,Available,Missing,4,2,2025-05-22,Authorized Service Center B,Unauthorized,Screen,Mismatch,Match,Yes,Possible,Uncertain,No,Uncertain,No,No,Complex,Medium,Duplicate indicator,Manual Review
CLM-1386,PRD-1386,Laptop,Dell,Inspiron 15,SN77540284,2023-11-22,85000,Smart Mart,12,2023-11-22,2024-11-16,2025-05-15,18,2025-03-23,Keyboard failure,Keyboard failure; synthetic claim scenario: conflicting model predictions.,Mechanical,Near Expiry,Uncertain,Missing,Available,Available,Available,Missing,Available,2,2,2024-11-07,Authorized Service Center B,Authorized,Motherboard,Unknown,Match,Yes,No,Within Period,Unknown,Uncertain,No,No,Complex,Medium,Conflicting model predictions,Manual Review
CLM-1387,PRD-1387,Microwave,Samsung,MS23,SN34370847,2024-10-13,45000,City Appliances,12,2024-10-13,2025-10-08,2025-10-08,12,2025-08-24,Control panel issue,Control panel issue; synthetic claim scenario: duplicate indicator.,Software/Firmware,Expired,Uncertain,Available,Missing,Missing,Missing,Available,Missing,4,2,2025-06-09,Independent Repair Shop,Unauthorized,Control Board,Match,Match,No,No,Outside Period,No,Yes,No,No,Complex,High,Duplicate indicator,Manual Review
CLM-1388,PRD-1388,Television,LG,OLED55,SN39552770,2024-02-16,210000,Digital Hub,24,2024-02-16,2026-02-05,2026-02-05,24,2026-01-25,Remote receiver failure,Remote receiver failure; synthetic claim scenario: conflicting model predictions.,Normal Wear,Expired,Not Covered,Available,Available,Available,Missing,Missing,Not Required,2,2,2026-01-13,Independent Repair Shop,Unknown,Screen,Mismatch,Match,Yes,Possible,Within Period,Yes,No,No,No,Complex,Medium,Conflicting model predictions,Manual Review
CLM-1389,PRD-1389,Washing Machine,Dawlance,DWT-1167,SN72778448,2024-11-07,135000,City Appliances,24,2024-11-07,2026-10-28,2027-04-26,30,2027-04-02,Water leakage,Water leakage; synthetic claim scenario: low-confidence scenario.,Mechanical,Active,Not Covered,Missing,Missing,Missing,Missing,Missing,Missing,6,2,2027-02-20,Authorized Service Center A,Unknown,Motherboard,Match,Mismatch,Yes,Yes,Within Period,No,Uncertain,No,No,Complex,High,Low-confidence scenario,Manual Review
CLM-1390,PRD-1390,Washing Machine,Dawlance,DWT-1167,SN11041851,2023-11-29,135000,Smart Mart,24,2023-11-29,2025-11-18,2025-09-19,22,2025-07-31,Drainage failure,Drainage failure; synthetic claim scenario: missing evidence.,Mechanical,Active,Uncertain,Missing,Missing,Available,Available,Missing,Not Required,3,0,,,Not Applicable,None,Match,Match,No,No,Outside Period,Unknown,Uncertain,No,No,Complex,High,Missing evidence,Manual Review
CLM-1391,PRD-1391,Washing Machine,Dawlance,DWT-1167,SN24110651,2024-04-14,135000,Digital Hub,24,2024-04-14,2026-04-04,2026-02-03,22,2026-01-17,Control panel failure,Control panel failure; synthetic claim scenario: borderline warranty date.,Normal Wear,Near Expiry,Uncertain,Available,Available,Missing,Missing,Missing,Available,3,2,2025-11-16,Independent Repair Shop,Authorized,Motherboard,Unknown,Unknown,Yes,Yes,Outside Period,Unknown,Uncertain,No,No,Complex,Medium,Borderline warranty date,Manual Review
CLM-1392,PRD-1392,Laptop,Dell,Inspiron 15,SN41838045,2025-03-12,85000,City Appliances,12,2025-03-12,2026-03-07,2026-03-07,12,2025-12-30,Charging issue,Charging issue; synthetic claim scenario: contradictory dates.,Water/Liquid,Near Expiry,Not Covered,Missing,Available,Missing,Missing,Available,Not Required,3,1,2025-10-18,Independent Repair Shop,Unauthorized,Screen,Mismatch,Unknown,No,No,Uncertain,Unknown,No,No,No,Complex,Medium,Contradictory dates,Manual Review
CLM-1393,PRD-1393,Washing Machine,Dawlance,DWT-1167,SN57601184,2025-03-11,135000,Smart Mart,24,2025-03-11,2027-03-01,2027-04-30,26,2027-03-01,Control panel failure,Control panel failure; synthetic claim scenario: duplicate indicator.,Electrical,Near Expiry,Uncertain,Missing,Missing,Missing,Available,Available,Missing,4,1,2027-01-13,Independent Repair Shop,Unauthorized,Motherboard,Match,Mismatch,Yes,Possible,Outside Period,Unknown,No,No,No,Complex,High,Duplicate indicator,Manual Review
CLM-1394,PRD-1394,Laptop,Dell,Inspiron 15,SN74015325,2025-03-30,85000,Smart Mart,12,2025-03-30,2026-03-25,2026-03-25,12,2026-02-09,Charging issue,Charging issue; synthetic claim scenario: duplicate indicator.,Physical,Near Expiry,Uncertain,Available,Missing,Available,Missing,Missing,Missing,4,2,2025-09-26,Authorized Service Center B,Unknown,Battery,Match,Unknown,Possible,Possible,Outside Period,Unknown,Uncertain,No,No,Complex,Medium,Duplicate indicator,Manual Review
CLM-1395,PRD-1395,Washing Machine,Dawlance,DWT-1167,SN88365465,2024-11-24,135000,Mega Electronics,24,2024-11-24,2026-11-14,2027-03-14,28,2026-12-15,Control panel failure,Control panel failure; synthetic claim scenario: conflicting model predictions.,Mechanical,Active,Covered,Missing,Available,Missing,Missing,Missing,Available,4,2,2026-11-16,Authorized Service Center B,Unknown,Battery,Match,Unknown,Yes,No,Outside Period,Unknown,Uncertain,No,No,Complex,Medium,Conflicting model predictions,Manual Review
CLM-1396,PRD-1396,Refrigerator,Haier,HRF-758,SN41929442,2025-01-02,180000,Digital Hub,24,2025-01-02,2026-12-23,2027-01-22,25,2027-01-20,Thermostat failure,Thermostat failure; synthetic claim scenario: low-confidence scenario.,Normal Wear,Active,Covered,Missing,Missing,Available,Missing,Available,Not Required,3,0,,,Not Applicable,None,Match,Match,No,Yes,Outside Period,Yes,No,No,No,Complex,Medium,Low-confidence scenario,Manual Review
CLM-1397,PRD-1397,Air Conditioner,Orient,Ultron,SN70597233,2025-04-08,165000,TechWorld,18,2025-04-08,2026-09-30,2026-10-30,19,2026-08-11,Fan failure,Fan failure; synthetic claim scenario: missing evidence.,Mechanical,Expired,Covered,Missing,Available,Available,Available,Available,Available,1,1,2026-02-06,Authorized Service Center B,Authorized,None,Mismatch,Mismatch,Yes,Possible,Within Period,Unknown,No,No,No,Complex,High,Missing evidence,Manual Review
CLM-1398,PRD-1398,Laptop,Dell,Inspiron 15,SN11915171,2024-02-25,85000,City Appliances,12,2024-02-25,2025-02-19,2025-06-19,16,2025-05-17,Charging issue,Charging issue; synthetic claim scenario: missing evidence.,Physical,Active,Covered,Missing,Missing,Missing,Missing,Missing,Missing,6,1,2025-04-04,Authorized Service Center A,Authorized,None,Unknown,Unknown,No,Yes,Uncertain,No,Uncertain,No,No,Complex,Medium,Missing evidence,Manual Review
CLM-1399,PRD-1399,Microwave,Samsung,MS23,SN26920726,2025-01-22,45000,City Appliances,12,2025-01-22,2026-01-17,2025-11-18,10,2025-10-29,Heating failure,Heating failure; synthetic claim scenario: borderline warranty date.,Mechanical,Active,Covered,Available,Available,Missing,Missing,Missing,Missing,4,1,2025-05-02,Authorized Service Center A,Unknown,Screen,Match,Mismatch,Possible,Possible,Outside Period,Yes,Uncertain,No,No,Complex,High,Borderline warranty date,Manual Review
CLM-1400,PRD-1400,Printer,HP,LaserJet M404,SN79732631,2023-01-07,72000,Mega Electronics,12,2023-01-07,2024-01-02,2024-05-01,16,2024-02-28,Paper feed failure,Paper feed failure; synthetic claim scenario: multiple rule warnings.,Normal Wear,Near Expiry,Uncertain,Missing,Available,Available,Available,Missing,Missing,3,0,,,Not Applicable,None,Unknown,Unknown,Yes,No,Outside Period,Unknown,Yes,No,No,Complex,Medium,Multiple rule warnings,Manual Review
CLM-1401,PRD-1401,Refrigerator,Haier,HRF-758,SN24470594,2024-02-14,180000,Mega Electronics,24,2024-02-14,2026-02-03,2026-01-04,23,2025-11-10,Door seal failure,Door seal failure; synthetic claim scenario: borderline warranty date.,Electrical,Near Expiry,Covered,Available,Available,Available,Available,Missing,Missing,2,1,2025-12-04,Authorized Service Center B,Authorized,None,Mismatch,Unknown,No,Possible,Uncertain,Yes,No,No,No,Complex,Medium,Borderline warranty date,Manual Review
CLM-1402,PRD-1402,Refrigerator,Haier,HRF-758,SN90029835,2024-08-21,180000,Mega Electronics,24,2024-08-21,2026-08-11,2026-09-10,25,2026-08-01,Cooling failure,Cooling failure; synthetic claim scenario: contradictory dates.,Water/Liquid,Near Expiry,Covered,Missing,Missing,Missing,Available,Available,Missing,4,0,,,Not Applicable,None,Unknown,Match,Yes,Yes,Within Period,Unknown,No,No,No,Complex,Medium,Contradictory dates,Manual Review
CLM-1403,PRD-1403,Printer,HP,LaserJet M404,SN47544493,2025-03-12,72000,Mega Electronics,12,2025-03-12,2026-03-07,2026-01-06,10,2026-01-05,Connectivity issue,Connectivity issue; synthetic claim scenario: serial mismatch.,Software/Firmware,Expired,Covered,Available,Missing,Available,Available,Available,Missing,2,0,,,Not Applicable,None,Match,Unknown,No,No,Uncertain,No,Uncertain,No,No,Complex,High,Serial mismatch,Manual Review
CLM-1404,PRD-1404,Laptop,Dell,Inspiron 15,SN32469528,2023-11-20,85000,City Appliances,12,2023-11-20,2024-11-14,2025-05-13,18,2025-03-02,Battery failure,Battery failure; synthetic claim scenario: duplicate indicator.,Water/Liquid,Expired,Not Covered,Missing,Available,Available,Available,Missing,Available,2,0,,,Not Applicable,None,Match,Unknown,Yes,Yes,Uncertain,Unknown,Uncertain,No,No,Complex,Medium,Duplicate indicator,Manual Review
CLM-1405,PRD-1405,Laptop,Dell,Inspiron 15,SN33740973,2023-10-26,85000,Digital Hub,12,2023-10-26,2024-10-20,2025-01-18,15,2024-11-25,Keyboard failure,Keyboard failure; synthetic claim scenario: duplicate indicator.,Software/Firmware,Expired,Uncertain,Missing,Available,Missing,Missing,Missing,Available,4,2,2024-05-30,Independent Repair Shop,Authorized,Battery,Unknown,Mismatch,Possible,Possible,Within Period,Unknown,Uncertain,No,No,Complex,High,Duplicate indicator,Manual Review
CLM-1406,PRD-1406,Microwave,Samsung,MS23,SN83250114,2024-07-17,45000,Digital Hub,12,2024-07-17,2025-07-12,2025-08-11,13,2025-06-11,Turntable failure,Turntable failure; synthetic claim scenario: multiple rule warnings.,Mechanical,Expired,Uncertain,Missing,Available,Missing,Available,Missing,Missing,4,1,2024-11-19,Authorized Service Center B,Unauthorized,Motherboard,Match,Mismatch,No,No,Uncertain,Unknown,Uncertain,No,No,Complex,High,Multiple rule warnings,Manual Review
CLM-1407,PRD-1407,Laptop,Dell,Inspiron 15,SN61968105,2025-03-25,85000,City Appliances,12,2025-03-25,2026-03-20,2026-08-17,17,2026-07-29,Keyboard failure,Keyboard failure; synthetic claim scenario: serial mismatch.,Water/Liquid,Expired,Uncertain,Available,Missing,Missing,Available,Missing,Available,3,0,,,Not Applicable,None,Mismatch,Match,Possible,No,Uncertain,Unknown,Yes,No,No,Complex,Medium,Serial mismatch,Manual Review
CLM-1408,PRD-1408,Laptop,Dell,Inspiron 15,SN21167698,2025-03-24,85000,City Appliances,12,2025-03-24,2026-03-19,2026-01-18,10,2025-10-21,Keyboard failure,Keyboard failure; synthetic claim scenario: contradictory dates.,Electrical,Near Expiry,Not Covered,Missing,Missing,Missing,Missing,Available,Available,4,1,2025-04-05,Authorized Service Center A,Authorized,None,Match,Mismatch,No,Yes,Uncertain,Yes,No,No,No,Complex,High,Contradictory dates,Manual Review
CLM-1409,PRD-1409,Smartphone,Samsung,Galaxy A55,SN48283180,2024-09-23,125000,TechWorld,12,2024-09-23,2025-09-18,2026-02-15,17,2026-02-12,Charging port failure,Charging port failure; synthetic claim scenario: duplicate indicator.,Physical,Near Expiry,Not Covered,Available,Available,Missing,Available,Missing,Missing,3,0,,,Not Applicable,None,Mismatch,Match,No,Possible,Outside Period,Unknown,No,No,No,Complex,Medium,Duplicate indicator,Manual Review
CLM-1410,PRD-1410,Refrigerator,Haier,HRF-758,SN72945676,2023-08-19,180000,TechWorld,24,2023-08-19,2025-08-08,2026-01-05,29,2025-10-22,Cooling failure,Cooling failure; synthetic claim scenario: borderline warranty date.,Electrical,Expired,Uncertain,Missing,Missing,Missing,Available,Missing,Missing,5,0,,,Not Applicable,None,Unknown,Match,Possible,No,Within Period,No,Uncertain,No,No,Complex,Medium,Borderline warranty date,Manual Review
CLM-1411,PRD-1411,Microwave,Samsung,MS23,SN93801562,2024-07-22,45000,Smart Mart,12,2024-07-22,2025-07-17,2025-04-18,9,2025-03-26,Door switch failure,Door switch failure; synthetic claim scenario: low-confidence scenario.,Software/Firmware,Active,Not Covered,Available,Available,Missing,Missing,Missing,Available,3,2,2024-12-02,Independent Repair Shop,Unknown,Screen,Unknown,Match,No,No,Within Period,Unknown,No,No,No,Complex,High,Low-confidence scenario,Manual Review
CLM-1412,PRD-1412,Microwave,Samsung,MS23,SN69164310,2024-11-21,45000,Digital Hub,12,2024-11-21,2025-11-16,2025-11-16,12,2025-08-31,Turntable failure,Turntable failure; synthetic claim scenario: low-confidence scenario.,Electrical,Expired,Not Covered,Missing,Missing,Missing,Available,Missing,Available,4,1,2025-06-17,Independent Repair Shop,Unknown,Screen,Match,Match,Possible,No,Outside Period,Yes,No,No,No,Complex,High,Low-confidence scenario,Manual Review
CLM-1413,PRD-1413,Smartphone,Samsung,Galaxy A55,SN79922737,2023-07-12,125000,Digital Hub,12,2023-07-12,2024-07-06,2024-11-03,16,2024-08-16,Camera failure,Camera failure; synthetic claim scenario: contradictory dates.,Water/Liquid,Active,Not Covered,Missing,Missing,Missing,Missing,Available,Not Required,4,2,2024-04-05,Authorized Service Center A,Unknown,Motherboard,Mismatch,Mismatch,Possible,No,Outside Period,Yes,Uncertain,No,No,Complex,Medium,Contradictory dates,Manual Review
CLM-1414,PRD-1414,Smartphone,Samsung,Galaxy A55,SN34515854,2023-10-09,125000,Digital Hub,12,2023-10-09,2024-10-03,2025-04-01,18,2025-01-12,Screen failure,Screen failure; synthetic claim scenario: duplicate indicator.,Physical,Active,Uncertain,Available,Available,Missing,Missing,Available,Missing,3,2,2025-02-17,Independent Repair Shop,Unauthorized,Battery,Mismatch,Mismatch,Possible,Possible,Within Period,Unknown,Uncertain,No,No,Complex,High,Duplicate indicator,Manual Review
CLM-1415,PRD-1415,Air Conditioner,Orient,Ultron,SN57911145,2023-05-29,165000,Smart Mart,18,2023-05-29,2024-11-19,2025-05-18,24,2025-05-04,Compressor issue,Compressor issue; synthetic claim scenario: multiple rule warnings.,Software/Firmware,Active,Covered,Available,Available,Missing,Available,Missing,Missing,3,2,2024-09-23,Independent Repair Shop,Unknown,None,Unknown,Unknown,Yes,Possible,Uncertain,No,No,No,No,Complex,Medium,Multiple rule warnings,Manual Review
CLM-1416,PRD-1416,Refrigerator,Haier,HRF-758,SN83369977,2023-02-23,180000,Mega Electronics,24,2023-02-23,2025-02-12,2025-02-12,24,2024-11-20,Door seal failure,Door seal failure; synthetic claim scenario: multiple rule warnings.,Water/Liquid,Expired,Uncertain,Available,Available,Available,Available,Missing,Missing,2,0,,,Not Applicable,None,Mismatch,Unknown,Possible,Yes,Within Period,No,Yes,No,No,Complex,High,Multiple rule warnings,Manual Review
CLM-1417,PRD-1417,Microwave,Samsung,MS23,SN34191100,2025-03-21,45000,TechWorld,12,2025-03-21,2026-03-16,2026-09-12,18,2026-08-24,Control panel issue,Control panel issue; synthetic claim scenario: missing evidence.,Physical,Active,Not Covered,Missing,Missing,Missing,Missing,Missing,Missing,6,0,,,Not Applicable,None,Mismatch,Match,Yes,No,Outside Period,No,Yes,No,No,Complex,High,Missing evidence,Manual Review
CLM-1418,PRD-1418,Printer,HP,LaserJet M404,SN54378136,2023-03-22,72000,Digital Hub,12,2023-03-22,2024-03-16,2024-02-15,11,2023-12-13,Connectivity issue,Connectivity issue; synthetic claim scenario: multiple rule warnings.,Physical,Expired,Uncertain,Available,Missing,Missing,Available,Available,Missing,3,1,2023-06-21,Independent Repair Shop,Unknown,Screen,Unknown,Unknown,Yes,Possible,Uncertain,Unknown,Uncertain,No,No,Complex,High,Multiple rule warnings,Manual Review
CLM-1419,PRD-1419,Washing Machine,Dawlance,DWT-1167,SN24882050,2024-04-07,135000,Mega Electronics,24,2024-04-07,2026-03-28,2026-01-27,22,2025-12-27,Drainage failure,Drainage failure; synthetic claim scenario: duplicate indicator.,Physical,Expired,Covered,Available,Available,Available,Missing,Available,Not Required,1,1,2025-05-30,Authorized Service Center A,Unknown,Control Board,Mismatch,Mismatch,Yes,No,Uncertain,Unknown,No,No,No,Complex,Medium,Duplicate indicator,Manual Review
CLM-1420,PRD-1420,Washing Machine,Dawlance,DWT-1167,SN92314272,2025-03-17,135000,Digital Hub,24,2025-03-17,2027-03-07,2027-07-05,28,2027-04-18,Water leakage,Water leakage; synthetic claim scenario: duplicate indicator.,Water/Liquid,Active,Not Covered,Missing,Missing,Available,Available,Missing,Missing,4,2,2026-11-22,Authorized Service Center A,Unknown,None,Match,Unknown,No,No,Outside Period,No,Uncertain,No,No,Complex,High,Duplicate indicator,Manual Review
CLM-1421,PRD-1421,Air Conditioner,Orient,Ultron,SN48153914,2023-08-26,165000,Digital Hub,18,2023-08-26,2025-02-16,2025-05-17,21,2025-05-12,Compressor issue,Compressor issue; synthetic claim scenario: missing evidence.,Software/Firmware,Active,Uncertain,Available,Missing,Missing,Available,Available,Available,2,0,,,Not Applicable,None,Mismatch,Unknown,No,Yes,Uncertain,Yes,No,No,No,Complex,High,Missing evidence,Manual Review
CLM-1422,PRD-1422,Air Conditioner,Orient,Ultron,SN57464677,2024-03-04,165000,City Appliances,18,2024-03-04,2025-08-26,2025-06-27,16,2025-06-13,Compressor issue,Compressor issue; synthetic claim scenario: contradictory dates.,Physical,Active,Uncertain,Available,Available,Available,Missing,Available,Not Required,1,1,2024-09-04,Authorized Service Center A,Unauthorized,Screen,Mismatch,Match,Possible,Yes,Outside Period,Yes,Uncertain,No,No,Complex,High,Contradictory dates,Manual Review
CLM-1423,PRD-1423,Smartphone,Samsung,Galaxy A55,SN48461227,2024-06-19,125000,City Appliances,12,2024-06-19,2025-06-14,2025-05-15,11,2025-02-23,Speaker failure,Speaker failure; synthetic claim scenario: conflicting model predictions.,Electrical,Near Expiry,Uncertain,Available,Missing,Available,Available,Available,Not Required,1,2,2024-07-23,Authorized Service Center B,Unauthorized,Screen,Unknown,Match,Possible,Yes,Outside Period,Yes,Uncertain,No,Yes,Complex,Medium,Conflicting model predictions,Manual Review
CLM-1424,PRD-1424,Television,LG,OLED55,SN62237400,2023-02-15,210000,Mega Electronics,24,2023-02-15,2025-02-04,2024-12-06,22,2024-09-11,Remote receiver failure,Remote receiver failure; synthetic claim scenario: contradictory dates.,Software/Firmware,Active,Uncertain,Available,Missing,Available,Available,Available,Not Required,1,0,,,Not Applicable,None,Match,Match,Possible,Possible,Uncertain,Yes,Yes,Yes,No,Complex,High,Contradictory dates,Manual Review
CLM-1425,PRD-1425,Air Conditioner,Orient,Ultron,SN95444170,2023-07-10,165000,Digital Hub,18,2023-07-10,2024-12-31,2024-12-01,17,2024-09-24,Fan failure,Fan failure; synthetic claim scenario: multiple rule warnings.,Software/Firmware,Expired,Uncertain,Missing,Available,Available,Available,Available,Not Required,1,1,2024-03-27,Independent Repair Shop,Authorized,Battery,Mismatch,Mismatch,No,Yes,Within Period,Yes,No,Yes,Yes,Complex,High,Multiple rule warnings,Manual Review
CLM-1426,PRD-1426,Air Conditioner,Orient,Ultron,SN83920528,2024-03-11,165000,Digital Hub,18,2024-03-11,2025-09-02,2025-09-02,18,2025-06-10,Compressor issue,Compressor issue; synthetic claim scenario: serial mismatch.,Software/Firmware,Active,Not Covered,Missing,Available,Available,Missing,Missing,Available,3,1,2024-11-15,Authorized Service Center B,Unknown,None,Unknown,Mismatch,No,No,Within Period,Yes,No,No,No,Complex,Medium,Serial mismatch,Manual Review
CLM-1427,PRD-1427,Washing Machine,Dawlance,DWT-1167,SN58276118,2024-12-27,135000,Smart Mart,24,2024-12-27,2026-12-17,2027-01-16,25,2027-01-10,Drainage failure,Drainage failure; synthetic claim scenario: serial mismatch.,Software/Firmware,Near Expiry,Covered,Missing,Missing,Missing,Missing,Missing,Not Required,5,2,2026-09-04,Independent Repair Shop,Unauthorized,Screen,Mismatch,Unknown,No,Possible,Within Period,No,Yes,No,No,Complex,High,Serial mismatch,Manual Review
CLM-1428,PRD-1428,Printer,HP,LaserJet M404,SN83063168,2025-06-09,72000,Smart Mart,12,2025-06-09,2026-06-04,2026-06-04,12,2026-03-28,Power failure,Power failure; synthetic claim scenario: multiple rule warnings.,Physical,Expired,Not Covered,Missing,Available,Missing,Missing,Missing,Not Required,4,2,2025-10-07,Authorized Service Center B,Unknown,Screen,Match,Match,No,Yes,Within Period,Unknown,No,No,No,Complex,Medium,Multiple rule warnings,Manual Review
CLM-1429,PRD-1429,Microwave,Samsung,MS23,SN27283689,2024-12-07,45000,TechWorld,12,2024-12-07,2025-12-02,2025-09-03,9,2025-09-01,Heating failure,Heating failure; synthetic claim scenario: multiple rule warnings.,Mechanical,Near Expiry,Not Covered,Available,Available,Missing,Missing,Missing,Available,3,1,2025-03-27,Authorized Service Center A,Unauthorized,Battery,Mismatch,Match,Yes,Yes,Uncertain,Yes,No,No,No,Complex,Medium,Multiple rule warnings,Manual Review
CLM-1430,PRD-1430,Laptop,Dell,Inspiron 15,SN71342104,2024-12-11,85000,Digital Hub,12,2024-12-11,2025-12-06,2025-12-06,12,2025-10-02,Screen flickering,Screen flickering; synthetic claim scenario: missing evidence.,Mechanical,Expired,Covered,Missing,Available,Available,Available,Missing,Missing,3,2,2025-10-20,Authorized Service Center B,Unknown,Screen,Match,Match,Yes,Yes,Within Period,No,Yes,No,No,Complex,Medium,Missing evidence,Manual Review
CLM-1431,PRD-1431,Printer,HP,LaserJet M404,SN86282104,2024-04-14,72000,Digital Hub,12,2024-04-14,2025-04-09,2025-03-10,11,2024-12-18,Power failure,Power failure; synthetic claim scenario: conflicting model predictions.,Water/Liquid,Near Expiry,Not Covered,Missing,Available,Missing,Available,Missing,Missing,4,1,2024-07-13,Independent Repair Shop,Unknown,Control Board,Mismatch,Mismatch,Yes,Yes,Uncertain,Yes,Yes,No,No,Complex,High,Conflicting model predictions,Manual Review
CLM-1432,PRD-1432,Air Conditioner,Orient,Ultron,SN29248456,2024-01-12,165000,TechWorld,18,2024-01-12,2025-07-05,2025-09-03,20,2025-07-23,Fan failure,Fan failure; synthetic claim scenario: conflicting model predictions.,Software/Firmware,Near Expiry,Covered,Missing,Available,Available,Missing,Available,Missing,3,2,2025-02-09,Authorized Service Center B,Authorized,Control Board,Unknown,Match,Yes,Possible,Within Period,Unknown,Yes,No,No,Complex,Medium,Conflicting model predictions,Manual Review
CLM-1433,PRD-1433,Television,LG,OLED55,SN45175388,2025-03-04,210000,City Appliances,24,2025-03-04,2027-02-22,2027-05-23,27,2027-02-28,Remote receiver failure,Remote receiver failure; synthetic claim scenario: missing evidence.,Mechanical,Expired,Covered,Available,Available,Available,Missing,Missing,Missing,3,1,2026-12-03,Authorized Service Center B,Authorized,None,Match,Match,No,Yes,Within Period,Yes,Uncertain,No,No,Complex,High,Missing evidence,Manual Review
CLM-1434,PRD-1434,Television,LG,OLED55,SN21884589,2023-11-04,210000,Smart Mart,24,2023-11-04,2025-10-24,2025-10-24,24,2025-09-07,Power failure,Power failure; synthetic claim scenario: conflicting model predictions.,Electrical,Near Expiry,Covered,Available,Available,Available,Missing,Missing,Available,2,2,2025-07-08,Independent Repair Shop,Authorized,Screen,Mismatch,Match,Possible,Yes,Within Period,Unknown,Yes,No,No,Complex,Medium,Conflicting model predictions,Manual Review
CLM-1435,PRD-1435,Television,LG,OLED55,SN89771429,2023-12-29,210000,TechWorld,24,2023-12-29,2025-12-18,2026-06-16,30,2026-05-06,Remote receiver failure,Remote receiver failure; synthetic claim scenario: multiple rule warnings.,Electrical,Near Expiry,Uncertain,Available,Available,Missing,Missing,Missing,Available,3,0,,,Not Applicable,None,Unknown,Match,No,Possible,Outside Period,Yes,No,No,No,Complex,Medium,Multiple rule warnings,Manual Review
CLM-1436,PRD-1436,Refrigerator,Haier,HRF-758,SN27236529,2025-03-30,180000,TechWorld,24,2025-03-30,2027-03-20,2027-03-20,24,2027-02-14,Door seal failure,Door seal failure; synthetic claim scenario: duplicate indicator.,Electrical,Near Expiry,Uncertain,Missing,Missing,Available,Available,Available,Not Required,2,2,2026-07-22,Independent Repair Shop,Authorized,Battery,Mismatch,Mismatch,Yes,Possible,Within Period,No,Yes,No,No,Complex,Medium,Duplicate indicator,Manual Review
CLM-1437,PRD-1437,Laptop,Dell,Inspiron 15,SN58380608,2025-03-02,85000,Mega Electronics,12,2025-03-02,2026-02-25,2026-08-24,18,2026-08-12,Keyboard failure,Keyboard failure; synthetic claim scenario: serial mismatch.,Mechanical,Near Expiry,Uncertain,Available,Available,Available,Available,Available,Missing,1,2,2026-03-01,Independent Repair Shop,Authorized,None,Match,Unknown,Yes,Yes,Within Period,Unknown,Uncertain,Yes,No,Complex,High,Serial mismatch,Manual Review
CLM-1438,PRD-1438,Smartphone,Samsung,Galaxy A55,SN21418726,2024-11-23,125000,TechWorld,12,2024-11-23,2025-11-18,2026-04-17,17,2026-03-28,Charging port failure,Charging port failure; synthetic claim scenario: conflicting model predictions.,Normal Wear,Active,Uncertain,Available,Available,Missing,Missing,Available,Available,2,1,2026-01-10,Authorized Service Center A,Unauthorized,Battery,Unknown,Mismatch,Possible,No,Outside Period,Unknown,Uncertain,No,No,Complex,Medium,Conflicting model predictions,Manual Review
CLM-1439,PRD-1439,Smartphone,Samsung,Galaxy A55,SN73719766,2024-09-25,125000,City Appliances,12,2024-09-25,2025-09-20,2026-02-17,17,2025-12-17,Speaker failure,Speaker failure; synthetic claim scenario: missing evidence.,Physical,Expired,Covered,Missing,Available,Available,Available,Available,Available,1,0,,,Not Applicable,None,Match,Mismatch,Possible,Yes,Outside Period,Yes,No,No,Yes,Complex,High,Missing evidence,Manual Review
CLM-1440,PRD-1440,Laptop,Dell,Inspiron 15,SN97553316,2025-04-26,85000,TechWorld,12,2025-04-26,2026-04-21,2026-08-19,16,2026-07-05,Battery failure,Battery failure; synthetic claim scenario: multiple rule warnings.,Physical,Near Expiry,Covered,Missing,Missing,Available,Available,Available,Missing,3,2,2026-04-15,Authorized Service Center A,Unauthorized,Motherboard,Match,Match,Yes,Possible,Uncertain,Unknown,Uncertain,No,No,Complex,Medium,Multiple rule warnings,Manual Review
CLM-1441,PRD-1441,Laptop,Dell,Inspiron 15,SN13929650,2023-07-12,85000,City Appliances,12,2023-07-12,2024-07-06,2024-07-06,12,2024-06-28,Battery failure,Battery failure; synthetic claim scenario: borderline warranty date.,Electrical,Expired,Not Covered,Missing,Available,Available,Missing,Missing,Missing,4,2,2023-11-26,Authorized Service Center B,Unknown,Screen,Unknown,Match,Yes,No,Within Period,No,Uncertain,No,No,Complex,High,Borderline warranty date,Manual Review
CLM-1442,PRD-1442,Laptop,Dell,Inspiron 15,SN54970155,2025-03-11,85000,Smart Mart,12,2025-03-11,2026-03-06,2026-09-02,18,2026-06-30,Charging issue,Charging issue; synthetic claim scenario: conflicting model predictions.,Normal Wear,Active,Not Covered,Available,Missing,Available,Available,Available,Available,1,1,2026-04-25,Authorized Service Center A,Unauthorized,None,Mismatch,Unknown,Possible,Possible,Outside Period,Unknown,Uncertain,Yes,Yes,Complex,Medium,Conflicting model predictions,Manual Review
CLM-1443,PRD-1443,Microwave,Samsung,MS23,SN41569052,2023-07-10,45000,City Appliances,12,2023-07-10,2024-07-04,2024-12-01,17,2024-10-20,Turntable failure,Turntable failure; synthetic claim scenario: serial mismatch.,Software/Firmware,Near Expiry,Uncertain,Available,Missing,Missing,Missing,Missing,Missing,5,0,,,Not Applicable,None,Match,Unknown,No,Yes,Outside Period,No,No,No,No,Complex,High,Serial mismatch,Manual Review
CLM-1444,PRD-1444,Refrigerator,Haier,HRF-758,SN62733451,2024-07-14,180000,Mega Electronics,24,2024-07-14,2026-07-04,2026-07-04,24,2026-05-14,Cooling failure,Cooling failure; synthetic claim scenario: multiple rule warnings.,Software/Firmware,Near Expiry,Uncertain,Available,Available,Available,Available,Available,Missing,1,2,2026-02-14,Authorized Service Center B,Unauthorized,None,Mismatch,Mismatch,Yes,Possible,Outside Period,Yes,Yes,No,No,Complex,High,Multiple rule warnings,Manual Review
CLM-1445,PRD-1445,Television,LG,OLED55,SN43965313,2023-02-09,210000,TechWorld,24,2023-02-09,2025-01-29,2025-01-29,24,2025-01-15,Panel issue,Panel issue; synthetic claim scenario: borderline warranty date.,Physical,Expired,Not Covered,Missing,Available,Missing,Missing,Missing,Available,4,0,,,Not Applicable,None,Mismatch,Mismatch,Yes,Possible,Within Period,Unknown,No,No,No,Complex,Medium,Borderline warranty date,Manual Review
CLM-1446,PRD-1446,Microwave,Samsung,MS23,SN55861542,2023-07-02,45000,Digital Hub,12,2023-07-02,2024-06-26,2024-07-26,13,2024-06-28,Door switch failure,Door switch failure; synthetic claim scenario: missing evidence.,Normal Wear,Near Expiry,Not Covered,Available,Available,Missing,Missing,Available,Available,2,1,2023-12-22,Authorized Service Center A,Authorized,Screen,Mismatch,Match,No,Yes,Uncertain,No,Yes,No,No,Complex,Medium,Missing evidence,Manual Review
CLM-1447,PRD-1447,Printer,HP,LaserJet M404,SN66907156,2023-12-26,72000,TechWorld,12,2023-12-26,2024-12-20,2024-11-20,11,2024-09-30,Connectivity issue,Connectivity issue; synthetic claim scenario: duplicate indicator.,Electrical,Near Expiry,Covered,Missing,Missing,Available,Missing,Missing,Available,4,1,2024-10-18,Authorized Service Center A,Unauthorized,Battery,Unknown,Mismatch,Yes,Yes,Outside Period,Yes,Yes,No,No,Complex,High,Duplicate indicator,Manual Review
CLM-1448,PRD-1448,Laptop,Dell,Inspiron 15,SN59345215,2025-05-21,85000,TechWorld,12,2025-05-21,2026-05-16,2026-03-17,10,2025-12-30,Motherboard failure,Motherboard failure; synthetic claim scenario: missing evidence.,Water/Liquid,Expired,Uncertain,Available,Available,Missing,Available,Available,Not Required,1,1,2025-06-29,Authorized Service Center B,Unknown,Screen,Match,Unknown,No,Yes,Uncertain,Yes,Uncertain,Yes,No,Complex,Medium,Missing evidence,Manual Review
CLM-1449,PRD-1449,Microwave,Samsung,MS23,SN35342915,2023-01-22,45000,City Appliances,12,2023-01-22,2024-01-17,2024-02-16,13,2024-02-12,Door switch failure,Door switch failure; synthetic claim scenario: contradictory dates.,Software/Firmware,Near Expiry,Uncertain,Available,Missing,Missing,Available,Available,Available,2,0,,,Not Applicable,None,Mismatch,Unknown,Possible,No,Within Period,Yes,Uncertain,No,No,Complex,High,Contradictory dates,Manual Review
CLM-1450,PRD-1450,Laptop,Dell,Inspiron 15,SN27506100,2023-01-16,85000,City Appliances,12,2023-01-16,2024-01-11,2023-12-12,11,2023-10-10,Charging issue,Charging issue; synthetic claim scenario: borderline warranty date.,Physical,Near Expiry,Not Covered,Missing,Available,Missing,Available,Missing,Missing,4,1,2023-05-08,Authorized Service Center B,Unknown,Battery,Mismatch,Mismatch,No,No,Uncertain,Unknown,Yes,No,No,Complex,High,Borderline warranty date,Manual Review
CLM-1451,PRD-1451,Laptop,Dell,Inspiron 15,SN47379354,2023-01-13,85000,Smart Mart,12,2023-01-13,2024-01-08,2024-04-07,15,2024-03-29,Charging issue,Charging issue; synthetic claim scenario: missing evidence.,Water/Liquid,Near Expiry,Not Covered,Available,Missing,Missing,Missing,Missing,Not Required,4,1,2023-12-15,Authorized Service Center A,Unauthorized,Motherboard,Unknown,Match,Possible,Yes,Within Period,Unknown,No,No,No,Complex,Medium,Missing evidence,Manual Review
CLM-1452,PRD-1452,Smartphone,Samsung,Galaxy A55,SN33317675,2024-12-04,125000,Mega Electronics,12,2024-12-04,2025-11-29,2025-08-31,9,2025-08-19,Camera failure,Camera failure; synthetic claim scenario: conflicting model predictions.,Physical,Expired,Covered,Missing,Available,Available,Missing,Missing,Missing,4,1,2025-07-04,Independent Repair Shop,Unknown,Screen,Match,Match,Possible,Yes,Outside Period,Unknown,Yes,No,No,Complex,Medium,Conflicting model predictions,Manual Review
CLM-1453,PRD-1453,Television,LG,OLED55,SN22865615,2025-03-17,210000,TechWorld,24,2025-03-17,2027-03-07,2027-03-07,24,2027-01-04,Sound failure,Sound failure; synthetic claim scenario: contradictory dates.,Physical,Active,Uncertain,Missing,Missing,Missing,Missing,Available,Not Required,4,0,,,Not Applicable,None,Match,Match,Possible,Possible,Outside Period,Yes,Uncertain,No,No,Complex,High,Contradictory dates,Manual Review
CLM-1454,PRD-1454,Television,LG,OLED55,SN77758116,2025-01-16,210000,Mega Electronics,24,2025-01-16,2027-01-06,2027-06-05,29,2027-04-06,Remote receiver failure,Remote receiver failure; synthetic claim scenario: missing evidence.,Electrical,Active,Uncertain,Missing,Available,Available,Missing,Available,Available,2,1,2027-03-16,Authorized Service Center A,Unauthorized,Control Board,Mismatch,Mismatch,Possible,Possible,Uncertain,Unknown,No,No,No,Complex,Medium,Missing evidence,Manual Review
CLM-1455,PRD-1455,Microwave,Samsung,MS23,SN33163546,2024-01-07,45000,Digital Hub,12,2024-01-07,2025-01-01,2024-12-02,11,2024-10-24,Turntable failure,Turntable failure; synthetic claim scenario: duplicate indicator.,Electrical,Expired,Covered,Missing,Available,Available,Missing,Missing,Missing,4,2,2024-03-04,Authorized Service Center B,Authorized,Battery,Match,Mismatch,Yes,Yes,Within Period,Unknown,No,No,No,Complex,High,Duplicate indicator,Manual Review
CLM-1456,PRD-1456,Smartphone,Samsung,Galaxy A55,SN96783467,2025-02-07,125000,Digital Hub,12,2025-02-07,2026-02-02,2026-07-02,17,2026-06-11,Speaker failure,Speaker failure; synthetic claim scenario: conflicting model predictions.,Software/Firmware,Active,Not Covered,Missing,Available,Missing,Missing,Missing,Not Required,4,0,,,Not Applicable,None,Match,Unknown,Possible,Possible,Uncertain,No,Uncertain,No,No,Complex,Medium,Conflicting model predictions,Manual Review
CLM-1457,PRD-1457,Smartphone,Samsung,Galaxy A55,SN14910282,2024-02-24,125000,City Appliances,12,2024-02-24,2025-02-18,2025-05-19,15,2025-02-22,Screen failure,Screen failure; synthetic claim scenario: duplicate indicator.,Normal Wear,Near Expiry,Covered,Available,Available,Available,Available,Missing,Available,1,2,2025-04-19,Authorized Service Center B,Authorized,None,Match,Mismatch,Yes,No,Uncertain,Unknown,Uncertain,No,No,Complex,Medium,Duplicate indicator,Manual Review
CLM-1458,PRD-1458,Refrigerator,Haier,HRF-758,SN63011652,2023-10-07,180000,Digital Hub,24,2023-10-07,2025-09-26,2026-03-25,30,2026-03-05,Door seal failure,Door seal failure; synthetic claim scenario: duplicate indicator.,Software/Firmware,Near Expiry,Uncertain,Missing,Missing,Missing,Missing,Missing,Not Required,5,0,,,Not Applicable,None,Unknown,Mismatch,Possible,No,Outside Period,Yes,Uncertain,No,No,Complex,High,Duplicate indicator,Manual Review
CLM-1459,PRD-1459,Television,LG,OLED55,SN63311538,2024-03-13,210000,Smart Mart,24,2024-03-13,2026-03-03,2026-06-01,27,2026-04-15,Power failure,Power failure; synthetic claim scenario: multiple rule warnings.,Mechanical,Near Expiry,Not Covered,Available,Available,Available,Missing,Missing,Missing,3,1,2025-11-14,Authorized Service Center A,Authorized,None,Match,Mismatch,Possible,No,Within Period,No,No,No,No,Complex,High,Multiple rule warnings,Manual Review
CLM-1460,PRD-1460,Refrigerator,Haier,HRF-758,SN72409137,2023-05-09,180000,City Appliances,24,2023-05-09,2025-04-28,2025-05-28,25,2025-04-13,Door seal failure,Door seal failure; synthetic claim scenario: borderline warranty date.,Normal Wear,Active,Not Covered,Missing,Available,Available,Available,Available,Missing,2,1,2025-04-18,Independent Repair Shop,Unauthorized,Motherboard,Match,Mismatch,No,Possible,Uncertain,Yes,No,No,No,Complex,Medium,Borderline warranty date,Manual Review
CLM-1461,PRD-1461,Air Conditioner,Orient,Ultron,SN31386369,2023-05-06,165000,Smart Mart,18,2023-05-06,2024-10-27,2024-12-26,20,2024-10-15,Water leakage,Water leakage; synthetic claim scenario: serial mismatch.,Mechanical,Active,Not Covered,Available,Available,Missing,Available,Missing,Not Required,2,1,2024-08-22,Authorized Service Center A,Authorized,Motherboard,Mismatch,Mismatch,No,No,Outside Period,No,No,No,No,Complex,High,Serial mismatch,Manual Review
CLM-1462,PRD-1462,Television,LG,OLED55,SN37435977,2025-03-16,210000,City Appliances,24,2025-03-16,2027-03-06,2027-07-04,28,2027-04-08,No display,No display; synthetic claim scenario: contradictory dates.,Electrical,Active,Covered,Missing,Available,Available,Available,Available,Available,1,2,2026-10-16,Independent Repair Shop,Unknown,Screen,Unknown,Match,No,Yes,Uncertain,Unknown,Yes,Yes,Yes,Complex,High,Contradictory dates,Manual Review
CLM-1463,PRD-1463,Refrigerator,Haier,HRF-758,SN74091448,2023-07-15,180000,City Appliances,24,2023-07-15,2025-07-04,2025-07-04,24,2025-04-07,Cooling failure,Cooling failure; synthetic claim scenario: contradictory dates.,Water/Liquid,Active,Uncertain,Available,Missing,Missing,Missing,Available,Available,3,1,2024-10-08,Independent Repair Shop,Unknown,Motherboard,Match,Mismatch,Possible,No,Outside Period,No,Uncertain,No,No,Complex,High,Contradictory dates,Manual Review
CLM-1464,PRD-1464,Laptop,Dell,Inspiron 15,SN94455026,2024-10-30,85000,City Appliances,12,2024-10-30,2025-10-25,2025-11-24,13,2025-10-07,Screen flickering,Screen flickering; synthetic claim scenario: borderline warranty date.,Mechanical,Near Expiry,Not Covered,Missing,Missing,Available,Available,Missing,Missing,4,2,2025-02-01,Authorized Service Center A,Unauthorized,Control Board,Unknown,Unknown,No,Possible,Outside Period,No,Yes,No,No,Complex,Medium,Borderline warranty date,Manual Review
CLM-1465,PRD-1465,Printer,HP,LaserJet M404,SN89706929,2024-06-18,72000,Smart Mart,12,2024-06-18,2025-06-13,2025-12-10,18,2025-11-13,Paper feed failure,Paper feed failure; synthetic claim scenario: low-confidence scenario.,Physical,Expired,Uncertain,Available,Available,Available,Available,Missing,Not Required,1,2,2025-03-26,Independent Repair Shop,Unknown,Control Board,Unknown,Match,Yes,No,Within Period,Unknown,Yes,Yes,Yes,Complex,Medium,Low-confidence scenario,Manual Review
CLM-1466,PRD-1466,Printer,HP,LaserJet M404,SN73220744,2023-12-20,72000,TechWorld,12,2023-12-20,2024-12-14,2024-10-15,10,2024-07-19,Connectivity issue,Connectivity issue; synthetic claim scenario: low-confidence scenario.,Physical,Near Expiry,Uncertain,Available,Available,Missing,Available,Missing,Missing,3,1,2024-01-01,Authorized Service Center B,Unknown,Control Board,Unknown,Match,Possible,Yes,Outside Period,No,Yes,No,No,Complex,High,Low-confidence scenario,Manual Review
CLM-1467,PRD-1467,Printer,HP,LaserJet M404,SN69292856,2023-09-10,72000,Digital Hub,12,2023-09-10,2024-09-04,2025-02-01,17,2024-11-18,Print-head issue,Print-head issue; synthetic claim scenario: serial mismatch.,Mechanical,Expired,Uncertain,Available,Available,Available,Missing,Available,Missing,2,0,,,Not Applicable,None,Mismatch,Mismatch,No,No,Within Period,Yes,Yes,No,No,Complex,High,Serial mismatch,Manual Review
CLM-1468,PRD-1468,Printer,HP,LaserJet M404,SN17190764,2023-08-22,72000,Mega Electronics,12,2023-08-22,2024-08-16,2025-02-12,18,2024-12-30,Paper feed failure,Paper feed failure; synthetic claim scenario: duplicate indicator.,Normal Wear,Near Expiry,Not Covered,Available,Available,Missing,Missing,Missing,Missing,4,1,2024-06-15,Independent Repair Shop,Unknown,None,Mismatch,Match,No,Possible,Within Period,Unknown,Yes,No,No,Complex,Medium,Duplicate indicator,Manual Review
CLM-1469,PRD-1469,Laptop,Dell,Inspiron 15,SN38699384,2024-11-09,85000,Smart Mart,12,2024-11-09,2025-11-04,2026-03-04,16,2026-02-05,Motherboard failure,Motherboard failure; synthetic claim scenario: serial mismatch.,Electrical,Expired,Uncertain,Missing,Available,Available,Missing,Missing,Not Required,3,1,2025-10-31,Independent Repair Shop,Unknown,Motherboard,Match,Match,Yes,No,Outside Period,Unknown,Yes,No,No,Complex,High,Serial mismatch,Manual Review
CLM-1470,PRD-1470,Printer,HP,LaserJet M404,SN79001070,2023-01-06,72000,Digital Hub,12,2023-01-06,2024-01-01,2024-06-29,18,2024-06-13,Connectivity issue,Connectivity issue; synthetic claim scenario: missing evidence.,Water/Liquid,Active,Uncertain,Available,Missing,Missing,Missing,Available,Not Required,3,1,2024-02-24,Independent Repair Shop,Authorized,Screen,Mismatch,Mismatch,Possible,Possible,Uncertain,Unknown,Uncertain,No,No,Complex,Medium,Missing evidence,Manual Review
CLM-1471,PRD-1471,Washing Machine,Dawlance,DWT-1167,SN68428877,2023-04-04,135000,Smart Mart,24,2023-04-04,2025-03-24,2025-06-22,27,2025-06-14,Control panel failure,Control panel failure; synthetic claim scenario: multiple rule warnings.,Physical,Near Expiry,Uncertain,Available,Available,Missing,Available,Missing,Missing,3,2,2024-11-27,Independent Repair Shop,Unknown,Screen,Match,Match,Possible,Possible,Outside Period,No,Uncertain,No,No,Complex,High,Multiple rule warnings,Manual Review
CLM-1472,PRD-1472,Microwave,Samsung,MS23,SN69735019,2025-03-22,45000,Digital Hub,12,2025-03-22,2026-03-17,2026-03-17,12,2026-01-06,Turntable failure,Turntable failure; synthetic claim scenario: contradictory dates.,Mechanical,Expired,Uncertain,Available,Missing,Available,Available,Missing,Missing,3,1,2025-09-02,Authorized Service Center A,Unknown,Screen,Match,Mismatch,Yes,Possible,Uncertain,Yes,Yes,No,No,Complex,Medium,Contradictory dates,Manual Review
CLM-1473,PRD-1473,Air Conditioner,Orient,Ultron,SN91639259,2023-02-14,165000,Mega Electronics,18,2023-02-14,2024-08-07,2025-01-04,23,2024-11-24,Water leakage,Water leakage; synthetic claim scenario: borderline warranty date.,Physical,Near Expiry,Covered,Available,Missing,Available,Missing,Available,Available,2,0,,,Not Applicable,None,Match,Unknown,Yes,Yes,Uncertain,Unknown,Yes,No,No,Complex,High,Borderline warranty date,Manual Review
CLM-1474,PRD-1474,Refrigerator,Haier,HRF-758,SN93469706,2023-11-02,180000,Digital Hub,24,2023-11-02,2025-10-22,2025-12-21,26,2025-11-18,Thermostat failure,Thermostat failure; synthetic claim scenario: contradictory dates.,Software/Firmware,Near Expiry,Not Covered,Missing,Available,Available,Available,Available,Not Required,1,1,2025-05-16,Authorized Service Center A,Authorized,Motherboard,Unknown,Mismatch,No,No,Uncertain,Unknown,No,Yes,No,Complex,High,Contradictory dates,Manual Review
CLM-1475,PRD-1475,Laptop,Dell,Inspiron 15,SN57130264,2023-11-03,85000,Smart Mart,12,2023-11-03,2024-10-28,2024-10-28,12,2024-08-27,Keyboard failure,Keyboard failure; synthetic claim scenario: conflicting model predictions.,Software/Firmware,Expired,Not Covered,Missing,Missing,Missing,Missing,Available,Not Required,4,2,2024-08-28,Authorized Service Center B,Authorized,Control Board,Match,Match,No,Possible,Within Period,No,Uncertain,No,No,Complex,High,Conflicting model predictions,Manual Review
CLM-1476,PRD-1476,Smartphone,Samsung,Galaxy A55,SN79613135,2024-10-15,125000,TechWorld,12,2024-10-15,2025-10-10,2025-07-12,9,2025-06-03,Screen failure,Screen failure; synthetic claim scenario: conflicting model predictions.,Electrical,Active,Not Covered,Available,Available,Available,Missing,Available,Not Required,1,1,2024-11-29,Authorized Service Center A,Authorized,None,Match,Unknown,Possible,Possible,Uncertain,No,No,Yes,No,Complex,High,Conflicting model predictions,Manual Review
CLM-1477,PRD-1477,Smartphone,Samsung,Galaxy A55,SN39878371,2023-07-08,125000,Smart Mart,12,2023-07-08,2024-07-02,2024-08-31,14,2024-07-02,Speaker failure,Speaker failure; synthetic claim scenario: duplicate indicator.,Software/Firmware,Active,Uncertain,Available,Missing,Available,Missing,Available,Not Required,2,1,2024-06-13,Authorized Service Center A,Unauthorized,Control Board,Unknown,Unknown,Possible,No,Outside Period,Yes,No,No,No,Complex,Medium,Duplicate indicator,Manual Review
CLM-1478,PRD-1478,Microwave,Samsung,MS23,SN36133972,2023-03-25,45000,Digital Hub,12,2023-03-25,2024-03-19,2024-07-17,16,2024-07-07,Heating failure,Heating failure; synthetic claim scenario: borderline warranty date.,Water/Liquid,Expired,Covered,Available,Missing,Available,Available,Available,Not Required,1,2,2023-12-23,Authorized Service Center A,Unauthorized,Screen,Unknown,Match,Yes,Possible,Within Period,No,Uncertain,Yes,Yes,Complex,Medium,Borderline warranty date,Manual Review
CLM-1479,PRD-1479,Television,LG,OLED55,SN24256177,2023-05-19,210000,TechWorld,24,2023-05-19,2025-05-08,2025-11-04,30,2025-10-01,Sound failure,Sound failure; synthetic claim scenario: conflicting model predictions.,Normal Wear,Active,Uncertain,Available,Available,Missing,Available,Missing,Missing,3,1,2025-01-21,Independent Repair Shop,Unauthorized,Battery,Mismatch,Match,Yes,Possible,Outside Period,Unknown,No,No,No,Complex,High,Conflicting model predictions,Manual Review
CLM-1480,PRD-1480,Printer,HP,LaserJet M404,SN99553480,2025-03-18,72000,Mega Electronics,12,2025-03-18,2026-03-13,2025-12-13,9,2025-09-20,Paper feed failure,Paper feed failure; synthetic claim scenario: serial mismatch.,Normal Wear,Active,Covered,Missing,Missing,Available,Missing,Missing,Missing,5,2,2025-10-07,Authorized Service Center A,Authorized,Battery,Match,Unknown,Possible,No,Uncertain,No,Uncertain,No,No,Complex,Medium,Serial mismatch,Manual Review
CLM-1481,PRD-1481,Refrigerator,Haier,HRF-758,SN88205503,2023-07-20,180000,City Appliances,24,2023-07-20,2025-07-09,2025-06-09,23,2025-04-28,Cooling failure,Cooling failure; synthetic claim scenario: conflicting model predictions.,Normal Wear,Expired,Uncertain,Missing,Available,Available,Missing,Available,Available,2,0,,,Not Applicable,None,Mismatch,Unknown,Possible,Yes,Outside Period,Unknown,Uncertain,No,No,Complex,Medium,Conflicting model predictions,Manual Review
CLM-1482,PRD-1482,Smartphone,Samsung,Galaxy A55,SN64635982,2024-08-07,125000,TechWorld,12,2024-08-07,2025-08-02,2025-12-30,17,2025-12-23,Camera failure,Camera failure; synthetic claim scenario: borderline warranty date.,Water/Liquid,Expired,Not Covered,Available,Missing,Available,Available,Available,Available,1,0,,,Not Applicable,None,Match,Mismatch,No,Yes,Within Period,Yes,Yes,Yes,Yes,Complex,High,Borderline warranty date,Manual Review
CLM-1483,PRD-1483,Smartphone,Samsung,Galaxy A55,SN71301736,2024-12-09,125000,Digital Hub,12,2024-12-09,2025-12-04,2025-10-05,10,2025-09-02,Screen failure,Screen failure; synthetic claim scenario: multiple rule warnings.,Physical,Active,Uncertain,Available,Missing,Missing,Missing,Missing,Missing,5,2,2025-03-19,Authorized Service Center A,Unauthorized,Motherboard,Match,Unknown,Yes,Yes,Outside Period,Unknown,No,No,No,Complex,High,Multiple rule warnings,Manual Review
CLM-1484,PRD-1484,Printer,HP,LaserJet M404,SN34043977,2024-08-31,72000,Digital Hub,12,2024-08-31,2025-08-26,2026-02-22,18,2025-12-02,Connectivity issue,Connectivity issue; synthetic claim scenario: contradictory dates.,Mechanical,Near Expiry,Not Covered,Available,Missing,Missing,Available,Missing,Available,3,1,2025-11-21,Independent Repair Shop,Unknown,Control Board,Unknown,Match,Possible,Yes,Outside Period,Yes,Uncertain,No,No,Complex,High,Contradictory dates,Manual Review
CLM-1485,PRD-1485,Washing Machine,Dawlance,DWT-1167,SN28085930,2024-04-10,135000,City Appliances,24,2024-04-10,2026-03-31,2026-06-29,27,2026-04-12,Drainage failure,Drainage failure; synthetic claim scenario: borderline warranty date.,Mechanical,Active,Uncertain,Missing,Available,Available,Available,Missing,Missing,3,1,2026-03-30,Independent Repair Shop,Unknown,Control Board,Mismatch,Match,Possible,Possible,Uncertain,Unknown,Yes,No,No,Complex,High,Borderline warranty date,Manual Review
CLM-1486,PRD-1486,Microwave,Samsung,MS23,SN63127944,2024-02-02,45000,Digital Hub,12,2024-02-02,2025-01-27,2024-11-28,10,2024-10-09,Heating failure,Heating failure; synthetic claim scenario: missing evidence.,Software/Firmware,Expired,Covered,Missing,Missing,Available,Available,Missing,Not Required,3,2,2024-09-04,Authorized Service Center B,Unauthorized,Battery,Unknown,Unknown,Yes,Yes,Outside Period,Yes,Uncertain,No,No,Complex,Medium,Missing evidence,Manual Review
CLM-1487,PRD-1487,Microwave,Samsung,MS23,SN14542798,2025-02-02,45000,TechWorld,12,2025-02-02,2026-01-28,2026-02-27,13,2026-02-21,Control panel issue,Control panel issue; synthetic claim scenario: multiple rule warnings.,Water/Liquid,Active,Covered,Missing,Missing,Available,Available,Available,Not Required,2,0,,,Not Applicable,None,Mismatch,Match,Possible,No,Within Period,Yes,No,No,No,Complex,High,Multiple rule warnings,Manual Review
CLM-1488,PRD-1488,Air Conditioner,Orient,Ultron,SN79126897,2025-02-02,165000,Digital Hub,18,2025-02-02,2026-07-27,2027-01-23,24,2026-12-04,Cooling failure,Cooling failure; synthetic claim scenario: duplicate indicator.,Physical,Active,Not Covered,Available,Available,Missing,Available,Missing,Available,2,0,,,Not Applicable,None,Unknown,Mismatch,Yes,No,Outside Period,No,No,No,No,Complex,Medium,Duplicate indicator,Manual Review
CLM-1489,PRD-1489,Printer,HP,LaserJet M404,SN78718631,2023-01-18,72000,Mega Electronics,12,2023-01-18,2024-01-13,2024-07-11,18,2024-04-22,Connectivity issue,Connectivity issue; synthetic claim scenario: low-confidence scenario.,Physical,Active,Not Covered,Available,Available,Available,Available,Available,Available,0,2,2024-05-09,Authorized Service Center A,Unknown,Battery,Mismatch,Mismatch,Yes,No,Uncertain,No,Yes,Yes,No,Complex,Medium,Low-confidence scenario,Manual Review
CLM-1490,PRD-1490,Microwave,Samsung,MS23,SN97663449,2025-06-15,45000,TechWorld,12,2025-06-15,2026-06-10,2026-12-07,18,2026-09-28,Heating failure,Heating failure; synthetic claim scenario: multiple rule warnings.,Electrical,Active,Uncertain,Missing,Available,Available,Available,Available,Missing,2,2,2026-09-03,Authorized Service Center A,Authorized,Control Board,Match,Mismatch,Yes,Yes,Uncertain,Unknown,Uncertain,No,No,Complex,Medium,Multiple rule warnings,Manual Review
CLM-1491,PRD-1491,Printer,HP,LaserJet M404,SN94082879,2023-06-04,72000,Mega Electronics,12,2023-06-04,2024-05-29,2024-04-29,11,2024-03-07,Connectivity issue,Connectivity issue; synthetic claim scenario: duplicate indicator.,Physical,Expired,Not Covered,Missing,Available,Missing,Missing,Missing,Missing,5,1,2023-10-15,Authorized Service Center A,Unauthorized,Screen,Match,Unknown,Possible,Yes,Uncertain,Unknown,No,No,No,Complex,Medium,Duplicate indicator,Manual Review
CLM-1492,PRD-1492,Washing Machine,Dawlance,DWT-1167,SN31318853,2025-02-04,135000,TechWorld,24,2025-02-04,2027-01-25,2026-12-26,23,2026-10-05,Control panel failure,Control panel failure; synthetic claim scenario: serial mismatch.,Physical,Expired,Covered,Missing,Available,Available,Missing,Available,Not Required,2,0,,,Not Applicable,None,Mismatch,Match,No,Possible,Outside Period,Yes,No,No,No,Complex,Medium,Serial mismatch,Manual Review
CLM-1493,PRD-1493,Microwave,Samsung,MS23,SN38876693,2024-02-11,45000,City Appliances,12,2024-02-11,2025-02-05,2025-05-06,15,2025-03-18,Heating failure,Heating failure; synthetic claim scenario: multiple rule warnings.,Water/Liquid,Expired,Uncertain,Available,Available,Missing,Missing,Missing,Not Required,3,2,2024-08-03,Authorized Service Center B,Authorized,Screen,Unknown,Unknown,No,No,Uncertain,Yes,Yes,No,No,Complex,Medium,Multiple rule warnings,Manual Review
CLM-1494,PRD-1494,Refrigerator,Haier,HRF-758,SN29104097,2023-04-16,180000,Smart Mart,24,2023-04-16,2025-04-05,2025-03-06,23,2025-01-14,Door seal failure,Door seal failure; synthetic claim scenario: low-confidence scenario.,Water/Liquid,Active,Covered,Available,Missing,Missing,Available,Missing,Missing,4,0,,,Not Applicable,None,Match,Unknown,No,No,Outside Period,No,Yes,No,No,Complex,High,Low-confidence scenario,Manual Review
CLM-1495,PRD-1495,Printer,HP,LaserJet M404,SN16134838,2023-11-10,72000,Mega Electronics,12,2023-11-10,2024-11-04,2025-03-04,16,2025-01-23,Paper feed failure,Paper feed failure; synthetic claim scenario: low-confidence scenario.,Normal Wear,Expired,Covered,Available,Available,Missing,Available,Available,Not Required,1,1,2024-10-19,Authorized Service Center A,Authorized,Screen,Mismatch,Unknown,Possible,No,Uncertain,Yes,Uncertain,No,Yes,Complex,Medium,Low-confidence scenario,Manual Review
CLM-1496,PRD-1496,Refrigerator,Haier,HRF-758,SN71249525,2023-10-29,180000,City Appliances,24,2023-10-29,2025-10-18,2026-04-16,30,2026-01-29,Compressor issue,Compressor issue; synthetic claim scenario: duplicate indicator.,Mechanical,Expired,Not Covered,Missing,Missing,Available,Available,Missing,Not Required,3,1,2026-02-28,Independent Repair Shop,Authorized,Control Board,Match,Mismatch,Yes,Yes,Within Period,Yes,Uncertain,No,No,Complex,High,Duplicate indicator,Manual Review
CLM-1497,PRD-1497,Television,LG,OLED55,SN72186251,2024-05-17,210000,Digital Hub,24,2024-05-17,2026-05-07,2026-11-03,30,2026-10-28,Remote receiver failure,Remote receiver failure; synthetic claim scenario: duplicate indicator.,Software/Firmware,Active,Covered,Available,Available,Available,Available,Available,Not Required,0,1,2026-06-01,Independent Repair Shop,Authorized,Motherboard,Mismatch,Match,Possible,Possible,Within Period,Unknown,No,No,Yes,Complex,High,Duplicate indicator,Manual Review
CLM-1498,PRD-1498,Microwave,Samsung,MS23,SN87984321,2023-09-19,45000,Mega Electronics,12,2023-09-19,2024-09-13,2025-01-11,16,2025-01-08,Heating failure,Heating failure; synthetic claim scenario: conflicting model predictions.,Water/Liquid,Active,Not Covered,Missing,Missing,Missing,Missing,Available,Available,4,2,2024-05-06,Authorized Service Center B,Unknown,Motherboard,Match,Match,Yes,No,Within Period,No,Uncertain,No,No,Complex,Medium,Conflicting model predictions,Manual Review
CLM-1499,PRD-1499,Television,LG,OLED55,SN34387868,2024-05-07,210000,Mega Electronics,24,2024-05-07,2026-04-27,2026-08-25,28,2026-08-07,No display,No display; synthetic claim scenario: duplicate indicator.,Physical,Expired,Not Covered,Available,Available,Available,Available,Missing,Not Required,1,1,2025-12-28,Independent Repair Shop,Authorized,Screen,Unknown,Match,Possible,Possible,Uncertain,Yes,No,No,No,Complex,Medium,Duplicate indicator,Manual Review
CLM-1500,PRD-1500,Refrigerator,Haier,HRF-758,SN12547060,2023-12-15,180000,Digital Hub,24,2023-12-15,2025-12-04,2026-06-02,30,2026-03-22,Thermostat failure,Thermostat failure; synthetic claim scenario: duplicate indicator.,Water/Liquid,Active,Covered,Missing,Missing,Missing,Available,Available,Missing,4,0,,,Not Applicable,None,Match,Match,Possible,Yes,Within Period,Yes,Uncertain,No,No,Complex,Medium,Duplicate indicator,Manual Review
